index,t_step,t_clock,tau,dt,speed,S_projection_raw,S_projection_norm,S_temporal_raw,S_temporal_norm,S_combined_raw,S_combined_norm,S_memory_raw,S_memory_norm
1,0,0,0,1,0,0.349101102933493,0,0,0,0,0,0,0
2,1,1,0.000500250125062531,1,2.33828024868469,2.50200753286185,0.219845336383496,2.33828024868469,0.222959642642919,0.176966276297595,0.17912017127198,0.0265449414446393,0.0277205597747309
3,2,2,0.00100050025012506,1,1.5052995322747,1.7351821575702,0.141540501470628,1.5052995322747,0.143533285189108,0.119238863766898,0.120690145868732,0.0404490297929781,0.0422404302734885
4,3,3,0.00150075037518759,1,1.51008018133091,1.73967094748261,0.141998876955289,1.51008018133091,0.143989129524181,0.122385495921939,0.123875076366976,0.0527394997123222,0.0550752186556461
5,4,4,0.00200100050025012,1,1.50981623256996,1.73951525280248,0.141982978099281,1.50981623256996,0.143963961488206,0.124827626608013,0.126346930755902,0.0635527187466758,0.0663673318902598
6,5,5,0.00250125062531266,1,1.52030124730036,1.74925596555279,0.142977656846782,1.52030124730036,0.144963728363332,0.127787794257553,0.129343127248661,0.0731879800733075,0.0764293182053204
7,6,6,0.00300150075037519,1,2.35141850214958,2.51454031795823,0.221125129279757,2.35141850214958,0.224212401074733,0.192618244566709,0.194962643045487,0.0911025197473176,0.0951372542882035
8,7,7,0.00350175087543772,1,2.35789393775111,2.52058947210237,0.221742842297455,2.35789393775111,0.224829846656154,0.196695229312972,0.199089249658353,0.106941426182166,0.111677631802664
9,8,8,0.00400200100050025,1,2.35764442087064,2.5204470646354,0.22172830027322,2.35764442087064,0.224806054728503,0.199848139514358,0.202280534614408,0.120877433181995,0.126230834561295
10,9,9,0.00450225112556278,1,1.53697622722418,1.76495764204865,0.144581042996329,1.53697622722418,0.146553720652317,0.140530758213058,0.142241188585411,0.123825431936654,0.129309393836508
11,10,10,0.00500250125062531,1,1.53603049659989,1.76417424116189,0.144501045543082,1.53603049659989,0.146463543368329,0.141052797060633,0.142769581281153,0.126409536705251,0.132007943044139
12,11,11,0.00550275137568784,1,1.55681415736804,1.78339676090257,0.146463964720516,1.55681415736804,0.148445306495432,0.143146548738684,0.144888816465504,0.128920088510266,0.134629681785722
13,12,12,0.00600300150075038,1,2.20149607803028,2.3770329327155,0.207083479840812,2.20149607803028,0.20991700165689,0.19244253421033,0.194784794080208,0.138448455365276,0.144580039503057
14,13,13,0.00650325162581291,1,1.57130839499041,1.79691602321235,0.147844492331394,1.57130839499041,0.149827360696371,0.146659288865912,0.148444310915559,0.139680080390371,0.145866210549974
15,14,14,0.00700350175087544,1,1.57033264802523,1.79610498673643,0.147761672853319,1.57033264802523,0.14973432129496,0.146835781315304,0.148622951492875,0.140753435529111,0.146987102277877
16,15,15,0.00750375187593797,1,1.58454822104918,1.80928036784762,0.149107084828548,1.58454822104918,0.15108980427574,0.148130306775178,0.149933232903208,0.141859966216021,0.148142638827582
17,16,16,0.0080040020010005,1,2.41998674147156,2.57854324383456,0.227660826592565,2.41998674147156,0.230750518199265,0.211582046579601,0.214157257610383,0.152318278270558,0.159064127016027
18,17,17,0.00850425212606303,1,1.60325101129793,1.8266743806407,0.150883284918061,1.60325101129793,0.152873152286583,0.151866737167543,0.153715140201189,0.152250547105106,0.158993396183019
19,18,18,0.00900450225112556,1,2.21723756925834,2.39204979821747,0.208616936103385,2.21723756925834,0.211417983953965,0.198324025051432,0.200737869823414,0.159161568797055,0.166210492152723
20,19,19,0.00950475237618809,1,1.62074136714221,1.84295212349214,0.152545496430364,1.62074136714221,0.154540892280937,0.154567099451403,0.156448369180748,0.158472398395207,0.165490799876918
21,20,20,0.0100050025012506,1,1.62046629907057,1.84278619143154,0.152528552178086,1.62046629907057,0.154514663996714,0.15441246055803,0.156291848143827,0.15786340771963,0.164854838314909
22,21,21,0.0105052526263132,1,2.23076814000945,2.40476914601032,0.209915779961726,2.23076814000945,0.212708150614321,0.200482635241715,0.202922752927033,0.164256291847943,0.17153084952335
23,22,22,0.0110055027513757,1,2.23007083409411,2.40421446598,0.209859138476451,2.23007083409411,0.212641661117271,0.201712452075037,0.204167538128069,0.169874715882007,0.177398101466658
24,23,23,0.0115057528764382,1,1.66452952713436,1.88361649307995,0.156697963015339,1.66452952713436,0.158716179870751,0.160039689488067,0.161987567299039,0.168399461922916,0.175857511684564
25,24,24,0.0120060030015008,1,1.66424002316175,1.88343727010457,0.156679661553296,1.66424002316175,0.158688575094842,0.159726741366761,0.161670810218197,0.167098553839493,0.174498989181767
26,25,25,0.0125062531265633,1,2.25760508073681,2.42982678547739,0.212474555903419,2.25760508073681,0.215267105948083,0.204376748006266,0.206864261783589,0.172690282964509,0.180338363955954
27,26,26,0.0130065032516258,1,2.25686732190067,2.42923486105729,0.212414111184855,2.25686732190067,0.215196759185091,0.205443272340868,0.207943767017448,0.177603231370963,0.185468896274336
28,27,27,0.0135067533766883,1,1.78663325382757,1.99638481546689,0.168213368155071,1.78663325382757,0.170359011513451,0.170842315973682,0.172921674897239,0.176589094061371,0.184409845005794
29,28,28,0.0140070035017509,1,2.63491191155524,2.77746941085388,0.247974291913626,2.63491191155524,0.251244057903833,0.234841670439748,0.237699979403009,0.185326980518127,0.193534713649203
30,29,29,0.0145072536268134,1,1.82773728487752,2.03440331043396,0.172095649660035,1.82773728487752,0.174278362104226,0.17550586518712,0.177641985180774,0.183853813218476,0.191996302940205
31,30,30,0.0150075037518759,1,1.82673747694147,2.03357012138759,0.172010568058893,1.82673747694147,0.174183028441694,0.17513957822479,0.177271240060291,0.182546677969423,0.190631277484014
32,31,31,0.0155077538769385,1,2.73555044986128,2.8703877413724,0.257462703181792,2.73555044986128,0.260840141414115,0.243661601520631,0.246627259780194,0.191713916502104,0.200204513282797
33,32,32,0.016008004002001,1,2.73530916704354,2.87025291488193,0.257448935293536,2.73530916704354,0.260817134620618,0.245480801299729,0.248468601434814,0.199778949221748,0.208626728945103
34,33,33,0.0165082541270635,1,2.78472040282499,2.91583240813966,0.262103312691521,2.78472040282499,0.265528593599316,0.250837288315295,0.253890283416927,0.20743770008578,0.216624669402758
35,34,34,0.0170085042521261,1,2.78399903415257,2.91525557389436,0.262044408915244,2.78399903415257,0.265459809670825,0.252318457413805,0.255389480146149,0.214169813684984,0.223654933825312
36,35,35,0.0175087543771886,1,2.85282739489813,2.97871211919784,0.268524312246873,2.85282739489813,0.272022729887151,0.258877858708592,0.262028717338371,0.220876020438525,0.230658144043761
37,36,36,0.0180090045022511,1,2.85257519938204,2.97856724555174,0.268509518387271,2.85257519938204,0.2719986825463,0.260204026253182,0.263371025956103,0.226775221310724,0.236818607827114
38,37,37,0.0185092546273137,1,2.06199168313719,2.25077632852038,0.194190710682778,2.06199168313719,0.196614981913973,0.201556107739285,0.204009290891459,0.222992354275008,0.23286820575137
39,38,38,0.0190095047523762,1,2.06098310694984,2.24993506667821,0.194104804723231,2.06098310694984,0.196518812181351,0.200727217243928,0.203170311789902,0.219652583720346,0.229380523946252
40,39,39,0.0195097548774387,1,2.14021795389062,2.32297270576716,0.201563087215657,2.14021795389062,0.204074011421784,0.206059809988739,0.208567808678903,0.217613667660605,0.227251308682109
41,40,40,0.0200100050025013,1,2.13988907109989,2.32275722731203,0.201541083503469,2.13988907109989,0.204042651797747,0.205631149237893,0.208133930604981,0.215816289897198,0.225374328925638
42,41,41,0.0205102551275638,1,2.20573192850463,2.38346506503365,0.207740300905346,2.20573192850463,0.210320898370546,0.210258707816536,0.21281781220389,0.214982652585099,0.224503771611029
43,42,42,0.0210105052526263,1,2.47856614300131,2.63474670143001,0.233400076505715,2.47856614300131,0.236336179900277,0.230744227909688,0.233552666010218,0.217346888883787,0.226972714847392
44,43,43,0.0215107553776888,1,2.29576307602612,2.46653001302746,0.216222528084158,2.29576307602612,0.218905546207098,0.217386456587113,0.220032314352436,0.217352824039286,0.226978912858155
45,44,44,0.0220110055027514,1,2.29540886787856,2.46629121790095,0.216198143376032,2.29540886787856,0.218871771760239,0.217364849443155,0.220010444223238,0.217354627849867,0.226980796555624
46,45,45,0.0225112556278139,1,2.36619110420476,2.53154666677592,0.222861742829006,2.36619110420476,0.225620997874446,0.222726059099082,0.225436906325993,0.218160342537249,0.227822194612558
47,46,46,0.0230115057528764,1,3.20543350638004,3.30431171891913,0.301773111419924,3.20543350638004,0.305644419440377,0.286405515450548,0.289891419167749,0.228397118474244,0.238512335325575
48,47,47,0.023511755877939,1,2.45102056923139,2.60982250470024,0.23085492714949,2.45102056923139,0.2337096550055,0.231362520164044,0.234178483633855,0.228841928727714,0.23897684526791
49,48,48,0.0240120060030015,1,2.45062939817509,2.60954967838504,0.230827067326041,2.45062939817509,0.233672356072246,0.231425890667547,0.234242625433516,0.229229523018689,0.239381605275903
50,49,49,0.024512256128064,1,2.52348919523812,2.67671790587626,0.23768599131912,2.52348919523812,0.240619681708404,0.237021489295283,0.23990632930715,0.230398317960178,0.240602163630026
51,50,50,0.0250125062531266,1,2.67935363676005,2.82030724884021,0.252348703532788,2.67935363676005,0.255481664228256,0.24905516266168,0.252086467125021,0.233196844665403,0.243524631060409
52,51,51,0.0255127563781891,1,2.73151367348046,2.86841752137345,0.257261512980305,2.73151367348046,0.260455226808689,0.253566379157259,0.25665259061611,0.236252274839182,0.246715379661094
53,52,52,0.0260130065032516,1,2.59877058098087,2.74629029115604,0.244790417332351,2.59877058098087,0.247797910610738,0.244135411481153,0.247106836584625,0.237434745335477,0.247950219230915
54,53,53,0.0265132566283142,1,2.65621402915002,2.7992649203653,0.250199953490729,2.65621402915002,0.253275256913936,0.248723268057801,0.251750532959852,0.239128023743826,0.24971848929592
55,54,54,0.0270135067533767,1,2.77180548083675,2.90577553325708,0.26107634885752,2.77180548083675,0.264297130265151,0.257813957327452,0.26095186698251,0.24193091378137,0.25264551330122
56,55,55,0.0275137568784392,1,2.81849992412622,2.94885371693029,0.265475303521212,2.81849992412622,0.268749537710787,0.261912407539595,0.265100200322102,0.244928137845103,0.25577547796851
57,56,56,0.0280140070035018,1,2.72028546495771,2.85851647499741,0.256250461668075,2.72028546495771,0.259384594936757,0.255082943547519,0.258187613440864,0.246451358700466,0.257366158997483
58,57,57,0.0285142571285643,1,2.76548127779593,2.90021489237546,0.260508520665762,2.76548127779593,0.26369410500726,0.258812042792227,0.261962100362197,0.24830546131423,0.259302375825858
59,58,58,0.0290145072536268,1,2.76446202875303,2.89936380419729,0.260421611283998,2.76446202875303,0.26359691759677,0.259109738499515,0.262263419388578,0.249926102892023,0.260994792131402
60,59,59,0.0295147573786893,1,2.8087111162775,2.9401905859579,0.264590662685789,2.8087111162775,0.26781615553768,0.262786673225197,0.265985106885198,0.251855188441999,0.263009312728865
61,60,60,0.0300150075037519,1,2.88429937915813,3.00987087048726,0.271706106895858,2.88429937915813,0.275023645781566,0.268897061815084,0.272169866341391,0.254411469447962,0.265678805919294
62,61,61,0.0305152576288144,1,2.8410076083419,2.97010011355052,0.267644892104803,2.8410076083419,0.270895689880644,0.266135986794979,0.26937518567769,0.256170147050014,0.267515371567549
63,62,62,0.0310155077538769,1,3.65862778130709,3.72295790766,0.344523419055202,3.65862778130709,0.348857389161346,0.328369654191315,0.332366312553012,0.267000073121209,0.278824931757712
64,63,63,0.0315157578789395,1,3.70036478071706,3.76147184804737,0.348456293267574,3.70036478071706,0.352837094536127,0.333698329682294,0.337759844510435,0.277004811605372,0.289272758578471
65,64,64,0.032016008004002,1,2.88339559813109,3.00938804876316,0.271656803264788,2.88339559813109,0.274937468474577,0.273874637756331,0.277208025440225,0.276535285528016,0.2887824382016
66,65,65,0.0325162581290645,1,2.96189805729423,3.08175138954879,0.279046229379968,2.96189805729423,0.282422833093061,0.27972585190916,0.283130455991011,0.277013870485188,0.289282218656578
67,66,66,0.0330165082541271,1,2.90291859448161,3.02753721285679,0.273510116084044,2.90291859448161,0.276799024758123,0.2753619850002,0.278713475510354,0.27676608766244,0.289023462065856
68,67,67,0.0335167583791896,1,2.9052283030315,3.02975104537385,0.2737361829245,2.9052283030315,0.277019260032822,0.275491240860001,0.27884430457129,0.276574860642074,0.288823766012291
69,68,68,0.0340170085042521,1,2.90435404622916,3.02903344934941,0.273662905174391,2.90435404622916,0.276935897919004,0.275390843728542,0.278742685484545,0.276397258105044,0.288638297841109
70,69,69,0.0345172586293147,1,3.72022600094718,3.78028168547079,0.3503770711417,3.72022600094718,0.354730901134994,0.337104949032022,0.341207926563964,0.285503411744091,0.298147743427777
71,70,70,0.0350175087543772,1,3.71930096318545,3.7795173361883,0.350299019154495,3.71930096318545,0.354642696956345,0.338860184903062,0.342984525791913,0.293506927717936,0.306505717900002
72,71,71,0.0355177588794397,1,3.70961061524789,3.77068289895511,0.349396885277104,3.70961061524789,0.353718703130345,0.339731530013905,0.3438664762333,0.300440618062332,0.313746486467984
73,72,72,0.0360180090045022,1,2.90505972943142,3.03003243689657,0.273764917389272,2.90505972943142,0.277003186206918,0.28023345161006,0.283644233798088,0.297409543094491,0.310581171712894
74,73,73,0.0365182591295648,1,2.90491408514319,3.02998566334766,0.273760141080161,2.90491408514319,0.276989298736212,0.279620226662645,0.283023545156686,0.294741145629714,0.307794596666972
75,74,74,0.0370185092546273,1,2.90371316203924,3.02896731062076,0.273656151378291,2.90371316203924,0.276874788344975,0.278999673166915,0.282395438769615,0.292379924760294,0.305328802406751
76,75,75,0.0375187593796898,1,2.88582152359,3.01258206977525,0.271982962643598,2.88582152359,0.27516878526122,0.277177392983105,0.280550979218007,0.290099544993716,0.302947429527841
77,76,76,0.0380190095047524,1,2.88474412742852,3.01167744642815,0.271890586485824,2.88474412742852,0.275066053408063,0.276643791610186,0.280010883266915,0.288081181986186,0.30083967756636
78,77,77,0.0385192596298149,1,2.90318486310781,3.02874287062403,0.273633232552887,2.90318486310781,0.276824413997833,0.277639735945278,0.281018949456764,0.28651496508005,0.299204096284055
79,78,78,0.0390195097548774,1,2.90191576185386,3.02766174730993,0.27352283299471,2.90191576185386,0.27670340268526,0.27723445880347,0.280608739598864,0.285122889138563,0.29775036829496
80,79,79,0.03951975987994,1,2.89240138441869,3.01898932344562,0.272637243210034,2.89240138441869,0.275796187994417,0.276240003070274,0.279602180129007,0.28379045622832,0.296358924798607
81,80,80,0.0400200100050025,1,2.89109694372867,3.01787566364947,0.272523521169401,2.89109694372867,0.275671806996776,0.275878808220766,0.279236589098558,0.282603709027187,0.295119619117895
82,81,81,0.040520260130065,1,2.89564258798656,3.02214808821332,0.272959802376219,2.89564258798656,0.276105243159909,0.275989487980704,0.279348615965886,0.281611575870214,0.294083546518538
83,82,82,0.0410205102551276,1,3.6806539391932,3.74498343539487,0.346772569081688,3.6806539391932,0.350957626844081,0.335205140656231,0.339284995207916,0.289650610588117,0.302478612783555
84,83,83,0.0415207603801901,1,2.88781158763492,3.01511284299778,0.272241394075026,2.88781158763492,0.275358541800686,0.276814239081625,0.280183405291539,0.287725154862143,0.300467882767188
85,84,84,0.0420210105052526,1,2.98711526873448,3.1066275528898,0.281586473777779,2.98711526873448,0.284827344038373,0.28394851458586,0.287404513612036,0.2871586588207,0.299876297835207
86,85,85,0.0425212606303152,1,3.0159369796783,3.13325058334473,0.284305100562737,3.0159369796783,0.287575551134595,0.28602046991448,0.289501687158855,0.286987930484767,0.299698008308694
87,86,86,0.0430215107553777,1,3.79514077509358,3.85073900211475,0.357571862454012,3.79514077509358,0.361874172897116,0.34496088471525,0.34915947854619,0.29568387361934,0.308779076050445
88,87,87,0.0435217608804402,1,3.03172787369077,3.14796365749916,0.285807534988939,3.03172787369077,0.289081244084793,0.288928600898568,0.292445213636608,0.294670582711224,0.307720908668678
89,88,88,0.0440220110055028,1,3.09715494709064,3.20828868920247,0.291967661923764,3.09715494709064,0.295319844831053,0.293681510098807,0.297255971526745,0.294522221819361,0.307565977192198
90,89,89,0.0445222611305653,1,3.13038237414306,3.23896799556425,0.295100497765283,3.13038237414306,0.298488145664846,0.296170519340946,0.299775275040821,0.294769466447599,0.307824171752933
91,90,90,0.0450225112556278,1,3.12892939986568,3.23771758315015,0.294972811148729,3.12892939986568,0.298349601696117,0.296114018900089,0.29971808692083,0.294971149315472,0.30803478672099
92,91,91,0.0455227613806903,1,3.18457819483527,3.28903990241589,0.300213620682348,3.18457819483527,0.303655824270125,0.300369897664695,0.304025764909981,0.295780961567856,0.308880463815261
93,92,92,0.0460230115057529,1,3.18292968404632,3.28760946250541,0.300067550449604,3.18292968404632,0.303498635508597,0.300411112443902,0.304067481323214,0.296475484199263,0.309605745359354
94,93,93,0.0465232616308154,1,3.18811599611785,3.29247174019478,0.300564064863491,3.18811599611785,0.303993160613855,0.300946532243273,0.304609417833222,0.297146141405864,0.310306104530336
95,94,94,0.0470235117558779,1,3.1865169996642,3.29108688738078,0.300422649784552,3.1865169996642,0.303840693142047,0.300963663283938,0.304626757379503,0.297718769687575,0.31090409328631
96,95,95,0.0475237618809405,1,3.27153385031842,3.3694479294712,0.308424534779759,3.27153385031842,0.311947217863006,0.307516320840459,0.311259168753955,0.299188402360508,0.312438812827579
97,96,96,0.048024012006003,1,3.26959809124357,3.36775302442663,0.308251458530611,3.26959809124357,0.311762639409754,0.30766776060429,0.311412451724035,0.300460306097075,0.313767046443417
98,97,97,0.0485242621310655,1,3.33750992809921,3.43036574010489,0.31464519369198,3.33750992809921,0.318238167261933,0.313065756922483,0.31687614822751,0.302351123720886,0.31574160431062
99,98,98,0.0490245122561281,1,3.33583993919513,3.42891552562002,0.314497104166666,3.33583993919513,0.318078930519682,0.313321547301066,0.317135051886332,0.303996687257913,0.317460046315339
100,99,99,0.0495247623811906,1,3.31781408042136,3.41240671016027,0.312811296535833,3.31781408042136,0.316360129262736,0.312290466134665,0.316091421207171,0.305240754089426,0.318759210189504
101,100,100,0.0500250125062531,1,3.31573584139294,3.41058062598645,0.312624824850916,3.31573584139294,0.316161965064341,0.312386009773317,0.316188127728195,0.30631254244201,0.319878465741664
102,101,101,0.0505252626313157,1,3.31707262421833,3.41189870056583,0.312759420830218,3.31707262421833,0.316289429948504,0.312705548343977,0.316511555472181,0.307271493327305,0.320879886497942
103,102,102,0.0510255127563782,1,3.73728042366348,3.7988649583035,0.352274713236229,3.73728042366348,0.356357074044099,0.344702895537199,0.348898349325835,0.312886203658789,0.326743260266775
104,103,103,0.0515257628814407,1,3.90613281860813,3.95441211272176,0.368158504566499,3.90613281860813,0.372457483589721,0.358608687043084,0.362973391239572,0.319744576166433,0.333905375333106
105,104,104,0.0520260130065033,1,3.45244144197444,3.53679267188801,0.325513043911974,3.45244144197444,0.329197114238646,0.325648774977201,0.329612316927186,0.320630205988048,0.334830227793586
106,105,105,0.0525262631315658,1,3.49751743418597,3.57838077223492,0.329759837819604,3.49751743418597,0.333495199175604,0.329241287927893,0.333248555133061,0.321921868279025,0.336179095027686
107,106,106,0.0530265132566283,1,3.9580050818277,4.00243207443391,0.373062091870142,3.9580050818277,0.377403606398148,0.364353577236721,0.368788203739172,0.328286624622679,0.342825732732419
108,107,107,0.0535267633816908,1,4.02234944496233,4.06176027124029,0.379120426409261,4.02234944496233,0.383538968580955,0.370500155812037,0.375009593656966,0.334618654301083,0.349438194378327
109,108,108,0.0540270135067534,1,3.539597936524,3.61738560842141,0.333742840152078,3.539597936524,0.33750765823341,0.335235689310345,0.339315915676333,0.334711209552472,0.349534848702616
110,109,109,0.0545272636318159,1,3.56428275012674,3.6401998603259,0.336072531222045,3.56428275012674,0.339861403992785,0.337126372357889,0.341229610637782,0.335073483973285,0.349913167477887
111,110,110,0.0550275137568784,1,3.56229639097064,3.63845836855505,0.335894697741291,3.56229639097064,0.33967200072179,0.337052511030864,0.341154850328508,0.335370338031922,0.350223168563931
112,111,111,0.055527763881941,1,3.58395841732834,3.65848958615335,0.337940197587384,3.58395841732834,0.341737517743691,0.338755287730999,0.342878351893593,0.335878080486783,0.350753397839423
113,112,112,0.0560280140070035,1,3.58136872691343,3.65619261645595,0.3377056411437,3.58136872691343,0.34149058564486,0.338664859587723,0.342786823129749,0.336296097351924,0.351189927771921
114,113,113,0.056528264132066,1,3.58875638776375,3.66308164253171,0.338409118189393,3.58875638776375,0.3421950137065,0.339311577452887,0.343441412338475,0.336748419367069,0.351662282155689
115,114,114,0.0570285142571286,1,4.1101585335453,4.14321599799419,0.387438326992228,4.1101585335453,0.391911738706465,0.378866039567179,0.383477300399818,0.343066062397085,0.358259719999514
116,115,115,0.0575287643821911,1,4.12258008630791,4.15473965189849,0.388615071849198,4.12258008630791,0.393096158309967,0.381073650220044,0.385711780361288,0.348767200570529,0.364213349313428
117,116,116,0.0580290145072536,1,4.12009698483372,4.15254081701992,0.388390536501628,4.12009698483372,0.392859389677275,0.382029967926885,0.386679737618589,0.353756615673982,0.369423734874258
118,117,117,0.0585292646323162,1,4.1255430160144,4.15764221414846,0.388911468741022,4.1255430160144,0.393378679512849,0.383444021897754,0.388111002347378,0.358209726607548,0.374074064507679
119,118,118,0.0590295147573787,1,4.12358883935817,4.15593035231645,0.388736660939313,4.12358883935817,0.393192344906816,0.384190763461586,0.388866832664927,0.362106882135654,0.378143816667184
120,119,119,0.0595297648824412,1,4.12492993750603,4.15725239994768,0.388871662629198,4.12492993750603,0.393320221265504,0.385075702053196,0.389762542036287,0.365552205123285,0.381741725595372
121,120,120,0.0600300150075038,1,4.12231219517527,4.15492960327741,0.388634468848629,4.12231219517527,0.39307061436106,0.385570667032911,0.390263531342244,0.368554974409729,0.384877481071352
122,121,121,0.0605302651325663,1,4.11996662137904,4.15285738804317,0.388422863342279,4.11996662137904,0.392846959264246,0.385997719128457,0.390695781181573,0.371171386117538,0.387609768023007
123,122,122,0.0610305152576288,1,4.11792520628135,4.15106520710309,0.388239853706488,4.11792520628135,0.392652306300417,0.386370518596573,0.391073118072963,0.373451255989394,0.389990608425054
124,123,123,0.0615307653826913,1,4.1049010616207,4.13916139386089,0.387024288649829,4.1049010616207,0.391410428368591,0.385844831019309,0.390541032238051,0.375310292243881,0.391931977394482
125,124,124,0.0620310155077539,1,4.10216731227314,4.13673179129217,0.386776188320631,4.10216731227314,0.39114975996584,0.386013759181104,0.390712016461183,0.376915812284464,0.393608602462476
126,125,125,0.0625312656328164,1,4.09554976259077,4.13072643274265,0.386162947516446,4.09554976259077,0.390518763525964,0.385838056073381,0.390534174832785,0.378254148852802,0.395006211077236
127,126,126,0.0630315157578789,1,3.50455159297665,3.5866907130374,0.330608412428167,3.50455159297665,0.334165920117265,0.341382687404278,0.345537730218795,0.372723429635523,0.389230548208302
128,127,127,0.0635317658829415,1,3.48041546559501,3.56455626607359,0.328348140049035,3.48041546559501,0.33186449267339,0.338453921384857,0.342573317552214,0.367583003397923,0.38386246355518
129,128,128,0.064032016008004,1,4.07023329491275,4.10767990226546,0.383809537180169,4.07023329491275,0.38810478830223,0.382067568316441,0.386717795650651,0.369755688135701,0.386131371824231
130,129,129,0.0645322661330665,1,4.05969866243891,4.09806814508275,0.3828280268081,4.05969866243891,0.387100290277211,0.381708851287809,0.386354712599173,0.371548662608517,0.388003753277847
131,130,130,0.0650325162581291,1,3.46620522898406,3.5517350738576,0.327038896286102,3.46620522898406,0.330509518530136,0.337155567335997,0.341259160954308,0.366389698317639,0.382616309560963
132,131,131,0.0655327663831916,1,3.42009494517474,3.50936935481591,0.322712695377241,3.42009494517474,0.326112811845352,0.33263813672916,0.336686747718662,0.361326964079367,0.377329357718621
133,132,132,0.0660330165082541,1,3.41660545334579,3.50624395162285,0.322393542948338,3.41660545334579,0.325780081903495,0.331365515808849,0.3353986374528,0.356832746838789,0.372636101268314
134,133,133,0.0665332666333167,1,3.40919472157952,3.49950832237558,0.321705730112149,3.40919472157952,0.325073453984426,0.329909836812774,0.333925241071585,0.352794310334887,0.36841881110264
135,134,134,0.0670335167583792,1,3.40652004392309,3.4971331062157,0.321463183483836,3.40652004392309,0.324818418184162,0.32890374099916,0.332906899847365,0.349210724934528,0.364676516417015
136,135,135,0.0675337668834417,1,3.38148283686935,3.47416904888346,0.319118194942413,3.38148283686935,0.322431071012831,0.326296207565482,0.330267629558079,0.345773547329171,0.361087113612553
137,136,136,0.0680340170085043,1,3.37763616759199,3.47071479783848,0.318765462017108,3.37763616759199,0.322064283495411,0.325321666596927,0.329281227239789,0.342705765219335,0.357883466035144
138,137,137,0.0685342671335668,1,3.36957773481328,3.46338284010639,0.318016754738634,3.36957773481328,0.321295896004813,0.324102256277937,0.328046975213029,0.339915238878125,0.354969353287682
139,138,138,0.0690345172586293,1,3.36676723498298,3.46088257453391,0.317761438614259,3.36676723498298,0.321027909291858,0.323335463404192,0.327270849536721,0.337428272557035,0.352372244580349
140,139,139,0.0695347673836918,1,3.34086956621329,3.43712630316854,0.315335552659842,3.34086956621329,0.318558515395458,0.320882133596746,0.324787659719485,0.334946351712992,0.349780404803383
141,140,140,0.0700350175087544,1,3.3370368349861,3.43368488467467,0.314984130138221,3.3370368349861,0.318193056898667,0.320099698819331,0.3239957017585,0.332719353778943,0.347454777923483
142,141,141,0.0705352676338169,1,3.32741679068697,3.4249151749336,0.314088605947661,3.32741679068697,0.317275766663526,0.31893026176447,0.322812031231318,0.330650989976772,0.345294810739772
143,142,142,0.0710355177588794,1,3.9332751097542,3.98280704641369,0.371058070317388,3.9332751097542,0.375045554689343,0.364372273779449,0.368807127841582,0.335709182547173,0.350577019773547
144,143,143,0.071535767883942,1,3.89898000386638,3.95131938223454,0.367842688530625,3.89898000386638,0.371775448568636,0.362792453347239,0.367208079071857,0.339771673167183,0.354819429360365
145,144,144,0.0720360180090045,1,3.29400761532145,3.39441781140116,0.31097434930771,3.29400761532145,0.314090135768905,0.317824339341023,0.321692648385921,0.336479573093259,0.351381529258987
146,145,145,0.072536268134067,1,3.28230246308575,3.38372837445165,0.309882791017369,3.28230246308575,0.312974026371402,0.316284079806459,0.320133642018117,0.333450249100239,0.348218043025624
147,146,146,0.0730365182591296,1,3.27934312508431,3.38109107583556,0.309613481681238,3.27934312508431,0.312691847644693,0.315458263252248,0.319297774271311,0.33075145122304,0.345399721198438
148,147,147,0.0735367683841921,1,3.25120654346378,3.3552734714132,0.306977101460552,3.25120654346378,0.310008968983406,0.312793125046049,0.31660019808931,0.328057702296492,0.342586671929061
149,148,148,0.0740370185092546,1,3.85156167216451,3.90809863910571,0.363429176322285,3.85156167216451,0.367254016932322,0.35769357573064,0.362047141908641,0.332503083311614,0.347228929302585
150,149,149,0.0745372686343172,1,3.83971736837908,3.89728108743782,0.362324535520338,3.83971736837908,0.36612463915956,0.357690281352321,0.362043807433729,0.33628116301772,0.351174332028194
151,150,150,0.0750375187593797,1,3.23342065382921,3.33916022976564,0.305331688087732,3.23342065382921,0.308313049258112,0.312565059483363,0.31636935669114,0.332723747487566,0.347459366220006
152,151,151,0.0755377688844422,1,3.20853583949673,3.3163364780973,0.303001026943658,3.20853583949673,0.305940233033912,0.309974293184029,0.31374705761263,0.329311329342036,0.343895819418562
153,152,152,0.0760380190095048,1,3.20438801844391,3.31260496118658,0.302619980847528,3.20438801844391,0.305544730099564,0.308981912784642,0.312742598735922,0.326261916858427,0.340711355018594
154,153,153,0.0765382691345673,1,3.19479937605529,3.30386416270758,0.301727408947902,3.19479937605529,0.304630434098646,0.307650369332768,0.311394848779571,0.323470184729578,0.337795983081753
155,154,154,0.0770385192596298,1,3.7825127211176,3.84505023220853,0.356990950289761,3.7825127211176,0.36067006299483,0.351574486624499,0.355853576040321,0.327685830013816,0.342198330223279
156,155,155,0.0775387693846923,1,3.76543976458367,3.82941873936824,0.355394730986462,3.76543976458367,0.359042122849586,0.351129537944026,0.355403211792845,0.331202386203347,0.345870627118581
157,156,156,0.0780390195097549,1,3.76181158822115,3.82616565143148,0.355062539953075,3.76181158822115,0.358696169063385,0.351562279391738,0.35584122023068,0.334256370181606,0.349059865474858
158,157,157,0.0785392696348174,1,3.75954207392741,3.82416346302599,0.354858085278505,3.75954207392741,0.358479766390442,0.352005330648303,0.356289663960291,0.336918714251611,0.351840119034181
159,158,158,0.0790395197598799,1,3.75675149567896,3.82168153895135,0.354604642107227,3.75675149567896,0.358213679239687,0.352330619532465,0.356618912006093,0.339230500043739,0.354254288843925
160,159,159,0.0795397698849425,1,3.75430859576633,3.81951971703993,0.354383886361083,3.75430859576633,0.357980743905336,0.352612109238103,0.356903827784059,0.341237741422893,0.356350426624044
161,160,160,0.080040020010005,1,3.13839540392772,3.25254511478377,0.296486933469334,3.13839540392772,0.299252203890236,0.306404939707362,0.310134260759767,0.336012821165564,0.350894105892895
162,161,161,0.0805402701350675,1,3.13532880591202,3.24980906350163,0.296207539945249,3.13532880591202,0.298959797709201,0.305131886406695,0.308845712850954,0.331380680951733,0.34605681815767
163,162,162,0.0810405202601301,1,3.13234920258916,3.2471531069119,0.295936325338905,3.13234920258916,0.298675686644046,0.30398397291827,0.307683827858209,0.327271174746714,0.341765310766763
164,163,163,0.0815407703851926,1,3.12281186411756,3.23845954317009,0.295048576842909,3.12281186411756,0.297766282573003,0.302444293429203,0.306125408595762,0.323547142549087,0.33787634919747
165,164,164,0.0820410205102551,1,3.11879450681101,3.23484814224908,0.29467979646339,3.11879450681101,0.297383219614686,0.301399463783483,0.305067862101556,0.320224990734247,0.334407066428244
166,165,165,0.0825412706353177,1,3.11776298845024,3.23398575789629,0.294591733565953,3.11776298845024,0.29728486230049,0.3006609800567,0.304320390128983,0.317290389132615,0.331342497637134
167,166,166,0.0830415207603802,1,3.75101183907812,3.81709567577488,0.354136353927758,3.75101183907812,0.357666391640034,0.348002674168026,0.352238290278875,0.321897231887926,0.336153367543845
168,167,167,0.0835417708854427,1,3.76022808259737,3.82566825014128,0.355011747520834,3.76022808259737,0.358545178672819,0.349625545297447,0.353880913725195,0.326056478899354,0.340496818654431
169,168,168,0.0840420210105053,1,3.7568976829993,3.82268932074889,0.354707552352281,3.7568976829993,0.358227618489578,0.35020936080975,0.354471834982864,0.329679411185914,0.344280202815169
170,169,169,0.0845422711355678,1,3.76241213443683,3.82785371136874,0.355234917209969,3.76241213443683,0.358753432331856,0.351355296297818,0.355631717900581,0.332930793952699,0.347675582327502
171,170,170,0.0850425212606303,1,3.76011289340494,3.82582415400692,0.355027667737946,3.76011289340494,0.358534195155684,0.351835577577105,0.356117844787603,0.33576651149636,0.350636887698518
172,171,171,0.0855427713856928,1,3.76808142998569,3.8332479835453,0.355785756561236,3.76808142998569,0.359294010866153,0.353009796554982,0.357306355439624,0.338353004255153,0.353337930655292
173,172,172,0.0860430215107554,1,3.76496757527018,3.83046842373738,0.355501920137844,3.76496757527018,0.358997098665401,0.353295449445951,0.357595485073954,0.340594371033773,0.355678562744966
174,173,173,0.0865432716358179,1,3.77171578275517,3.83676871481175,0.356145278154385,3.77171578275517,0.359640553584964,0.354258443130965,0.358570199564209,0.342643981848352,0.357818946411623
175,174,174,0.0870435217608804,1,3.76961410290323,3.83492104902773,0.355956602650348,3.76961410290323,0.359440154257722,0.35451332155253,0.358828180166385,0.344424382803979,0.359678197494032
176,175,175,0.087543771885943,1,3.77036280422702,3.83569768590041,0.356035909392225,3.77036280422702,0.359511544408536,0.354930076330285,0.359250007357032,0.346000236832924,0.361323842706576
177,176,176,0.0880440220110055,1,3.11582312430256,3.23316026272553,0.29450743762955,3.11582312430256,0.297099892420432,0.305713356647034,0.309434260291846,0.339957204805041,0.355013177795187
178,177,177,0.088544272136068,1,3.12266182464731,3.23954386920146,0.295159303448488,3.12266182464731,0.297751976013005,0.305026319117379,0.308738860679238,0.334717571951892,0.349541492879013
179,178,178,0.0890445222611306,1,3.12038152018982,3.23753174645608,0.29495383432282,3.12038152018982,0.297534544476625,0.303809830402466,0.307507565816033,0.330081410719478,0.344700006042945
180,179,179,0.0895447723861931,1,3.13283390731898,3.24908378909334,0.29613347811235,3.13283390731898,0.298721904197913,0.303829013763722,0.307526982662145,0.326143551176114,0.340587747174943
181,180,180,0.0900450225112556,1,3.12999016560706,3.24655291822533,0.295875036709795,3.12999016560706,0.298450747805852,0.302830238486679,0.306516051074335,0.322646554272699,0.336935875804447
182,181,181,0.0905452726363182,1,3.14177318942204,3.25748868822556,0.296991749447929,3.14177318942204,0.299574282412331,0.303026596950424,0.306714799459579,0.319703560674358,0.333862543353155
183,182,182,0.0910455227613807,1,3.13999642039403,3.25594016290237,0.296833620852165,3.13999642039403,0.299404863974242,0.302307543909331,0.305986994667791,0.317094158159604,0.331137576016631
184,183,183,0.0915457728864432,1,3.15758896700947,3.27222467230952,0.29849652333538,3.15758896700947,0.301082348060576,0.303121088954043,0.306810441545892,0.31499819777877,0.328948790061177
185,184,184,0.0920460230115058,1,3.82538011683638,3.88713716042971,0.361288682306122,3.82538011683638,0.364757553891556,0.353244690455554,0.357544108284863,0.320735171680287,0.334939842190441
186,185,185,0.0925462731365683,1,3.8352959887908,3.89635387207036,0.362229852364802,3.8352959887908,0.365703051878246,0.355146536057605,0.359469101662694,0.325896876336885,0.340330147637945
187,186,186,0.0930465232616308,1,3.16811693979127,3.28217957375572,0.299513074090526,3.16811693979127,0.302086211070797,0.305690432482893,0.309411057112725,0.322865909758786,0.337164946072945
188,187,187,0.0935467733866933,1,3.18979551642971,3.30222602894612,0.301560129932511,3.18979551642971,0.304153306194674,0.306728897589523,0.310462161603655,0.320445357933397,0.334637193216399
189,188,188,0.0940470235117559,1,3.1882902643657,3.30092748516787,0.301427528352725,3.1882902643657,0.304009777435677,0.306134881447893,0.309860915562583,0.318298786460571,0.332395554712607
190,189,189,0.0945472736368184,1,3.20477777833951,3.3161946078052,0.302986539773358,3.20477777833951,0.305581894475857,0.306957363256675,0.31069340797605,0.316597572979987,0.330618998148093
191,190,190,0.0950475237618809,1,3.20394342513585,3.315513750418,0.302917013611312,3.20394342513585,0.305502337249031,0.306557988758248,0.310289172603885,0.315091635346726,0.329046365777934
192,191,191,0.0955477738869435,1,3.22403289224572,3.33409713660097,0.30481466728067,3.22403289224572,0.307417907638946,0.307781195019278,0.311527266773918,0.313995069297609,0.327901235178385
193,192,192,0.096048024012006,1,3.22328167370234,3.33349282003284,0.30475295713045,3.22328167370234,0.30734627746627,0.307509041681418,0.31125180099869,0.31302216515518,0.326885243205243
194,193,193,0.0965482741370685,1,3.24104837589923,3.34993767183875,0.306432233074257,3.24104837589923,0.309040367631462,0.308663066585463,0.312419871790421,0.312368300369723,0.326202420155599
195,194,194,0.0970485242621311,1,3.90602189699568,3.96225601198116,0.36895948906228,3.90602189699568,0.37244690699477,0.35886184760014,0.363229633068738,0.319342332454285,0.333485317112602
196,195,195,0.0975487743871936,1,3.93223744434918,3.98647958720108,0.371433094031174,3.93223744434918,0.37494661124233,0.362244672739701,0.366653631307602,0.325777683497098,0.340205676003795
197,196,196,0.0980490245122561,1,3.93171596139199,3.98608678469791,0.371392982767052,3.93171596139199,0.374896886811802,0.363496289328723,0.367920481593899,0.331435474371841,0.346114038260436
198,197,197,0.0985492746373187,1,3.94061437473327,3.99436673764668,0.372238495147876,3.94061437473327,0.375745368109019,0.365305296529069,0.369751506613679,0.336515947695426,0.351419514814003
199,198,198,0.0990495247623812,1,3.28580397012909,3.39158006237096,0.310684570856848,3.28580397012909,0.313307901987695,0.31676901212036,0.320624476548507,0.333553907359166,0.348326292085759
200,199,199,0.0995497748874437,1,3.31725104523457,3.42062022573531,0.313650024624236,3.31725104523457,0.316306442745,0.31856054751349,0.322437817107911,0.331304903382314,0.34597768456278
201,200,200,0.100050025012506,1,3.31801576101983,3.42141160687944,0.31373083698627,3.31801576101983,0.316379359906363,0.318172633287511,0.322045181493659,0.329335062868094,0.343920604051414
202,201,201,0.100550275137569,1,3.33666092154468,3.43866524192581,0.315492702317655,3.33666092154468,0.318157212809144,0.319193753099764,0.323078729576868,0.327813866402844,0.342332037068435
203,202,202,0.101050525262631,1,3.97043604165533,4.02225968812417,0.375086800580573,3.97043604165533,0.378588922983889,0.366857956586188,0.37132306443349,0.333670479930346,0.348448027405245
204,203,203,0.101550775387694,1,3.99793174304189,4.04766188171927,0.377680760874509,3.99793174304189,0.381210692448355,0.370114180736522,0.374618920794998,0.339137035051272,0.354156684488085
205,204,204,0.102051025512756,1,3.3686862334495,3.46841241699941,0.318530353011435,3.3686862334495,0.321210889587984,0.323589877221194,0.327528359879532,0.336804961376761,0.351721328289308
206,205,205,0.102551275637819,1,3.38755648108672,3.48587328633151,0.320313380196685,3.38755648108672,0.323010204991749,0.324555585110973,0.328505821609726,0.334967554936893,0.349802547072439
207,206,206,0.103051525762881,1,3.38892187434257,3.48721770209968,0.320450666022341,3.38892187434257,0.323140397936996,0.324295449975381,0.328242520312914,0.333366739192666,0.348130834643963
208,207,207,0.103551775887944,1,3.41971611251746,3.51565680841737,0.323354742487507,3.41971611251746,0.326076689402828,0.326309823248901,0.330281410960937,0.332308201801101,0.34702541690937
209,208,208,0.104052026013007,1,3.42207895837948,3.51791956365065,0.323585805100586,3.42207895837948,0.326301991425248,0.326280949654321,0.330252185939568,0.331404113979084,0.346081288983373
210,209,209,0.104552276138069,1,3.44371816044248,3.53792976726748,0.325629159091307,3.44371816044248,0.328365332105545,0.327741810623846,0.331730827365157,0.330854768475798,0.345507614149975
211,210,210,0.105052526263132,1,3.44569811612732,3.53984000133,0.325824223792777,3.44569811612732,0.328554124792901,0.327785798079425,0.331775350201609,0.330394422916342,0.345026880876385
212,211,211,0.105552776388194,1,3.47542742172384,3.56729864039705,0.328628179254293,3.47542742172384,0.331388872832855,0.329947670739199,0.333963535482944,0.330327410089771,0.344956900195941
213,212,212,0.106053026513257,1,4.06575206031777,4.11088888819206,0.384137224710233,4.06575206031777,0.387677493727741,0.374614355942269,0.379173868610319,0.336970451967645,0.351894148102316
214,213,213,0.106553276638319,1,4.08159217534995,4.12555996045656,0.385635370088156,4.08159217534995,0.38918787999944,0.377145764933003,0.381736087929537,0.342996748912449,0.35818733676981
215,214,214,0.107053526763382,1,3.49629738481312,3.58677525524444,0.330617045506542,3.49629738481312,0.333378865056831,0.334059623030325,0.338125535238253,0.34165618003013,0.356787396976688
216,215,215,0.107553776888444,1,3.52457682520946,3.61289902544235,0.333284690029744,3.52457682520946,0.33607536558471,0.33593572447406,0.340024471120027,0.34079811169672,0.355891326643411
217,216,216,0.108054027013507,1,3.52847507765327,3.61657540619563,0.333660105863959,3.52847507765327,0.33644707165899,0.336063145058772,0.340153442568343,0.340087866701028,0.355149626425354
218,217,217,0.108554277138569,1,3.53903959750647,3.62638931810497,0.334662259387658,3.53903959750647,0.337454419504693,0.336724636891294,0.340822985561592,0.339583382229568,0.354622799422338
219,218,218,0.109054527263632,1,3.54209005055208,3.62928514282876,0.33495796827294,3.54209005055208,0.337745286230925,0.33685861234956,0.340958591664252,0.339174666747566,0.354195982811222
220,219,219,0.109554777388694,1,3.56802170863924,3.6532473455129,0.337404883027966,3.56802170863924,0.340217921075916,0.338743403088669,0.3428663226007,0.339109977198732,0.354128428301485
221,220,220,0.110055027513757,1,3.57259118514933,3.65754171206939,0.337843404854574,3.57259118514933,0.340653629691394,0.339080298016293,0.343207317949639,0.339105525321366,0.354123779260052
222,221,221,0.110555277638819,1,3.58718691784116,3.67106710041291,0.339224558029074,3.58718691784116,0.342045361647781,0.34018803275408,0.344328535167448,0.339267901436273,0.354293346663644
223,222,222,0.111055527763882,1,3.59077123380971,3.6744544446215,0.339570458722496,3.59077123380971,0.34238713325874,0.340495783352937,0.344640031465667,0.339452083723773,0.354485685988284
224,223,223,0.111555777888944,1,3.62155916093005,3.70288774044712,0.342473941845765,3.62155916093005,0.345322822953048,0.342866678608915,0.347039783402611,0.339964272956544,0.355020558979909
225,224,224,0.112056028014007,1,4.19688798843838,4.23267157273308,0.396573136868987,4.19688798843838,0.400181563626063,0.386514313451475,0.391218663086267,0.346946779030784,0.362312305221357
226,225,225,0.11255627813907,1,4.20832358047302,4.24328746756997,0.397657185362217,4.20832358047302,0.401271969925688,0.388780278693145,0.393512207882914,0.353221803980138,0.368865237521444
227,226,226,0.113056528264132,1,4.21206538220575,4.24681980652974,0.398017892281959,4.21206538220575,0.401628758115487,0.390322477663329,0.395073177291629,0.358786905032617,0.374676804923067
228,227,227,0.113556778389195,1,4.23698828300816,4.26985326170288,0.40036996742569,4.23698828300816,0.404005205959861,0.393325688434035,0.398112940792727,0.363967722542829,0.380087069691341
229,228,228,0.114057028514257,1,3.86544481674712,3.92786615428079,0.365447748036652,3.86544481674712,0.368577802204272,0.366247261896554,0.370704936846186,0.364309653445888,0.380444143978238
230,229,229,0.11455727863932,1,3.87502085584499,3.93676998697181,0.366356968273003,3.87502085584499,0.369490896456509,0.367044380171807,0.371511757021049,0.364719862454776,0.380872520261332
231,230,230,0.115057528764382,1,3.8585160987437,3.92166162671931,0.364814168968889,3.8585160987437,0.367917135250049,0.365881345864473,0.370334567170624,0.36489408496623,0.38105445871288
232,231,231,0.115557778889445,1,3.87715452204836,3.93890905890938,0.366575400891869,3.87715452204836,0.369694345745571,0.367330768405537,0.371801630948156,0.365259587482126,0.381436148548619
233,232,232,0.116058029014507,1,3.85115259369628,3.91505679733001,0.364139712838952,3.85115259369628,0.367215010491952,0.365440041946137,0.369887892046476,0.365286655651728,0.3814644155092
234,233,233,0.11655827913957,1,3.86020747312288,3.92348080622711,0.364999935579678,3.86020747312288,0.368078411139613,0.366134746040066,0.370591051534777,0.365413869209979,0.381597263082174
235,234,234,0.117058529264632,1,3.8424701016307,3.90723759662595,0.363341250451021,3.8424701016307,0.366387117715079,0.364821827745233,0.369262153426297,0.365325062990267,0.381504523826108
236,235,235,0.117558779389695,1,3.85664529782877,3.92037580340681,0.364682866347123,3.85664529782877,0.367738750685717,0.36588086519426,0.37033408065007,0.365408433320866,0.38159158644923
237,236,236,0.118059029514757,1,3.82885083427886,3.89487318189594,0.3620786507961,3.82885083427886,0.36508849365856,0.363798052302914,0.368225917390772,0.365166876168173,0.381339331250092
238,237,237,0.11855927963982,1,3.83312330866679,3.89889410310946,0.362489249586864,3.83312330866679,0.365495882534752,0.364077096434887,0.368508357829465,0.36500340920818,0.381168624690232
239,238,238,0.119059529764882,1,3.81407933516676,3.88144792488443,0.360707722592858,3.81407933516676,0.363680002026649,0.362607157717749,0.367020528169026,0.364643971484615,0.380793268243425
240,239,239,0.119559779889945,1,3.82477351607014,3.89138121375338,0.361722066366666,3.82477351607014,0.364699713309725,0.363348623820326,0.367771018816536,0.364449669334972,0.380590360869725
241,240,240,0.120060030015008,1,3.79539569185832,3.86442081612929,0.358968989130096,3.79539569185832,0.361898479714402,0.361090446875578,0.365485357109864,0.363945785966063,0.380064161590798
242,241,241,0.12056028014007,1,3.79927830252492,3.86808279573586,0.359342934382543,3.79927830252492,0.362268694314313,0.361287520675367,0.365684829537662,0.363547046172459,0.37964776246985
243,242,242,0.121060530265133,1,3.77888203836524,3.84939158403919,0.35743427004593,3.77888203836524,0.360323870219404,0.359668185331952,0.364045784912168,0.362965217046383,0.379040165383915
244,243,243,0.121560780390195,1,3.78477777608334,3.85490701914655,0.357997482022829,3.78477777608334,0.360886040462036,0.360002024481262,0.364383687290253,0.362520738161614,0.378576001485889
245,244,244,0.122061030515258,1,3.75202094497419,3.8248356211927,0.354926723114414,3.75202094497419,0.357762611881429,0.35743808719231,0.361788543763836,0.361758340516219,0.377779838889509
246,245,245,0.12256128064032,1,3.75298359936702,3.82580924140652,0.355026144928777,3.75298359936702,0.357854402880192,0.35736247432926,0.361712010600212,0.361098960588175,0.377091256443482
247,246,246,0.123061530765383,1,3.73189063892841,3.80647659202731,0.353051979796993,3.73189063892841,0.355843147418269,0.355638284622676,0.359966835406327,0.36027985919335,0.376235878810642
248,247,247,0.123561780890445,1,3.73379927567668,3.80832116382812,0.353240339357073,3.73379927567668,0.356025139704081,0.355622923445781,0.359951287265213,0.359581318831215,0.375506401599173
249,248,248,0.124062031015508,1,3.70213573967533,3.77925634607498,0.350272367991927,3.70213573967533,0.353005958972583,0.353090915003014,0.357388461197901,0.358607758256985,0.374489724122278
250,249,249,0.12456228114057,1,3.70111684494115,3.77840558410347,0.350185491920953,3.70111684494115,0.35290880534613,0.352823104886971,0.357117391506785,0.357740060251483,0.373583597639456
251,250,250,0.125062531265633,1,3.67926538794668,3.75837459846537,0.348140015761616,3.67926538794668,0.350825225738657,0.350999848151554,0.355271943517748,0.356729028436493,0.372527789401189
252,251,251,0.125562781390695,1,3.67726176390614,3.75661721117764,0.347960559100586,3.67726176390614,0.350634176226813,0.350650018961947,0.354917856481114,0.355817177015311,0.371575554042929
253,252,252,0.126063031515758,1,3.64468912930125,3.72671540014767,0.344907117663012,3.64468912930125,0.347528311146897,0.348006547252832,0.352242210503837,0.354645582550939,0.370352072181079
254,253,253,0.12656328164082,1,3.64185465661523,3.72419306313103,0.344649547699829,3.64185465661523,0.347258038574775,0.347561726476282,0.35179197571703,0.353583004139741,0.369242434458789
255,254,254,0.127063531765883,1,3.61956412888594,3.70375783173604,0.342562791741625,3.61956412888594,0.345132592705042,0.345666264558444,0.349873443720619,0.352395493202546,0.368002331217789
256,255,255,0.127563781890945,1,3.6134086611966,3.69817790505935,0.341992994169293,3.6134086611966,0.344545656696372,0.344966925860421,0.349165593219452,0.351281208101228,0.366838696827349
257,256,256,0.128064032016008,1,3.58032244789532,3.66780324992388,0.338891267971183,3.58032244789532,0.341390820872817,0.342244099512764,0.346409626761096,0.349925641812958,0.365423095425441
258,257,257,0.128564282141071,1,3.57558753376322,3.66353120533188,0.33845502556542,3.57558753376322,0.340939337453141,0.34161865797563,0.345776572839208,0.348679594237359,0.364121863084296
259,258,258,0.129064532266133,1,3.55279184834403,3.64263088292416,0.336320776558415,3.55279184834403,0.338765723799378,0.339648271628541,0.34378220449205,0.347324895846036,0.362707168016624
260,259,259,0.129564782391196,1,3.54353929687208,3.63419951824757,0.335459802677837,3.54353929687208,0.337883474731552,0.338681106530277,0.342803267817369,0.346028327448672,0.361353177395243
261,260,260,0.130065032516258,1,3.51038163580307,3.6037590822375,0.332351359226109,3.51038163580307,0.334721826222148,0.335916416319235,0.340004927961458,0.344511540779257,0.359769215508465
262,261,261,0.130565282641321,1,3.50421919648055,3.59817273688404,0.331780906206733,3.50421919648055,0.334134225454477,0.335150694857948,0.339229886738,0.34310741389106,0.358302902862166
263,262,262,0.131065532766383,1,3.48124047060436,3.57710389190759,0.329629448416153,3.48124047060436,0.331943158531413,0.333134840051475,0.337189496524966,0.341611527815123,0.356740767211172
264,263,263,0.131565782891446,1,3.46813074514689,3.56512128572557,0.328405837371002,3.46813074514689,0.330693120301484,0.331847524485495,0.33588651276171,0.340146927315678,0.355211302707526
265,264,264,0.132066033016508,1,3.43482161972886,3.53454139878981,0.325283153804032,3.43482161972886,0.327517029367076,0.329037764953426,0.33304255503628,0.338480552961341,0.353471128219183
266,265,265,0.132566283141571,1,3.42779825584082,3.52816241326465,0.324631759856265,3.42779825584082,0.326847337740715,0.328176970736838,0.332171283906373,0.336935015627665,0.351857142363099
267,266,266,0.133066533266633,1,3.40473854802962,3.50701900945061,0.322472688445091,3.40473854802962,0.324648549030112,0.326126705086363,0.330096064027482,0.33531376904647,0.350164094259854
268,267,267,0.133566783391696,1,3.38773229964327,3.49144893378864,0.320882740793936,3.38773229964327,0.32302696963857,0.324519426540065,0.328469222945,0.333694617670509,0.348473234153974
269,268,268,0.134067033516758,1,3.35425597647214,3.46071511042102,0.317744337915539,3.35425597647214,0.319834936067986,0.32166610321989,0.325581171207139,0.331890340502916,0.346589049433554
270,269,269,0.134567283641821,1,3.34613870226285,3.45332897827748,0.316990098584421,3.34613870226285,0.319060937930699,0.320694940739317,0.324598188497142,0.330211030538376,0.344835366444672
271,270,270,0.135067533766883,1,3.32285126432037,3.43197590679034,0.314809616832566,3.32285126432037,0.316840434702035,0.318600685828042,0.322478443954606,0.328469478831826,0.343016685160975
272,271,271,0.135567783891946,1,3.30414229082314,3.41483815797989,0.313059585293938,3.30414229082314,0.315056497106229,0.316840483135818,0.320696817453213,0.326725129477425,0.341195082327624
273,272,272,0.136068034017009,1,3.27026145162825,3.38373190285301,0.309883151322199,3.27026145162825,0.311825892133372,0.313931506237155,0.317752434765075,0.324806085991384,0.339191048535496
274,273,273,0.136568284142071,1,3.26276797827537,3.37692009468364,0.30918755942951,3.26276797827537,0.311111374640505,0.312984600065733,0.316794003593035,0.323032863102537,0.337339293420996
275,274,274,0.137068534267134,1,3.23908374352308,3.35520169840029,0.306969772316123,3.23908374352308,0.308853036051872,0.310841532780918,0.314624852570962,0.321204163554294,0.335429604705245
276,275,275,0.137568784392196,1,3.2215658609498,3.33916056891315,0.305331722719984,3.2215658609498,0.30718267132951,0.30915404290018,0.312916823884472,0.319396645456177,0.333542035520463
277,276,276,0.138069034517259,1,3.18688787078138,3.30732038899213,0.302080343575985,3.18688787078138,0.30387605643599,0.306172103453025,0.309898590604823,0.317412964155704,0.331470501244207
278,277,277,0.138569284642321,1,3.17880692952538,3.29996770804686,0.30132952013412,3.17880692952538,0.3031055227176,0.305167809842655,0.308882073518853,0.315576191008747,0.32955238136743
279,278,278,0.139069534767384,1,3.15415435217158,3.27735777343755,0.299020693047771,3.15415435217158,0.300754850748266,0.302938747835139,0.306625881113637,0.313680574532706,0.327572812117158
280,279,279,0.139569784892446,1,3.13370543603079,3.25861808586156,0.297107078567554,3.13370543603079,0.298805006182907,0.301016052425958,0.304679784161146,0.311780896216693,0.325589001136765
281,280,280,0.140070035017509,1,3.09784974936224,3.22569361865981,0.293744976775021,3.09784974936224,0.295386095600724,0.297926552252351,0.301552681010088,0.309702744622042,0.323418812680308
282,281,281,0.140570285142571,1,3.08919789233234,3.21781530423262,0.292940477953659,3.08919789233234,0.294561123935044,0.29686015738082,0.300473306815024,0.307776356535859,0.321407109011504
283,282,282,0.141070535267634,1,3.0636706866769,3.19440011262991,0.290549421564575,3.0636706866769,0.2921270544287,0.294546980061275,0.298131975312051,0.305791950064671,0.319334817448283
284,283,283,0.141570785392696,1,3.04308995316483,3.17553906280223,0.288623414104952,3.04308995316483,0.290164640816491,0.292596550645934,0.296157806796789,0.303812640151861,0.317267848159041
285,284,284,0.142071035517759,1,3.00559716567101,3.14110734173506,0.285107398176416,3.00559716567101,0.286589629435365,0.289367227512137,0.292889178869932,0.301645828255902,0.315005072827335
286,285,285,0.142571285642821,1,2.99440641415022,3.13089150571102,0.284064201929741,2.99440641415022,0.285522569162592,0.288090955726471,0.291597373303239,0.299612597376488,0.31288179452792
287,286,286,0.143071535767884,1,2.96722663708611,3.10595481671173,0.281517776917892,2.96722663708611,0.282930923706605,0.285631342385661,0.28910782347439,0.297515409127864,0.310691726325054
288,287,287,0.143571785892946,1,2.94762384661606,3.08799414418976,0.27968371202897,2.94762384661606,0.281061758896071,0.283732367852234,0.287185736109583,0.295447952936519,0.308532706948299
289,288,288,0.144072036018009,1,2.90766510741544,3.0512920588392,0.275935856484622,2.90766510741544,0.277251614146466,0.280298790956647,0.28371036840405,0.293175578639538,0.306159694084007
290,289,289,0.144572286143072,1,2.90370993586239,3.04773791139694,0.27557292257856,2.90370993586239,0.276874480722636,0.279548999141182,0.282951450709593,0.291131591714785,0.304025183377153
291,290,290,0.145072536268134,1,2.87461377949689,3.02103684108097,0.272846326706203,2.87461377949689,0.274100104713095,0.276942202010331,0.280312925684836,0.289003183259117,0.301802512291461
292,291,291,0.145572786393197,1,2.85979349383959,3.00747934810307,0.271461895147632,2.85979349383959,0.272686961187687,0.275398925883948,0.278750866009619,0.286962544652842,0.299671498192904
293,292,292,0.146073036518259,1,2.81765008957634,2.9687658748102,0.267508645512473,2.81765008957634,0.268668504307006,0.271805375918633,0.275113578167391,0.28468896934271,0.297297231125174
294,293,293,0.146573286643322,1,2.8169978896686,2.968252723196,0.267456244726414,2.8169978896686,0.268606315756919,0.27130531451035,0.274607430403127,0.282681421117856,0.295200772909819
295,294,294,0.147073536768384,1,2.78630394149543,2.94008059023009,0.264579430405813,2.78630394149543,0.265679587140946,0.268584883405519,0.271853888340618,0.280566940461006,0.292992646455181
296,295,295,0.147573786893447,1,2.77524793016506,2.92998880745292,0.263548901931137,2.77524793016506,0.264625374611604,0.267329275075274,0.27058299772875,0.278581290653146,0.290919056490582
297,296,296,0.148074037018509,1,2.73087636509853,2.88922390034993,0.259386168897264,2.73087636509853,0.260394458195017,0.263578094502654,0.266786160722868,0.276330811230572,0.288568908177565
298,297,297,0.148574287143572,1,2.73335377246309,2.89159213061864,0.259628002157094,2.73335377246309,0.260630683883103,0.263319502575893,0.266524421417617,0.27437911493237,0.286530775450497
299,298,298,0.149074537268634,1,2.70143920259177,2.86229618979412,0.256636429520354,2.70143920259177,0.257587566576008,0.260517864572236,0.263688684069483,0.27229992737835,0.28435950515426
300,299,299,0.149574787393697,1,2.69582120317672,2.85721110199448,0.256117162717899,2.69582120317672,0.257051879229441,0.259680866429029,0.262841498640134,0.270407068235952,0.282382815354005
301,300,300,0.150075037518759,1,2.65076967527631,2.81582016343766,0.251890502105178,2.65076967527631,0.252756127012895,0.255896784049034,0.259011359371835,0.268230525607914,0.280109878337037
302,301,301,0.150575287643822,1,2.65836782079103,2.82290297954708,0.252613768136841,2.65836782079103,0.253480625203249,0.256040519604298,0.259156844363753,0.266402024707372,0.278200397066666
303,302,302,0.151075537768884,1,2.62633166647174,2.79349509776796,0.24961076458212,2.62633166647174,0.250425914578763,0.253254319105996,0.256336732414204,0.264429868867166,0.276140898688508
304,303,303,0.151575787893947,1,2.62655862984245,2.79379137843143,0.249641019460465,2.62655862984245,0.250447555984687,0.252881077125283,0.2559589476243,0.262697550105883,0.274331859257354
305,304,304,0.15207603801901,1,2.58230892311851,2.75313866445367,0.245489743095129,2.58230892311851,0.246228259001884,0.249189785064644,0.252222728046483,0.260671385349697,0.272215960024559
306,305,305,0.152576288144072,1,2.5935689206274,2.76359289207764,0.246557282843569,2.5935689206274,0.247301922016466,0.249640727055309,0.252679158550031,0.259016786605539,0.270488082662829
307,306,306,0.153076538269135,1,2.56294310794337,2.73548349042174,0.243686874368461,2.56294310794337,0.244381690254033,0.246996042375827,0.250002284839062,0.257213674971082,0.268605115094499
308,307,307,0.153576788394197,1,2.56737318096099,2.73964951029998,0.24411228999674,2.56737318096099,0.244804106471014,0.246974702757604,0.249980685491712,0.25567782913906,0.267001249955821
309,308,308,0.15407703851926,1,2.52605170512786,2.70169277402921,0.240236315018233,2.52605170512786,0.240864022090446,0.243544315317673,0.246508546061392,0.253857802065852,0.26510061780036
310,309,309,0.154577288644322,1,2.547186524838,2.72123860047436,0.242232248854462,2.547186524838,0.242879268916633,0.2447838165185,0.247763133500473,0.252496704233749,0.263679239874447
311,310,310,0.155077538769385,1,2.51981755315606,2.69612772286393,0.239668036467705,2.51981755315606,0.240269583379947,0.242444311440199,0.245395153797876,0.250988845314717,0.262104601128904
312,311,311,0.155577788894447,1,2.55079857192254,2.72473879523545,0.242589673350001,2.55079857192254,0.243223684744303,0.24449141173095,0.247467169790763,0.250014230277152,0.261086822488762
313,312,312,0.15607803901951,1,2.5173963190615,2.69407316727735,0.239458234286909,2.5173963190615,0.240038713924166,0.241772601357997,0.244715268186412,0.248777985939279,0.259795827549645
314,313,313,0.156578289144572,1,2.53846012840076,2.71355361555254,0.241447491991946,2.53846012840076,0.242047189771157,0.243123485004137,0.246082593730733,0.247929810799007,0.258910088557741
315,314,314,0.157078539269635,1,2.51730693290949,2.6941655086752,0.23946766378435,2.51730693290949,0.240030190777926,0.241356977635033,0.244294585816869,0.246943885824411,0.257880499087796
316,315,315,0.157578789394697,1,2.53844860530197,2.7137176442809,0.241464241884307,2.53844860530197,0.242046091020915,0.242763817870141,0.245718549009953,0.246316875631271,0.25722571996257
317,316,316,0.15807903951976,1,2.5136934009712,2.69101322257261,0.239145766190954,2.5136934009712,0.239685633366515,0.240768941590464,0.243699392657918,0.24548468552515,0.256356673947577
318,317,317,0.158579289644822,1,2.53922132355516,2.71460371211091,0.241554723234281,2.53922132355516,0.24211977123341,0.24253848249215,0.245490471026148,0.2450427550702,0.255895171343841
319,318,318,0.159079539769885,1,2.52553270740688,2.70208813006209,0.240276687037579,2.52553270740688,0.240814534632102,0.241418147302186,0.244356499993324,0.244499063904998,0.255327401266992
320,319,319,0.159579789894947,1,2.55064911083659,2.72529974016526,0.24264695457926,2.55064911083659,0.243209433334392,0.243214244008704,0.246174457382852,0.244306340920554,0.25512614299632
321,320,320,0.16008004002001,1,2.53593821024114,2.71184295635246,0.241272806997722,2.53593821024114,0.2418067198908,0.242066383294865,0.245012625807024,0.2439703472767,0.254775268917061
322,321,321,0.160580290145073,1,2.56297573905538,2.73682331741897,0.24382369160901,2.56297573905538,0.244384801695049,0.244049411272662,0.247019789648923,0.243982206876095,0.25478765375259
323,322,322,0.161080540270135,1,2.55680640620396,2.73123062529814,0.243252590485663,2.55680640620396,0.243796543615774,0.243588897359288,0.246553670720716,0.243923210448574,0.254726044500259
324,323,323,0.161580790395198,1,2.57425177570569,2.74737963097205,0.244901655923568,2.57425177570569,0.245459994073463,0.244901385181032,0.247882133116726,0.244069936658442,0.254879268898198
325,324,324,0.16208104052026,1,2.56662856211283,2.74044837293423,0.244193866335641,2.56662856211283,0.24473310559232,0.244357814140039,0.247331946154564,0.244113118280682,0.254924362941557
326,325,325,0.162581290645323,1,2.60964353428534,2.78013892343412,0.248246890798105,2.60964353428534,0.24883466819555,0.247625858383726,0.250639766474348,0.244640029296139,0.25547460971194
327,326,326,0.163081540770385,1,2.61191198164205,2.78231476739731,0.248469078414508,2.61191198164205,0.249050969133939,0.247906930342635,0.250924259421099,0.245130064453113,0.255986347471428
328,327,327,0.163581790895448,1,2.64882413273493,2.81638654321928,0.251948338317602,2.64882413273493,0.252570615686776,0.250802480623915,0.253855052073578,0.245980926878733,0.256874892762767
329,328,328,0.16408204102051,1,2.65465489083307,2.82184215257746,0.252505441152102,2.65465489083307,0.253126589994231,0.251417940392173,0.254478002736314,0.246796478905749,0.257726563833936
330,329,329,0.164582291145573,1,2.68796736494871,2.85259976047864,0.255646272802464,2.68796736494871,0.256303000233573,0.254106168624009,0.257198949977668,0.247892932363488,0.258871576855678
331,330,330,0.165082541270635,1,2.69780029884312,2.86174011230711,0.256579645332946,2.69780029884312,0.257240589912339,0.255073633341842,0.258178189918651,0.248970037510241,0.259996384671378
332,331,331,0.165582791395698,1,2.73310906699653,2.89433567780902,0.259908161130363,2.73310906699653,0.260607350733278,0.257965252767359,0.261105003872068,0.250319319798809,0.26140542376876
333,332,332,0.16608304152076,1,2.74763067304986,2.90779281888231,0.261282345193772,2.74763067304986,0.261992014568194,0.259338124395827,0.262494585019225,0.251672140488362,0.262818157975293
334,333,333,0.166583291645823,1,2.78358530650629,2.94098302275925,0.264671582846895,2.78358530650629,0.26542035992214,0.262333766351524,0.265526687583623,0.253271384367836,0.264488228924509
335,334,334,0.167083541770885,1,2.79980284346896,2.95600158166285,0.266205212032194,2.79980284346896,0.266966734120776,0.263884979230326,0.267096780611195,0.25486342359721,0.266150776145176
336,335,335,0.167583791895948,1,2.83886287982689,2.99205088282611,0.269886408126207,2.83886287982689,0.270691185778306,0.267163483398642,0.270415188165622,0.256708432567424,0.268077496592099
337,336,336,0.168084042021011,1,2.85996396586658,3.01156565119323,0.271879170448096,2.85996396586658,0.27270321603235,0.269133438826451,0.272409120348689,0.258572183506278,0.270023789049118
338,337,337,0.168584292146073,1,2.89576442666006,3.04461391064098,0.275253913360365,2.89576442666006,0.276116860718207,0.272219598964792,0.275532842812187,0.260619295825055,0.272161563566971
339,338,338,0.169084542271136,1,2.91624485180739,3.06355724595114,0.277188323451577,2.91624485180739,0.278069709729608,0.274183003123584,0.277520143989319,0.262653851919835,0.274286225772687
340,339,339,0.169584792396198,1,2.96351483946293,3.10716532458077,0.281641388657801,2.96351483946293,0.282576996467946,0.278171344043758,0.281557027872842,0.264981475738423,0.276716935040999
341,340,340,0.170085042521261,1,2.99110090383015,3.13265071399972,0.284243844543382,2.99110090383015,0.285207382221193,0.280728608969624,0.284145417825392,0.267343545723103,0.279183616021968
342,341,341,0.170585292646323,1,3.025463569124,3.1643752169683,0.287483411265731,3.025463569124,0.288483930264775,0.283805619806871,0.287259879629665,0.269812856835669,0.281762287609585
343,342,342,0.171085542771386,1,3.05092300072849,3.18790264790205,0.289885929041686,3.05092300072849,0.290911537381426,0.286230277519391,0.289714048377683,0.272275469938227,0.284333964546748
344,343,343,0.171585792896448,1,3.08951968101462,3.2235253441675,0.293523562119695,3.08951968101462,0.294591807121821,0.289647829434145,0.293173196058861,0.274881323862615,0.287055226133475
345,344,344,0.172086043021511,1,3.12144941467877,3.25300988393617,0.296534393651175,3.12144941467877,0.29763637032653,0.292589471529837,0.296150641519233,0.277537546012698,0.289829086646217
346,345,345,0.172586293146573,1,3.15346414541842,3.28257267922129,0.299553216291837,3.15346414541842,0.300689038170359,0.295547619893492,0.299144794148939,0.280239057094817,0.292650241840331
347,346,346,0.173086543271636,1,3.18259155413921,3.30947716097652,0.30230058364579,3.18259155413921,0.303466394153738,0.298296312013377,0.301926941197453,0.282947645332601,0.295478787622103
348,347,347,0.173586793396698,1,3.22714710938547,3.35058610291393,0.306498448003927,3.22714710938547,0.307714854397565,0.302214029707435,0.305892342284239,0.285837602988826,0.29849673528354
349,348,348,0.174087043521761,1,3.26262466311247,3.38333706672991,0.309842832393753,3.26262466311247,0.311097709256502,0.30548099341473,0.309199068916187,0.288784111552712,0.301573738370636
350,349,349,0.174587293646823,1,3.29313721546236,3.41151682918679,0.312720425804417,3.29313721546236,0.314007141422249,0.308383513420317,0.312136916123001,0.291724021832853,0.3046438509502
351,350,350,0.175087543771886,1,3.32519455776364,3.44111885628953,0.315743254625757,3.32519455776364,0.31706387236269,0.311401624275103,0.315191761060337,0.29467566219919,0.307726213116235
352,351,351,0.175587793896948,1,3.36358566408007,3.47655228372334,0.319361560403062,3.36358566408007,0.320724540218816,0.314901423697802,0.318734157301739,0.297709526423982,0.310894440658464
353,352,352,0.176088044022011,1,3.40163338892287,3.51166956504969,0.322947582730248,3.40163338892287,0.324352465972839,0.318391680603902,0.3222668948825,0.30081184955097,0.314134159000339
354,353,353,0.176588294147074,1,3.4320416566979,3.53975331428238,0.325815371692714,3.4320416566979,0.327251954398286,0.321317471211315,0.325228295922688,0.303887692800022,0.317346224727471
355,354,354,0.177088544272136,1,3.46654332929618,3.57160579916489,0.329068007365264,3.46654332929618,0.330541757063053,0.324547756846441,0.328497898065687,0.306986702406985,0.32058248280065
356,355,355,0.177588794397199,1,3.50473892325646,3.60685922134186,0.332667931797383,3.50473892325646,0.334183782429648,0.328062233640596,0.332055150320019,0.310148032092026,0.323883820974049
357,356,356,0.178089044522261,1,3.54467762464725,3.64371749605566,0.336431736712601,3.54467762464725,0.337992016534488,0.331721093726146,0.335758543186137,0.313383991337144,0.327263093890133
358,357,357,0.178589294647324,1,3.5727184282257,3.66962155695976,0.339076945488977,3.5727184282257,0.340665762570185,0.334494440637033,0.338565645104467,0.316550558732128,0.330569901740375
359,358,358,0.179089544772386,1,3.60933853782642,3.70342445461546,0.342528748736227,3.60933853782642,0.34415756238961,0.337903195514091,0.342015888677293,0.319753454249422,0.333914646607284
360,359,359,0.179589794897449,1,3.64504928468941,3.73639011580998,0.345895057078135,3.64504928468941,0.3475626526749,0.34125039497126,0.34540382762585,0.322977995357698,0.337281995701817
361,360,360,0.180090045022511,1,3.68624869969721,3.77440911040315,0.349777389602718,3.68624869969721,0.351491098314555,0.345017308802857,0.34921658938362,0.326283892374472,0.340734303782952
362,361,361,0.180590295147574,1,3.70972139386364,3.79610738235239,0.351993121707611,3.70972139386364,0.353729266090277,0.347458926374916,0.351687924413309,0.329460147474538,0.344051228385887
363,362,362,0.181090545272636,1,3.74736560204332,3.83085315201565,0.355541206897629,3.74736560204332,0.357318715733039,0.350947123105404,0.355218576743614,0.332683193819168,0.347417016516909
364,363,363,0.181590795397699,1,3.76538477672647,3.84753045140509,0.357244219366388,3.76538477672647,0.359036879648736,0.352959445355766,0.35725539140503,0.335724631549658,0.350593152979105
365,364,364,0.182091045522761,1,3.80692870905543,3.88586663786329,0.361158942129255,3.80692870905543,0.362998175695801,0.356715811761627,0.361057477362055,0.338873308581453,0.353881278140474
366,365,365,0.182591295647824,1,3.83020863310425,3.90738742929305,0.363356550704038,3.83020863310425,0.365217962459855,0.359111396394057,0.363482219175211,0.341909021753344,0.35705143651569
367,366,366,0.183091545772886,1,3.86901777053612,3.94320573162577,0.367014158213382,3.86901777053612,0.368918490408956,0.362659647189826,0.367073656501865,0.345021615568816,0.360301880412739
368,367,367,0.183591795897949,1,3.90587347951875,3.97722554205409,0.370488111639015,3.90587347951875,0.37243275509504,0.366075437634584,0.370531021273814,0.348179688878681,0.363599817993113
369,368,368,0.184092046023012,1,3.94598928025859,4.01424686944875,0.374268566776916,3.94598928025859,0.376257875972796,0.369747049415827,0.374247321039282,0.351414792959253,0.366978197871253
370,369,369,0.184592296148074,1,3.96529328705611,4.03210709425177,0.376092374386536,3.96529328705611,0.378098551169694,0.371859019975185,0.3763849968509,0.354481427011643,0.370180646546221
371,370,370,0.185092546273137,1,4.00369640705584,4.06755158250133,0.379711809645702,4.00369640705584,0.381760364554266,0.375382727336888,0.379951592020022,0.35761662206043,0.373454692636569
372,371,371,0.185592796398199,1,4.03240365688789,4.0940692303491,0.382419675222278,4.03240365688789,0.384497657557282,0.37818635840716,0.382789346692817,0.360702082512439,0.37667680149188
373,372,372,0.186093046523262,1,4.07022920091816,4.12898195317585,0.38598480893511,4.07022920091816,0.388104397931755,0.381670119799401,0.38631550970141,0.363847288105483,0.379961301471948
374,373,373,0.186593296648324,1,4.0975856421534,4.15425593206471,0.388565676507119,4.0975856421534,0.390712888665584,0.384373523082255,0.389051816692622,0.366926223351999,0.383176596134457
375,374,374,0.187093546773387,1,4.13423302908517,4.18808394354481,0.392020044267669,4.13423302908517,0.39420728943243,0.387766815892201,0.392486410006162,0.370052312233029,0.386441132764475
376,375,375,0.187593796898449,1,4.16024567812475,4.21212071336875,0.394474573491075,4.16024567812475,0.39668764692479,0.390364696941266,0.395115910429565,0.373099169939265,0.389622929241478
377,376,376,0.188094047023512,1,4.19472886379388,4.24395617761638,0.397725471091245,4.19472886379388,0.399975686824328,0.393587786367428,0.398378228776979,0.376172462403489,0.392832331215012
378,377,377,0.188594297148574,1,4.2111429573591,4.25915570319863,0.399277579797897,4.2111429573591,0.401540803083454,0.39544868446896,0.40026177627337,0.37906389571331,0.395851819883566
379,378,378,0.189094547273637,1,4.24598495026076,4.29132151581566,0.402562211120715,4.24598495026076,0.404863055961692,0.398667843733576,0.403520116624388,0.38200448791635,0.398922644586928
380,379,379,0.189594797398699,1,4.27068380345322,4.31414869375718,0.404893222140737,4.27068380345322,0.407218140423694,0.401129196694895,0.406011427247044,0.384873194233132,0.401918399732831
381,380,380,0.190095047523762,1,4.30078826273616,4.34195273112546,0.407732448157751,4.30078826273616,0.410088660109029,0.403985271555774,0.40890226401521,0.387740005831528,0.40491217624735
382,381,381,0.190595297648824,1,4.31503919238115,4.35516066454064,0.409081184231101,4.31503919238115,0.411447514413497,0.405641164115025,0.410578310802351,0.390425179574053,0.407716270556257
383,382,382,0.191095547773887,1,4.34696473214704,4.38464134305087,0.412091621467852,4.34696473214704,0.414491677721719,0.408598352777945,0.413571492050597,0.393151155554636,0.410562974146539
384,383,383,0.191595797898949,1,4.0754490922226,4.13474833610697,0.386573646600131,4.0754490922226,0.38860212488323,0.388599115790117,0.393328840006856,0.392468349589958,0.409849928175129
385,384,384,0.192096048024012,1,4.10240726875705,4.15965563873469,0.389117070804953,4.10240726875705,0.391172640290785,0.390506775881995,0.395259718643932,0.392174113533764,0.409542661037222
386,385,385,0.192596298149075,1,4.0809490945735,4.13998674260741,0.387108569634032,4.0809490945735,0.389126560976543,0.388827975383857,0.393560485100405,0.391672192811278,0.409018511326104
387,386,386,0.193096548274137,1,4.11196783928349,4.16863254868215,0.390033753369345,4.11196783928349,0.392084259584168,0.39107911843292,0.39583902730032,0.391583231654524,0.408925610271168
388,387,387,0.1935967983992,1,4.08541277300824,4.144271021418,0.387546061344393,4.08541277300824,0.389552181536458,0.389055637473642,0.393790918114918,0.391204092527392,0.408529679888027
389,388,388,0.194097048524262,1,4.10596883906431,4.163283998164,0.389487582912757,4.10596883906431,0.39151224305799,0.390539515886515,0.395292857134157,0.39110440603126,0.408425578491514
390,389,389,0.194597298649325,1,4.08474434422932,4.1438302470638,0.387501051405818,4.08474434422932,0.389488445531433,0.388917310274872,0.393650907305776,0.390776341667802,0.408082984863415
391,390,390,0.195097548774387,1,4.11186117746398,4.16888362250571,0.390059391924013,4.11186117746398,0.392074089168892,0.390907925908479,0.395665751154492,0.390796079303904,0.408103596636943
392,391,391,0.19559779889945,1,4.08951344851843,4.14839572681968,0.38796725812002,4.08951344851843,0.389943189050147,0.389224598182341,0.39396193528109,0.390560357135669,0.407857434841167
393,392,392,0.196098049024512,1,4.10605443473797,4.16371208054151,0.389531296802489,4.10605443473797,0.391520404774628,0.390433296659374,0.395185345089738,0.390541298064225,0.407837531684465
394,393,393,0.196598299149575,1,4.7370596109762,4.74475628148664,0.44886497523584,4.7370596109762,0.45168799532715,0.438188296833476,0.443521581740239,0.397688347879613,0.415301108955246
395,394,394,0.197098549274637,1,4.75589157835676,4.76218190676783,0.450644403453612,4.75589157835676,0.453483660632792,0.441046932351525,0.446415010331888,0.404192135550399,0.422092935385386
396,395,395,0.1975987993997,1,4.73312466377721,4.7413080732352,0.448512859374036,4.73312466377721,0.451312790335448,0.440628690445803,0.445991677913116,0.40965761878471,0.427800473110058
397,396,396,0.198099049524762,1,4.74149907350478,4.74910558401543,0.449309106882336,4.74149907350478,0.452111306852557,0.442359579252388,0.447743633743203,0.414562912854862,0.432923012098055
398,397,397,0.198599299649825,1,4.08424716455853,4.14407105277371,0.387525641425877,4.08424716455853,0.389441038467292,0.393603484676169,0.398394118153244,0.411418998628058,0.42963986067606
399,398,398,0.199099549774887,1,4.10346453281801,4.16185151079063,0.389341303602107,4.10346453281801,0.391273452508373,0.39443309472449,0.3992338255656,0.408871113042523,0.426979134721162
400,399,399,0.19959979989995,1,4.72004964857743,4.72961938106585,0.447319261535257,4.72004964857743,0.450066061797183,0.440591011928385,0.445953540802281,0.413629097875402,0.431947840462788
401,400,400,0.200100050025012,1,4.72382930167775,4.73318656920487,0.447683527099922,4.72382930167775,0.450426459189685,0.441832667486435,0.447210308819735,0.417859633317057,0.436365737214758
402,401,401,0.200600300150075,1,4.70825342897597,4.71893341871103,0.446228058055247,4.70825342897597,0.448941268946388,0.441503996919508,0.446877637931973,0.421406287857425,0.44006946545208
403,402,402,0.201100550275138,1,4.7214808608367,4.73119903326121,0.447480568670315,4.7214808608367,0.45020253071448,0.443218399223194,0.448612906598354,0.42467810456229,0.443486183877636
404,403,403,0.2016008004002,1,4.70884398914289,4.71965177635764,0.446301413578862,4.70884398914289,0.448997580025373,0.442920410031827,0.448311290515834,0.42741445038272,0.446343716565654
405,404,404,0.202101050525263,1,4.70648066615753,4.71756321971455,0.446088139359707,4.70648066615753,0.448772232508299,0.443292834166317,0.448688247505332,0.42979620795026,0.448830957050158
406,405,405,0.202601300650325,1,4.07068582573772,4.1322838855736,0.38632198775004,4.07068582573772,0.388147938010686,0.39565591438131,0.400471528425981,0.424675163914917,0.44348311299532
407,406,406,0.203101550775388,1,4.08332058570586,4.14400383611381,0.38751877755618,4.08332058570586,0.389352687342576,0.395591923253166,0.400406758447921,0.420312677815655,0.438927421775083
408,407,407,0.20360180090045,1,4.71310771702169,4.72392660159865,0.446737939932272,4.71310771702169,0.449404134904635,0.442386055749276,0.447770432491283,0.423623684505698,0.44238506582592
409,408,408,0.204102051025513,1,4.70681734327158,4.71822246896078,0.446155458993428,4.70681734327158,0.448804335336468,0.442576210815946,0.447962901976559,0.426466563452235,0.445353849762933
410,409,409,0.204602301150575,1,4.06236334048593,4.12497077554559,0.385575205116217,4.06236334048593,0.387354372594956,0.394376185400979,0.399176223586356,0.421653006744547,0.440327110987758
411,410,410,0.205102551275638,1,4.07155625877165,4.13352187472375,0.386448405757516,4.07155625877165,0.388230935520629,0.394113211372012,0.398910048843381,0.417522037438667,0.436013189941443
412,411,411,0.2056028014007,1,4.07050030619217,4.1326369941569,0.386358045645635,4.07050030619217,0.388130248355392,0.393211114952656,0.397996972812629,0.413875399065765,0.432205049802815
413,412,412,0.206103051525763,1,4.06004342518785,4.1230968215713,0.385383845177801,4.06004342518785,0.387133164086647,0.39169441757349,0.396461815380333,0.410548251841924,0.428730550388674
414,413,413,0.206603301650825,1,4.05332630745745,4.11699979223219,0.384761243355742,4.05332630745745,0.386492673636623,0.390524645651287,0.395277805910066,0.407544710913328,0.425593989096172
415,414,414,0.207103551775888,1,4.05908785215317,4.12239167786199,0.385311839003349,4.05908785215317,0.387042048309378,0.390363986642455,0.395115191485553,0.404967602272697,0.422902745859958
416,415,415,0.20760380190095,1,4.70308657176375,4.71539883684315,0.445867122099593,4.70308657176375,0.448448598900411,0.4385907350145,0.443928918083748,0.410011072183968,0.428169580199713
417,416,416,0.208104052026013,1,4.68788656770281,4.70149174289822,0.444446990827775,4.68788656770281,0.446999248474814,0.438453097275477,0.443789605125917,0.414277375947694,0.432624829375764
418,417,417,0.208604302151076,1,4.04377076872506,4.10855142859231,0.383898533615792,4.04377076872506,0.385581534134747,0.390563352263807,0.395316983629171,0.410720272395111,0.428910189361962
419,418,418,0.209104552276138,1,4.04505122781562,4.10981764676448,0.384027834246849,4.04505122781562,0.385703628439487,0.389952849843925,0.394699050651776,0.407605159012433,0.425657114311498
420,419,419,0.209604802401201,1,4.05265116955121,4.11690211662717,0.384751269152523,4.05265116955121,0.386428297903049,0.389909007187189,0.394654674376545,0.404950736238647,0.422885132865556
421,420,420,0.210105052526263,1,4.02824339439421,4.09451756768238,0.382465457459015,4.02824339439421,0.38410096830696,0.387534942011722,0.392251713938335,0.402338367104608,0.420157067524564
422,421,421,0.210605302651326,1,4.02907558451085,4.09537107141862,0.382552613506946,4.02907558451085,0.384180319279165,0.387079461246755,0.391790689418077,0.40004953122593,0.417766864030547
423,422,422,0.211105552776388,1,4.02753782586364,4.09404259932292,0.382416955779005,4.02753782586364,0.384033690953221,0.386509328179365,0.391213617137328,0.398018500768945,0.415645883605536
424,423,423,0.211605802901451,1,4.67957946376731,4.69445475102011,0.443728404165082,4.67957946376731,0.446207149697989,0.435453984422372,0.440753989419065,0.403633823316959,0.421509896704652
425,424,424,0.212106053026513,1,4.65025997773891,4.66754806447546,0.440980811667729,4.65025997773891,0.443411478763745,0.434362147481181,0.439648863493386,0.408243071941593,0.426323279031458
426,425,425,0.212606303151576,1,4.0128067983168,4.08074192280207,0.381058749187577,4.0128067983168,0.382629058365037,0.387045221950491,0.391756033387903,0.405063394442927,0.423002780459256
427,426,426,0.213106553276638,1,4.00736178838685,4.07581610379397,0.380555746213669,4.00736178838685,0.382109865907738,0.386001217752445,0.390699322388073,0.402204067939355,0.420016820538303
428,427,427,0.213606803401701,1,4.64862414496927,4.6663039348952,0.440853766626535,4.64862414496927,0.443255498876411,0.433964433176556,0.439246308521602,0.406968122724935,0.424991865057771
429,428,428,0.214107053526763,1,4.61702092967768,4.63729465350337,0.437891466390365,4.61702092967768,0.440242069843795,0.432529508865979,0.437793919435669,0.410802330646092,0.428995881796284
430,429,429,0.214607303651826,1,3.99528685827463,4.06496085584017,0.379447256032789,3.99528685827463,0.38095849745895,0.386247205454606,0.390948304059969,0.407119061867369,0.425149488969992
431,430,430,0.215107553776888,1,3.98628847147463,4.05676349671677,0.378610177770173,3.98628847147463,0.380100483494877,0.384833561593258,0.389517454432234,0.403776236826252,0.421658617401788
432,431,431,0.215607803901951,1,4.64488241576612,4.66320825738832,0.440537649653975,4.64488241576612,0.442898717602452,0.434011740870397,0.439294192007657,0.408311562432874,0.426394802819203
433,432,432,0.216108054027013,1,4.60319348039039,4.62491320669767,0.43662712749478,4.60319348039039,0.43892359522832,0.431767778189138,0.437022917569362,0.411829994796314,0.430069058980117
434,433,433,0.216608304152076,1,3.96913748565994,4.0412348013732,0.377024455695146,3.96913748565994,0.37846510310351,0.384489790108307,0.389169498829895,0.407728964093113,0.425786402452764
435,434,434,0.217108554277139,1,3.95611507859303,4.02933258790717,0.375809054000594,3.95611507859303,0.37722339085468,0.382688053918028,0.387345833317223,0.40397282756685,0.42186391472321
436,435,435,0.217608804402201,1,3.98120473596372,4.05251957332002,0.378176806977195,3.98120473596372,0.379615739267386,0.383839637396693,0.388511432968456,0.400952849041326,0.418710187847987
437,436,436,0.218109054527264,1,3.93094214837409,4.0063308912533,0.37346022189718,3.93094214837409,0.37482310221133,0.379435755435962,0.384053950404144,0.397725285000522,0.415339681941749
438,437,437,0.218609304652326,1,3.94193403336768,4.01653827175654,0.374502554703258,3.94193403336768,0.375871200167732,0.379626126675276,0.384246638693149,0.395010411251735,0.412504572277219
439,438,438,0.219109554777389,1,3.92448706482852,4.00056243174357,0.372871172181084,3.92448706482852,0.374207597238664,0.377766768765367,0.382364650134386,0.39242386487878,0.409803473331826
440,439,439,0.219609804902451,1,4.60893534766468,4.63081088923562,0.437229372898209,4.60893534766468,0.439471093620054,0.429052873546969,0.434274969233292,0.397918216179008,0.41554115762693
441,440,440,0.220110055027514,1,4.54173917052022,4.56903170845436,0.430920754654728,4.54173917052022,0.43306380533563,0.4250703146979,0.430243937795718,0.401991030956842,0.419794348606304
442,441,441,0.220610305152576,1,3.88894090829397,3.96809758210543,0.369556004512801,3.88894090829397,0.370818200966455,0.376484778560388,0.381067056548258,0.398165093097374,0.415798968192714
443,442,442,0.221110555277639,1,3.8654394452619,3.94654746096893,0.367355400917355,3.8654394452619,0.36857729002254,0.373945000540174,0.378496366338285,0.394532079213794,0.41200505594272
444,443,443,0.221610805402701,1,4.53235969195756,4.56065812180351,0.430065680812038,4.53235969195756,0.432169453518868,0.42369528093978,0.42885216820316,0.398906559472692,0.41657327251811
445,444,444,0.222111055527764,1,4.46876079557425,4.50219090278327,0.424095265537957,4.46876079557425,0.426105173063998,0.419760991959018,0.424869994136942,0.402034724345641,0.419839977081262
446,445,445,0.222611305652826,1,3.83112257936869,3.91521440055372,0.364155806587036,3.83112257936869,0.365305109042318,0.372133845998106,0.37666316784102,0.39754959259351,0.415156208496133
447,446,446,0.223111555777889,1,3.80134412027958,3.88788514448298,0.361365063148093,3.80134412027958,0.362465674119708,0.368987182877242,0.373478206000062,0.39326523113607,0.410682101889976
448,447,447,0.223611805902951,1,4.46404550345726,4.49811156175297,0.423678701172426,4.46404550345726,0.425655560642241,0.41828790797959,0.423378980932542,0.397018632662598,0.414601733492542
449,448,448,0.224112056028014,1,4.39142067681955,4.43133430583399,0.416859701476855,4.39142067681955,0.418730639900487,0.413546316162275,0.418579678171653,0.39949778518755,0.417190682347521
450,449,449,0.224612306153077,1,4.3984208470427,4.43786657517455,0.417526748093725,4.3984208470427,0.419398119965065,0.414575935667459,0.419621829399401,0.401759507759536,0.419552571744843
451,450,450,0.225112556278139,1,4.36771962058368,4.4096877412014,0.414649249495736,4.36771962058368,0.416470697350153,0.412708807897542,0.417731976411978,0.403401902780237,0.421267704906467
452,451,451,0.225612806403202,1,3.74161654403405,3.83333146685651,0.355794281509827,3.74161654403405,0.356770531690514,0.365657493327149,0.370107990075463,0.397740241362274,0.415355300688576
453,452,452,0.226113056528264,1,3.65197400193337,3.75088625877708,0.347375339445525,3.65197400193337,0.348222938148802,0.357744979375022,0.362099171197941,0.391740952064186,0.409090315778348
454,453,453,0.226613306653327,1,4.2924546633504,4.34065439501198,0.407599867783779,4.2924546633504,0.409294034938662,0.405021043144069,0.409950642204408,0.393732965726169,0.411170551438473
455,454,454,0.227113556778389,1,4.25703814381675,4.30813426232123,0.404279054853292,4.25703814381675,0.405916999810679,0.402743117762953,0.40764499169886,0.395084488531686,0.41258193028048
456,455,455,0.227613806903452,1,4.28045226840521,4.32977861014959,0.406489280464113,4.28045226840521,0.408149582861396,0.404789427916677,0.409716207937791,0.396540229439435,0.414102142820181
457,456,456,0.228114057028514,1,4.19111128939486,4.24761104662726,0.398098690240933,4.19111128939486,0.399630743956298,0.398323216881011,0.40317129524357,0.396807677555671,0.414381435637919
458,457,457,0.228614307153577,1,4.18653399431699,4.24348411950456,0.397677266592925,4.18653399431699,0.399194289824931,0.398034306916676,0.402878868893326,0.396991671959822,0.414573578758261
459,458,458,0.229114557278639,1,4.14564970574079,4.20592989490121,0.393842394335694,4.14564970574079,0.395295892113285,0.394980974082676,0.399788373282419,0.39669006727825,0.414258616654416
460,459,459,0.229614807403702,1,4.15612684409936,4.2156633559956,0.394836332575984,4.15612684409936,0.396294907960791,0.39571758090112,0.400533945502393,0.396544194321681,0.414106283298528
461,460,460,0.230115057528764,1,4.05822846004578,4.12561711962047,0.385641206930594,4.05822846004578,0.386960103573599,0.388283418233863,0.393009300027096,0.395305077908508,0.412812289086078
462,461,461,0.230615307653827,1,4.06540728821324,4.13231387661688,0.386325050303483,4.06540728821324,0.387644619026233,0.38858290487745,0.393312431787652,0.394296751953849,0.411759306544872
463,462,462,0.231115557778889,1,4.02193558818268,4.09237746158529,0.382246919236327,4.02193558818268,0.383499506519147,0.385095291328818,0.389782369737236,0.392916532860095,0.410317960517779
464,463,463,0.231615807903952,1,3.42148762396303,3.5396414595109,0.325803949575376,3.42148762396303,0.32624560652004,0.339381046162952,0.343511726567295,0.384886209855523,0.401931991789128
465,464,464,0.232116058029014,1,3.31380476062776,3.4405868016685,0.315688923547774,3.31380476062776,0.315977832697162,0.32962949901161,0.333641491218171,0.376597703228936,0.393276405041471
466,465,465,0.232616308154077,1,3.93600124261609,4.01352097160484,0.374194441281513,3.93600124261609,0.375305496845132,0.375063963118264,0.379628948052879,0.376367642212335,0.393036155117552
467,466,466,0.23311655827914,1,3.89623174710971,3.97699312004932,0.370464377726053,3.89623174710971,0.371513396855758,0.372012187318706,0.376540028427418,0.375714323978291,0.392353902824906
468,467,467,0.233616808404202,1,3.29913679327698,3.42734418371239,0.314336645641644,3.29913679327698,0.314579213023293,0.32669707989255,0.330673380989284,0.36836173736543,0.38467568597422
469,468,468,0.234117058529265,1,3.19514563640929,3.33168842394478,0.304568700137468,3.19514563640929,0.304663450707683,0.317360470282636,0.321223133476502,0.360711547303011,0.376686685457658
470,469,469,0.234617308654327,1,3.81389823302407,3.90145186092368,0.36275043656612,3.81389823302407,0.363662733579448,0.362661962668163,0.367076000162392,0.361004109607784,0.376992204717295
471,470,470,0.23511755877939,1,3.7751749429903,3.86588723485694,0.359118733361418,3.7751749429903,0.359970391349408,0.359793888906488,0.364173018452204,0.360822576502589,0.376802631901543
472,471,471,0.235617808904452,1,3.17709604715313,3.31533239806072,0.302898494706153,3.17709604715313,0.302942386702344,0.314498673264107,0.318326504905065,0.353873991016817,0.369546308518427
473,472,472,0.236118059029515,1,3.0775241756808,3.22374540723619,0.293546033992456,3.0775241756808,0.293448011982614,0.305577317693884,0.309296565579058,0.346629490018377,0.361980964161418
474,473,473,0.236618309154577,1,3.69859170957182,3.79564017180588,0.351945412221341,3.69859170957182,0.352668028698469,0.351135143547743,0.355408885623582,0.347305338047782,0.362686744045575
475,474,474,0.23711855927964,1,3.6646236606599,3.76445362401708,0.348760779116085,3.6646236606599,0.349429108106748,0.348703606049156,0.352947753354128,0.347515078247988,0.362905773187873
476,475,475,0.237618809404702,1,3.06145628531509,3.20921390142237,0.29206214052668,3.06145628531509,0.291915906882731,0.30310154629556,0.306790661029468,0.340853048455124,0.355948696432617
477,476,476,0.238119059529765,1,2.94227024650713,3.09956844463333,0.280865628687793,2.94227024650713,0.280551282545851,0.29275309149158,0.296316252935058,0.333638054910592,0.348414166351147
478,477,477,0.238619309654827,1,3.5589356237446,3.66741021043237,0.338851132506853,3.5589356237446,0.339351544925208,0.337983661334025,0.342097333864193,0.334289895874107,0.349094875948131
479,478,478,0.23911955977989,1,3.52240991548685,3.63386886452978,0.335426037774355,3.52240991548685,0.335868746460393,0.335353757434418,0.339435420833181,0.334449475108154,0.349261522603028
480,479,479,0.239619809904952,1,2.92546590194012,3.0843588966217,0.27931249653473,2.92546590194012,0.278948955082488,0.29021265274113,0.293744893952958,0.3278139517531,0.34233212619867
481,480,480,0.240120060030015,1,2.84004175985842,3.00579750537037,0.271290152764323,2.84004175985842,0.270803594319025,0.282424617106224,0.285862068445285,0.321005551556069,0.335222196609045
482,481,481,0.240620310155078,1,3.44938252795151,3.56689561477688,0.328587024050422,3.44938252795151,0.328905440741506,0.327182175393431,0.331164380692836,0.321932045131673,0.336189722591237
483,482,482,0.24112056028014,1,3.40505528004575,3.52617150981072,0.32442845755132,3.40505528004575,0.324678750053779,0.324016777443251,0.327960455996886,0.32224475497841,0.336516281684113
484,483,483,0.241620810405203,1,2.822767975295,2.99015575108393,0.269692885607272,2.822767975295,0.269156504824292,0.280015526207456,0.28342365597809,0.315910370662767,0.329901361119149
485,484,484,0.242121060530265,1,2.74338272642511,2.91715427709357,0.262238296135664,2.74338272642511,0.261586964462693,0.272744744955545,0.276064380468821,0.309435526806684,0.323139760362978
486,485,485,0.242621310655328,1,2.75244220998022,2.92558252494186,0.263098951739444,2.75244220998022,0.262450804123107,0.272139415087174,0.275451682999184,0.303841110048757,0.317297578926402
487,486,486,0.24312156078039,1,2.7148166044445,2.89102852032076,0.25957044875217,2.7148166044445,0.25886312827921,0.268177018845951,0.271441059572934,0.298491496368336,0.311711042368802
488,487,487,0.243621810905453,1,2.72967337437985,2.90479424168973,0.260976143678272,2.72967337437985,0.26027975065263,0.26823547665731,0.271500228887009,0.293953093411682,0.306971643312145
489,488,488,0.244122061030515,1,2.65421273352581,2.83540609469234,0.253890531268179,2.65421273352581,0.253084429421189,0.261620908050433,0.264805152929363,0.289103265607495,0.301907027071665
490,489,489,0.244622311155578,1,3.24204333858152,3.37670012368826,0.30916509695887,3.24204333858152,0.309135239289473,0.305142280504306,0.308856233457384,0.291509117842017,0.304419429324098
491,490,490,0.24512256128064,1,3.20901978367404,3.3463831571843,0.306069261670101,3.20901978367404,0.305986378067593,0.303128223643606,0.30681766307331,0.293251983712255,0.306239482972965
492,491,491,0.245622811405703,1,2.64369214542556,2.8259819058215,0.252928174547214,2.64369214542556,0.252081270554947,0.260696519982929,0.263869513933972,0.288368664152856,0.301139891699511
493,492,492,0.246123061530765,1,2.57095689241887,2.75910298202177,0.246098792974784,2.57095689241887,0.245145820440687,0.254219226823464,0.257313384233017,0.283246248553447,0.295790615336986
494,493,493,0.246623311655828,1,3.17297665536838,3.31346075318454,0.302707370562682,3.17297665536838,0.302549594554889,0.298759924558108,0.302396196471132,0.285573299954146,0.298220726836252
495,494,494,0.24712356178089,1,3.14038298250419,3.28353957254876,0.29965195118615,3.14038298250419,0.299441723435373,0.296762641226977,0.300374603770898,0.287251701145071,0.299973460803891
496,495,495,0.247623811905953,1,2.56372067962801,2.75270266761495,0.245445221015424,2.56372067962801,0.244455833250808,0.253460231323738,0.256545150834259,0.282182980671871,0.294680257609158
497,496,496,0.248124062031016,1,2.490274279184,2.68516900117063,0.238548980003613,2.490274279184,0.237452573823022,0.246892037974058,0.249897014577136,0.276889339267199,0.289152172218944
498,497,497,0.248624312156078,1,2.68857227163379,2.86782626999,0.257201136989284,2.68857227163379,0.256360679281418,0.260844617247114,0.264019413722117,0.274482630964186,0.286638875984588
499,498,498,0.249124562281141,1,2.65277358572355,2.83495428252069,0.253844394196229,2.65277358572355,0.252947203834186,0.257658024923105,0.260794036691012,0.271958940058024,0.284003416239344
500,499,499,0.249624812406203,1,2.6455835105934,2.82842180848694,0.253177326676991,2.6455835105934,0.252261615961433,0.256613150602752,0.259736444978427,0.269657071639733,0.281599603022582
501,500,500,0.250125062531266,1,2.58567251331043,2.77334998215631,0.247553633971816,2.58567251331043,0.246548983973841,0.251622694006108,0.254685248450943,0.26695191499469,0.278774640811408
502,501,501,0.250625312656328,1,2.57373833086791,2.76244968057392,0.246440543112525,2.57373833086791,0.245411036093507,0.250182490032301,0.253227515441852,0.264436501250331,0.276147824805651
503,502,502,0.251125562781391,1,2.54229671500066,2.73358918131769,0.243493435853714,2.54229671500066,0.242413015885354,0.247303901944112,0.250313891432999,0.261866611354398,0.273464120016802
504,503,503,0.251625812906453,1,2.5342949838188,2.72630942788463,0.242750059448669,2.5342949838188,0.24165003500407,0.246188361274205,0.249184773275376,0.259514873842369,0.271008229111462
505,504,504,0.252126063031516,1,2.48578608713225,2.68173534239718,0.238198349870514,2.48578608713225,0.237024615841281,0.242050847754654,0.244996901180379,0.256895269929212,0.268272608578554
506,505,505,0.252626313156578,1,2.47071292663825,2.66794503139782,0.2367901439595,2.47071292663825,0.235587360200462,0.240390194837779,0.243316036096267,0.254419508665497,0.265687201176473
507,506,506,0.253126563281641,1,2.44988972484201,2.64886074470353,0.234841340532829,2.44988972484201,0.233601826758188,0.238323144338238,0.241223827076268,0.252005054016408,0.263165815527044
508,507,507,0.253626813406703,1,2.44615563598303,2.64551014473988,0.234499192000104,2.44615563598303,0.233245774006143,0.237561668105478,0.240453082750936,0.249838546129769,0.260903357668575
509,508,508,0.254127063531766,1,2.33979396069922,2.54767188467015,0.224508379163467,2.33979396069922,0.223103978074916,0.229082872175734,0.231871089554888,0.246725195036664,0.257652122955697
510,509,509,0.254627313656828,1,2.32128880043417,2.53072178360705,0.222777509387545,2.32128880043417,0.221339474473576,0.22706373429748,0.229827376311091,0.243775975925786,0.254572289277315
511,510,510,0.255127563781891,1,2.29462526405295,2.50626038956379,0.220279619406312,2.29462526405295,0.218797053586902,0.224459992673413,0.227191943982355,0.24087857843793,0.251546572290116
512,511,511,0.255627813906953,1,2.29131817315386,2.50330292013653,0.219977615635019,2.29131817315386,0.21848171593417,0.223634243300304,0.226356144234327,0.238291928167286,0.248845364845629
513,512,512,0.256128064032016,1,2.24465244904185,2.46042581564423,0.215599194292957,2.24465244904185,0.21403204691886,0.219589239486889,0.222261907801187,0.235486524865227,0.245915716268737
514,513,513,0.256628314157079,1,2.22163179744299,2.43931837029169,0.213443794801731,2.22163179744299,0.211836982295285,0.217289956437174,0.219934639678219,0.232757039601019,0.243065347976213
515,514,514,0.257128564282141,1,2.20092667610047,2.42034279847773,0.211506092860524,2.20092667610047,0.209862708057626,0.215181097527609,0.217800113388958,0.230120648290007,0.240312196567727
516,515,515,0.257628814407204,1,2.20055798168446,2.42009066606387,0.21148034620727,2.20055798168446,0.209827552316442,0.214629928762028,0.217242236228653,0.22779704036081,0.237885681043906
517,516,516,0.258129064532266,1,2.21585150134712,2.43425849627338,0.212927102719739,2.21585150134712,0.21128581963947,0.215326641169859,0.217947428474481,0.225926480482168,0.235932278093808
518,517,517,0.258629314657329,1,2.17683144018885,2.39842063753971,0.209267498196735,2.17683144018885,0.207565179696227,0.212003483178644,0.214583823605781,0.223838030886639,0.233751335560177
519,518,518,0.259129564782391,1,2.1549356971938,2.3783488784535,0.207217858432195,2.1549356971938,0.205477377331081,0.209932724537694,0.212487861311778,0.221752234934297,0.231573164193879
520,519,519,0.259629814907454,1,2.15490498283286,2.37840791914308,0.20722388740776,2.15490498283286,0.205474448656068,0.209517253349975,0.21206733333402,0.219916987696649,0.22965663780565
521,520,520,0.260130065032516,1,2.14946938008743,2.37349076118689,0.206721768862383,2.14946938008743,0.204956153192403,0.208742847144743,0.211283501662714,0.218240866613863,0.227906284927232
522,521,521,0.260630315157579,1,2.10837144174044,2.3357398324845,0.202866810047642,2.10837144174044,0.201037383552895,0.205301322087725,0.207800089056951,0.216299934934942,0.225879393561267
523,522,522,0.261130565282641,1,2.10196956122979,2.32993303726577,0.202273845657539,2.10196956122979,0.20042695159475,0.204432650591043,0.206920844770864,0.214519842283358,0.224020464437022
524,523,523,0.261630815407704,1,2.10617986218267,2.33389671634193,0.202678599132981,2.10617986218267,0.200828412111042,0.204399282305378,0.206887070352548,0.213001758286661,0.22243514776713
525,524,524,0.262131065532766,1,2.11132750518428,2.33872339200594,0.203171478024611,2.11132750518428,0.201319250044065,0.20448925428383,0.206978137399487,0.211724882686236,0.221101722094284
526,525,525,0.262631315657829,1,2.05581394336563,2.28770021771873,0.197961215860594,2.05581394336563,0.196025922218248,0.200036596450901,0.202471285301246,0.209971639750936,0.219270831802476
527,526,526,0.263131565782891,1,2.05855616226253,2.29031225594329,0.198227945716635,2.05855616226253,0.196287398209266,0.199897492895916,0.202330488686688,0.208460517722683,0.217692785431627
528,527,527,0.263631815907954,1,2.07463195126843,2.30520030965597,0.199748248285785,2.07463195126843,0.197820256460099,0.200815905034174,0.203260079018501,0.207313825819406,0.216495309011713
529,528,528,0.264132066033017,1,2.09108863985659,2.3204390518289,0.201304361618208,2.09108863985659,0.199389434238839,0.201836029875668,0.204292620020946,0.206492156427846,0.215637249651087
530,529,529,0.264632316158079,1,2.01895558885164,2.25411456626588,0.194531596840154,2.01895558885164,0.192511405275521,0.196216641710071,0.198604837061819,0.20495082922018,0.214027660378433
531,530,530,0.265132566283142,1,2.02663048256645,2.26126804327746,0.195262078452387,2.02663048256645,0.193243221558423,0.196493228693058,0.198884790445033,0.203682189141111,0.212702834960461
532,531,531,0.265632816408204,1,2.05791503373577,2.29015857332221,0.19821225232325,2.05791503373577,0.196226265337235,0.198611144241717,0.201028483603708,0.202921532406202,0.211908490375747
533,532,532,0.266133066533267,1,2.07259756169942,2.30376387275424,0.199601565666669,2.07259756169942,0.197626273394315,0.199574206719251,0.202003267723771,0.20241943355316,0.211384154645054
534,533,533,0.266633316658329,1,1.98504394396309,2.22324190561033,0.191379016508505,1.98504394396309,0.189277862918895,0.192851696161072,0.195198936029896,0.200984272944346,0.209885433861438
535,534,534,0.267133566783392,1,1.99009903735903,2.22798337225805,0.191863194230132,1.99009903735903,0.18975987606412,0.192951248614871,0.195299700158226,0.199779319294925,0.208627115408025
536,535,535,0.267633816908454,1,2.06498684813344,2.29701876117172,0.198912784536106,2.06498684813344,0.196900576815437,0.198381818785636,0.200796366977706,0.199569694218532,0.208408206488125
537,536,536,0.268134067033517,1,2.07061089101282,2.30228405096759,0.199450452773906,2.07061089101282,0.197436840418271,0.198769536738359,0.201188803929819,0.199449670596506,0.208282867278178
538,537,537,0.268634317158579,1,1.96700265753207,2.20698084294647,0.189718508303599,1.96700265753207,0.187557590604342,0.19090841956744,0.19323200739489,0.198168482942146,0.206944938579809
539,538,538,0.269134567283642,1,1.96880176941277,2.20872457686519,0.189896570742633,1.96880176941277,0.187729139477588,0.19079235223977,0.193114527386572,0.19706206333679,0.20578951803122
540,539,539,0.269634817408704,1,2.15416788450043,2.37947566260753,0.207332920674535,2.15416788450043,0.20540416487341,0.204603684676592,0.207093960549406,0.19819330653776,0.20697086155905
541,540,540,0.270135067533767,1,2.1548957193608,2.38023308804427,0.207410265629062,2.1548957193608,0.2054735653657,0.204889028718625,0.207382777575732,0.19919766486489,0.208019700755042
542,541,541,0.270635317658829,1,2.06878547447072,2.30104001235785,0.199323417022222,2.06878547447072,0.197262783343577,0.19857704480323,0.20099396913355,0.199104571855641,0.207922484856756
543,542,542,0.271135567783892,1,2.06297470534622,2.29577744441451,0.19878602672803,2.06297470534622,0.196708715024261,0.198122676657233,0.20053407077419,0.198957287575879,0.20776867767321
544,543,543,0.271635817908954,1,2.49640284001793,2.69491546400385,0.239544245924292,2.49640284001793,0.238036944209856,0.230899298654557,0.233709624154794,0.203748589237681,0.212772175774411
545,544,544,0.272136068034017,1,2.4658687656953,2.66689052446395,0.236682462349016,2.4658687656953,0.235125459881476,0.22955073686311,0.232344648724963,0.207618911381495,0.216813906156782
546,545,545,0.27263631815908,1,2.49427667549985,2.69313257449479,0.239362185088575,2.49427667549985,0.237834210221311,0.232478739143617,0.235308288356998,0.211347885545814,0.220708028561836
547,546,546,0.273136568284142,1,2.47661060517544,2.67695501079588,0.237710203430751,2.47661060517544,0.236149715504028,0.231891569079411,0.234713971718445,0.214429438075853,0.223926056421724
548,547,547,0.273636818409205,1,3.17709146436802,3.32196441783535,0.30357572739866,3.17709146436802,0.302941949724728,0.285524647348222,0.288999829828484,0.225093719466709,0.235062635885132
549,548,548,0.274137068534267,1,3.13363272882847,3.28203993901373,0.299498815204772,3.13363272882847,0.298798073407481,0.284372536428108,0.287833696316196,0.233985542010918,0.244348258114028
550,549,549,0.27463731865933,1,3.35504634011376,3.48597940701323,0.320324216773996,3.35504634011376,0.319910298803139,0.30291161053158,0.306598413516064,0.244324452289018,0.255145056478317
551,550,550,0.275137568784392,1,3.32953964046971,3.46258309498377,0.317935088283901,3.32953964046971,0.317478184585505,0.303053044790486,0.306741569202045,0.253133741164238,0.264344489799641
552,551,551,0.275637818909455,1,3.32866560648698,3.46186570410596,0.317861831482463,3.32866560648698,0.317394843717978,0.304752767701248,0.308461979809423,0.260876595144789,0.272430258119851
553,552,552,0.276138069034517,1,3.28474316651718,3.42151429965818,0.313741323521203,3.28474316651718,0.313206752266929,0.302981277906925,0.306668928828161,0.26719229755911,0.279025669402287
554,553,553,0.27663831915958,1,2.86171439315036,3.03212545194639,0.273978646881314,2.86171439315036,0.272870122733068,0.272233393564987,0.275546805309457,0.267948461959991,0.279815322697167
555,554,554,0.277138569284642,1,2.82603780860284,2.99936588134726,0.270633383604644,2.82603780860284,0.269468289892069,0.269688616476312,0.272971055186275,0.268209485137439,0.280087906029405
556,555,555,0.277638819409705,1,1.46551910094897,1.74684428980283,0.142731387125475,1.46551910094897,0.139740142447748,0.166780071090664,0.168809987549694,0.252995073030423,0.264199680352602
557,556,556,0.278139069534767,1,1.39988344418407,1.68650185643373,0.13656948320907,1.39988344418407,0.133481652865429,0.158773860553066,0.160706331685215,0.23886189115882,0.249440570271459
558,557,557,0.27863931965983,1,1.08019722170599,1.39225892575101,0.106522689175127,1.08019722170599,0.102998939785304,0.131757217285428,0.133360862986108,0.222796190077811,0.232663353864037
559,558,558,0.279139569784892,1,1.05445146541041,1.3686425178933,0.104111085467009,1.05445146541041,0.100544031043522,0.126599637340949,0.128140509016234,0.208366707167281,0.217594820208614
560,559,559,0.279639819909955,1,1.15869562190449,1.46470584844475,0.11392065030718,1.15869562190449,0.110483917373489,0.131607005152408,0.133208822588601,0.19685275186505,0.20557093660485
561,560,560,0.280140070035018,1,1.10637510960541,1.41662246635394,0.109010586793383,1.10637510960541,0.105495053129496,0.125348583025356,0.126874227846919,0.186127126539096,0.194370296415473
562,561,561,0.28064032016008,1,1.52551242023246,1.80260314129544,0.148425235818731,1.52551242023246,0.145460624000775,0.15492799982652,0.156813662152695,0.18144725753221,0.189483166081663
563,562,562,0.281140570285143,1,1.48582500707555,1.7661508617124,0.144702889340745,1.48582500707555,0.141676350725635,0.15099247446375,0.152830236656194,0.176879040071941,0.184712632101189
564,563,563,0.281640820410205,1,1.73633256561253,1.99687668506554,0.168263595715299,1.73633256561253,0.165562741487467,0.169041385606886,0.171098825015904,0.175703391902183,0.183484917004066
565,564,564,0.282141070535268,1,1.66463632625058,1.9309543653479,0.161531898344695,1.66463632625058,0.15872636337754,0.163384259817688,0.165372845120365,0.173855522089508,0.181555209014128
566,565,565,0.28264132066033,1,2.0270557484273,2.26471574182861,0.19561414226584,2.0270557484273,0.19328377149867,0.190446788462064,0.192764757677094,0.176344212045392,0.18415411769233
567,566,566,0.283141570785393,1,1.9823000853433,2.22359720151465,0.191415297763702,1.9823000853433,0.18901623057706,0.187561407104715,0.189844257716727,0.17802679130429,0.185911214765581
568,567,567,0.283641820910455,1,2.0707860908417,2.30515224178033,0.199743339805722,2.0707860908417,0.197453546068186,0.194598602297298,0.19696710414002,0.180512562953241,0.188507075891318
569,568,568,0.284142071035518,1,1.99510095445009,2.23555740515114,0.192636621159428,1.99510095445009,0.190236818743587,0.189371878672646,0.191676764927228,0.181841460311152,0.189894827253334
570,569,569,0.28464232116058,1,1.70803271175855,1.97134535305364,0.165656448374175,1.70803271175855,0.16286429449606,0.16791619690423,0.16995994139723,0.179752670800114,0.187713529750067
571,570,570,0.285142571285643,1,1.6745920969533,1.94064440583613,0.162521402663642,1.6745920969533,0.159675665788729,0.164971648384717,0.166979554138321,0.177535517437804,0.185398183436803
572,571,571,0.285642821410705,1,1.8036462272005,2.0595499024064,0.174663509040372,1.8036462272005,0.171981232145754,0.174299113806742,0.176420546167317,0.177050056893145,0.184891222889364
573,572,572,0.286143071535768,1,1.73313278462663,1.99471656572714,0.168043013828423,1.73313278462663,0.165257636047024,0.168869540217878,0.170924888059352,0.175822979391855,0.183609800766295
574,573,573,0.28664332166083,1,1.49321868101599,1.77391861330092,0.145496097971265,1.49321868101599,0.142381352147302,0.150471313216996,0.152302732242744,0.172020229465626,0.179638635229606
575,574,574,0.287143571785893,1,1.46712555654232,1.74998238883749,0.143051835997887,1.46712555654232,0.139893321163266,0.147740034499318,0.149538210538737,0.16837820022068,0.175835308347292
576,575,575,0.287643821910955,1,2.29145680442722,2.50901896769724,0.220561313273383,2.29145680442722,0.21849493470005,0.209401458162176,0.211950128777847,0.174531688911904,0.182261321809931
577,576,576,0.288144072036018,1,2.22258557864127,2.44569759507251,0.214095213181234,2.22258557864127,0.211927927217412,0.20542395824003,0.207924217840495,0.179165529311123,0.187100385028096
578,577,577,0.288644322161081,1,2.47055639690448,2.67408788018379,0.237417424661964,2.47055639690448,0.235572434781011,0.225121299133462,0.227861299346922,0.186058894784474,0.194299042823278
579,578,578,0.289144572286143,1,2.43558913719631,2.64198137419097,0.234138849470786,2.43558913719631,0.232238237465218,0.223857644331575,0.226582264328057,0.191728707216539,0.200219959046143
580,579,579,0.289644822411206,1,1.24591463171295,1.54675344479074,0.122298990009914,1.24591463171295,0.118800422321731,0.134960434760375,0.136603067516473,0.183213466348114,0.191327596485025
581,580,580,0.290145072536268,1,1.28464093247348,1.58249548065828,0.125948809523246,1.28464093247348,0.122493051630517,0.136192225625765,0.137849850775951,0.176160280239762,0.183962039942862
582,581,581,0.290645322661331,1,1.85289582343064,2.10576644700104,0.179382939319202,1.85289582343064,0.1766772784738,0.177791426207423,0.17995536426053,0.176404952134911,0.184217547829697
583,582,582,0.291145572786393,1,1.82187238282139,2.07729095535358,0.17647514734418,1.82187238282139,0.173719132102901,0.175496502967879,0.177632509011929,0.176268684759856,0.184075245465858
584,583,583,0.291645822911456,1,2.25456032474257,2.47574749071962,0.217163776368648,2.25456032474257,0.214976782446958,0.208219310174298,0.210753592610123,0.181061278572023,0.189080092943982
585,584,584,0.292146073036518,1,2.19658304415125,2.42245600797755,0.211721884520987,2.19658304415125,0.209448534167343,0.204794090707419,0.207286684053378,0.184621200392332,0.192797676040523
586,585,585,0.292646323161581,1,2.01368509868134,2.25415196638593,0.194535415975932,2.01368509868134,0.192008853622192,0.191668276035403,0.194001112240915,0.185678261738793,0.193901552359151
587,586,586,0.293146573286643,1,1.98346514261606,2.22641623075472,0.191703164631924,1.98346514261606,0.189127321090414,0.189596638813769,0.191904260672832,0.186266018300039,0.194515339393604
588,587,587,0.293646823411706,1,1.69692253088436,1.96268811909862,0.164772409716231,1.69692253088436,0.161804916793664,0.168032508910094,0.170077669061773,0.183530991891547,0.19165918455144
589,588,588,0.294147073536768,1,1.6439094751199,1.91396712275764,0.159797235839363,1.6439094751199,0.156750017161637,0.163477460512595,0.165467180181168,0.180522962184705,0.188517935682362
590,589,589,0.294647323661831,1,1.43661210922043,1.7231989053567,0.140316824455582,1.43661210922043,0.13698380366017,0.147191494723012,0.148982994365707,0.175523242065451,0.183296788718759
591,590,590,0.295147573786893,1,1.42726159032636,1.71467734356249,0.13944664004203,1.42726159032636,0.136092213205039,0.145487911053767,0.147258676009716,0.171017942413698,0.178591959041137
592,591,591,0.295647823911956,1,1.12816030005564,1.43938664731764,0.111335164839083,1.12816030005564,0.107572314091019,0.121954722592184,0.123439060001488,0.163658459440471,0.170906540405126
593,592,592,0.296148074037018,1,1.13076928707307,1.4418760209743,0.111589368728916,1.13076928707307,0.107821086159034,0.120684287971768,0.122153162645452,0.157212333720166,0.164174929649162
594,593,593,0.296648324162081,1,1.21161833243799,1.51639982803579,0.119199412158697,1.21161833243799,0.115530202409203,0.125517773058668,0.127045477128863,0.152458149620941,0.159210192967506
595,594,594,0.297148574287144,1,1.2251424790045,1.52893862330905,0.12047981878779,1.2251424790045,0.116819756510862,0.125594463157495,0.127123100639535,0.148428596651424,0.155002179768837
596,595,595,0.297648824412206,1,1.54622092633719,1.8246379921406,0.150675337880239,1.54622092633719,0.147435220982201,0.149091948720163,0.150906579201112,0.148528099461735,0.15510608934448
597,596,596,0.298149074537269,1,1.58581320953504,1.86117732488558,0.154406573844273,1.58581320953504,0.151210423427749,0.152112226321982,0.15396361725743,0.149065718490772,0.15566751836332
598,597,597,0.298649324662331,1,1.48654957077054,1.76987411923368,0.14508309202435,1.48654957077054,0.141745439305841,0.144711438866156,0.14647275321051,0.14841257654708,0.154985450168547
599,598,598,0.299149574787394,1,1.90507938655885,2.15529548290384,0.184440626642457,1.90507938655885,0.18165308434371,0.17625937681882,0.178404667966156,0.152589596587841,0.159347461437687
600,599,599,0.299649824912456,1,1.77812763294168,2.0385002504362,0.172514011155182,1.77812763294168,0.169547983753096,0.167491018650984,0.169529588207142,0.154824809897312,0.161681667534306
601,600,600,0.300150075037519,1,1.20436266837788,1.51033088088161,0.118579677965861,1.20436266837788,0.114838360502362,0.124519243239926,0.126034793986882,0.150278974898704,0.156934507286551
602,601,601,0.300650325162581,1,1.34184429706746,1.63699544727031,0.131514106428932,1.34184429706746,0.127947505490367,0.134018769794389,0.135649941341718,0.147839944133057,0.154387457097251
603,602,602,0.301150575287644,1,1.92930732626532,2.17795105475668,0.186754114003407,1.92930732626532,0.183963266274199,0.177994483324114,0.180160892829479,0.152363125011716,0.159110959922837
604,603,603,0.301650825412706,1,1.89541471553678,2.14683396175755,0.183576573315818,1.89541471553678,0.180731538862344,0.176338121596282,0.178484371163403,0.1559593744994,0.162866479560962
605,604,604,0.302151075537769,1,1.25316536883502,1.55561206171433,0.123203593010949,1.25316536883502,0.119491794435294,0.12845561980716,0.13001908104804,0.151833811295564,0.158558204041316
606,605,605,0.302651325662831,1,1.52180396668538,1.80303085758775,0.148468912325454,1.52180396668538,0.145107015626381,0.147965228274801,0.149766145196559,0.15125352384245,0.15795221690572
607,606,606,0.303151575787894,1,2.17127379242432,2.40107518088574,0.209538568488849,2.17127379242432,0.207035246998804,0.197005397038054,0.199403192502165,0.15811630482179,0.165118935685472
608,607,607,0.303651825912956,1,2.10607939167662,2.34113900522985,0.203418149823441,2.10607939167662,0.20081883204974,0.193448019602316,0.195802517453225,0.163416062038869,0.170653407744263
609,608,608,0.304152076038019,1,2.09525271791279,2.33125837006701,0.202409182814536,2.09525271791279,0.199786487310587,0.19369261523302,0.196050090110462,0.167957545017992,0.175396023230955
610,609,609,0.304652326163082,1,2.19191878446302,2.42034466830374,0.211506283798933,2.19191878446302,0.209003787788517,0.201920662439099,0.204378282665682,0.173052012631158,0.180716113851073
611,610,610,0.305152576288144,1,1.46307885068766,1.749400129886,0.142992378274471,1.46307885068766,0.139507459762887,0.147784583666754,0.149583301923763,0.169261898286497,0.176758143498667
612,611,611,0.305652826413207,1,1.15788899615653,1.46850378500014,0.114308478885317,1.15788899615653,0.110407004014359,0.123933646560718,0.125442069883337,0.16246266052763,0.169657782131875
613,612,612,0.306153076538269,1,1.8918840871546,2.14436923624632,0.183324886386198,1.8918840871546,0.180394886468843,0.17812694124341,0.180294962922872,0.164812302634997,0.17211148483159
614,613,613,0.306653326663332,1,1.98541519976286,2.2305692300026,0.192127250650693,1.98541519976286,0.189313262893082,0.18567936533239,0.187939309205334,0.167942362039606,0.175380167831132
615,614,614,0.307153576788394,1,1.97591361899357,2.22190858783421,0.191242863960989,1.97591361899357,0.188407268389619,0.185590305126733,0.187849165028576,0.170589553502675,0.178144597707167
616,615,615,0.307653826913457,1,1.87702890361678,2.13095425119027,0.181955007109872,1.87702890361678,0.178978415361563,0.178640109276524,0.180814376835544,0.171797136868753,0.179405662341727
617,616,616,0.308154077038519,1,1.86634143153161,2.12120177689876,0.18095912732551,1.86634143153161,0.177959343777562,0.178076804992377,0.180244216452641,0.172739087087296,0.18038932950831
618,617,617,0.308654327163582,1,1.91866401466919,2.16946170344953,0.185887218783135,1.91866401466919,0.182948405480098,0.182229007787904,0.184446956609981,0.174162575192387,0.181875860838134
619,618,618,0.309154577288644,1,1.90581135097977,2.15771577013307,0.184687775730155,1.90581135097977,0.18172287859776,0.181545021626263,0.183754645504249,0.175269942157469,0.183032270702971
620,619,619,0.309654827413707,1,1.90475504157312,2.15683056104087,0.18459738207071,1.90475504157312,0.181622157408348,0.181690565456235,0.183901960779778,0.176233035652284,0.18403801753603
621,620,620,0.310155077538769,1,1.85729835864766,2.11322523278216,0.180144597720269,1.85729835864766,0.177097068907074,0.178295650222053,0.180465725295127,0.176542427837749,0.184361112035557
622,621,621,0.310655327663832,1,1.8728732765219,2.12765214205119,0.181617810246894,1.8728732765219,0.178582168105678,0.179540259015639,0.181725482492587,0.176992102514433,0.184830701835941
623,622,622,0.311155577788894,1,1.86435621461188,2.11989793144359,0.180825984361794,1.86435621461188,0.177770049421062,0.178989630763066,0.181168152423991,0.177291731751728,0.185143601007333
624,623,623,0.311655827913957,1,1.91889266014226,2.1701961274751,0.185962214934712,1.91889266014226,0.182970207277806,0.183180915618198,0.18541045031717,0.178175109331698,0.186066101479233
625,624,624,0.31215607803902,1,1.95626653807698,2.20469300818762,0.189484884679665,1.95626653807698,0.186533880397481,0.186190078111308,0.188456237980377,0.17937735464864,0.187321591653949
626,625,625,0.312656328164082,1,1.97334911450307,2.22050799578691,0.191099841660765,1.97334911450307,0.188162737818453,0.187727357913531,0.190012228348871,0.180629855138373,0.188629562694908
627,626,626,0.313156578289145,1,0.981130763450156,1.30707494879232,0.0978240760776739,0.981130763450156,0.093552757214569,0.112890270287727,0.114264282279825,0.170468917410776,0.178018618902375
628,627,627,0.313656828414207,1,0.947121540284484,1.27585049249345,0.0946355719220864,0.947121540284484,0.090309910576384,0.108288259548829,0.109606259468965,0.161141818731484,0.168278443095117
629,628,628,0.31415707853927,1,1.97582812689391,2.22305234164933,0.191359659070488,1.97582812689391,0.188399116548967,0.184279901120155,0.186522811810299,0.164612531089785,0.171902865834562
630,629,629,0.314657328664332,1,1.93445766878995,2.18505050814575,0.1874790789609,1.93445766878995,0.184454361612076,0.181847118314589,0.184060419076964,0.167197719173505,0.174602546335013
631,630,630,0.315157578789395,1,1.93685112705135,2.1873414477502,0.187713019638012,1.93685112705135,0.184682582587274,0.182549306577352,0.184771153825544,0.169500457284082,0.17700726776086
632,631,631,0.315657828914457,1,1.90683828155054,2.15979639567009,0.184900240059638,1.90683828155054,0.181820798457112,0.180742478943643,0.182942334900379,0.171186760533017,0.178768253751652
633,632,632,0.31615807903952,1,1.88264968551097,2.13761364160982,0.182635034772265,1.88264968551097,0.179514368023015,0.179253146562178,0.181434875531113,0.172396718437391,0.180031798087701
634,633,633,0.316658329164582,1,1.89717537395349,2.15107454127683,0.184009602646735,1.89717537395349,0.180899421121807,0.180598462271141,0.182796565369685,0.173626980012453,0.181316545300318
635,634,634,0.317158579289645,1,1.8986452153529,2.15251512086441,0.184156708298711,1.8986452153529,0.181039573403955,0.180959765428295,0.183162266026016,0.174726897824829,0.182465176105507
636,635,635,0.317658829414707,1,1.93829265390487,2.18910523430623,0.187893129764178,1.93829265390487,0.184820035021516,0.184184300216377,0.186426047327163,0.176145508183562,0.183946613664083
637,636,636,0.31815907953977,1,0.927777880085076,1.25882694875758,0.0928972025034141,0.927777880085076,0.0884654543492521,0.107995751785487,0.109310191530122,0.16592304472385,0.173271419297167
638,637,637,0.318659329664832,1,1.1498095950247,1.46333549540382,0.113780715881299,1.1498095950247,0.109636617149853,0.122758747093803,0.124252870459899,0.159448400079343,0.166510026575224
639,638,638,0.319159579789895,1,1.14867554442026,1.46237871117156,0.11368301328333,1.14867554442026,0.109528483183599,0.121382005107627,0.12285937184807,0.153738440833586,0.160547185522686
640,639,639,0.319659829914958,1,1.23638167615455,1.5432157335074,0.121937734492117,1.23638167615455,0.117891436170123,0.126881671347713,0.128425975720134,0.149709925410705,0.156340255821361
641,640,640,0.32016008004002,1,1.23143807316774,1.53875155225645,0.121481871935738,1.23143807316774,0.117420053855738,0.125705846302731,0.127235839453217,0.146109313544509,0.152580180604369
642,641,641,0.320660330165083,1,1.39630851469171,1.69063258263849,0.13699129480263,1.39630851469171,0.133140776273524,0.137467217065819,0.139140360413667,0.144812999072705,0.151226455154365
643,642,642,0.321160580290145,1,1.36230443432036,1.65941286123224,0.133803274153454,1.36230443432036,0.129898420010941,0.134638520187425,0.136277234851357,0.143286827239913,0.149632692455522
644,643,643,0.321660830415208,1,1.45296230668238,1.74296750633277,0.142335507047172,1.45296230668238,0.138542827299576,0.141198333174062,0.142916888746219,0.142973553130035,0.149305544109505
645,644,644,0.32216108054027,1,1.44139365133408,1.73240373999437,0.141256781686953,1.44139365133408,0.137439733150033,0.140264168987647,0.141971354644652,0.142567145508677,0.148881137569213
646,645,645,0.322661330665333,1,1.50282879782579,1.78905346522302,0.14704160248817,1.50282879782579,0.143297695776717,0.144836343743263,0.146599178331997,0.142907525243865,0.149236591990352
647,646,646,0.323161580790395,1,1.49736520389462,1.78411053620725,0.146536852315526,1.49736520389462,0.142776731298176,0.144494944545121,0.146253623890086,0.143145638139054,0.149485250393234
648,647,647,0.323661830915458,1,1.51684840675636,1.80213574410495,0.148377507273199,1.51684840675636,0.144634493193927,0.146021078518625,0.147798332771558,0.143576954195989,0.14993566851011
649,648,648,0.32416208104052,1,1.54104990561964,1.82450501546944,0.150661758887397,1.54104990561964,0.146942153937764,0.147942936216744,0.149743581817023,0.144231851499102,0.150619569805395
650,649,649,0.324662331165583,1,1.52023521046752,1.8054285607132,0.148713755223795,1.52023521046752,0.144957431620818,0.146502661217815,0.148285776918348,0.144572472956909,0.150975276654528
651,650,650,0.325162581290645,1,2.24110946639838,2.4692138583932,0.216496590569656,2.24110946639838,0.213694216522129,0.201130936130472,0.203578944426676,0.153056242432944,0.159834774023016
652,651,651,0.325662831415708,1,2.19631796981818,2.42806232672352,0.212294377135366,2.19631796981818,0.209423258805842,0.199441858779548,0.201869308948556,0.160014084884934,0.167100764343463
653,652,652,0.32616308154077,1,2.20060295840622,2.43209476957102,0.212706152464721,2.20060295840622,0.209831840935746,0.201161729913622,0.203610113007647,0.166186231639238,0.173546262194641
654,653,653,0.326663331665833,1,2.14401920101351,2.38008628247298,0.207395274489757,2.14401920101351,0.204436467847011,0.198117883594692,0.200529219374244,0.170975979432556,0.178548137609867
655,654,654,0.327163581790895,1,2.14012033661388,2.37658397617168,0.207037634373018,2.14012033661388,0.204064703421535,0.198784777551906,0.201204230242618,0.175147299150458,0.182904196101116
656,655,655,0.327663831915958,1,2.07962697279664,2.32097597381796,0.201359189730408,2.07962697279664,0.198296541634021,0.195044884780683,0.197418818424414,0.178131936994992,0.186021017132644
657,656,656,0.32816408204102,1,2.08090085141912,2.32223613345312,0.20148787169031,2.08090085141912,0.198418008478125,0.195742232626982,0.198124653842769,0.18077348133979,0.188779549791693
658,657,657,0.328664332166083,1,2.02242640917648,2.26848692152961,0.195999238551681,2.02242640917648,0.192842354852561,0.191849177814611,0.194184215814958,0.182434835811014,0.190514482077101
659,658,658,0.329164582291146,1,1.29744263182735,1.60109268776592,0.127847874524649,1.29744263182735,0.123713718962744,0.137318312335255,0.138989643331295,0.17566735728965,0.183447286496093
660,659,659,0.329664832416208,1,1.24659087498939,1.5543615665206,0.123075897941302,1.24659087498939,0.118864903454537,0.132120341740604,0.133728407107875,0.169135304957293,0.17662594362335
661,660,660,0.330165082541271,1,1.95084663005492,2.2028464628569,0.189296323591392,1.95084663005492,0.186017081456706,0.184116385117432,0.186357305618802,0.171382466981314,0.178972627617371
662,661,661,0.330665332666333,1,1.90110736845638,2.15713959908186,0.18462893967634,1.90110736845638,0.181274344568102,0.180805536849452,0.183006160297651,0.172795927461534,0.180448687220399
663,662,662,0.331165582791396,1,1.19177677306247,1.50415701220267,0.117949229648349,1.19177677306247,0.113638270511676,0.127409733513151,0.128960465044848,0.165987998369277,0.173339249599765
664,663,663,0.331665832916458,1,1.15471812646525,1.47012499806523,0.114474030033612,1.15471812646525,0.110104655322995,0.123247542552029,0.124747615153781,0.15957692999669,0.166644248806004
665,664,664,0.332166083041521,1,1.82797502156069,2.09006971484001,0.177780058063384,1.82797502156069,0.174301030766783,0.172921772896235,0.175026441341519,0.161578656431621,0.16873462739689
666,665,665,0.332666333166583,1,1.79241595871848,2.05741834469003,0.174445843740728,1.79241595871848,0.170910403852634,0.170635002318074,0.172711837982113,0.162937108314589,0.170153242190275
667,666,666,0.333166583291646,1,1.249299189481,1.55746630308536,0.123392939985013,1.249299189481,0.119123146593509,0.129807345963902,0.131387259357343,0.157967643961986,0.164963690956115
668,667,667,0.333666833416708,1,1.21646676089388,1.52732530368172,0.120315073682645,1.21646676089388,0.115992509643981,0.126332690324981,0.127870312930171,0.153222400916435,0.160008291308158
669,668,668,0.334167083541771,1,1.22707852159723,1.53718270952429,0.121321668615524,1.22707852159723,0.117004361998103,0.126190757759609,0.127726652872728,0.149167654442911,0.155773968839407
670,669,669,0.334667333666833,1,1.20209342789331,1.51426663216172,0.118981579577594,1.20209342789331,0.114621983937664,0.123492936076682,0.124995995416306,0.145316446687977,0.151752199381064
671,670,670,0.335167583791896,1,1.22228082417789,1.53294018024849,0.120888440184046,1.22228082417789,0.116546892067916,0.124254499644187,0.125766828139353,0.142157154631408,0.148452989078318
672,671,671,0.335667833916958,1,1.20588614712289,1.5179331690227,0.11935599019682,1.20588614712289,0.114983627211411,0.122385896038845,0.123875481353791,0.139191465842524,0.145355956315334
673,672,672,0.336168084042021,1,1.22633245324343,1.53684509146309,0.121287192543921,1.22633245324343,0.116933222906182,0.123344157830433,0.124845406357717,0.13681436964071,0.142873583638412
674,673,673,0.336668334167084,1,1.18608091832288,1.49987343354019,0.117511809434035,1.18608091832288,0.113095159506055,0.119826494000577,0.12128492827758,0.13426618829469,0.140212548824434
675,674,674,0.337168584292146,1,1.27423015939075,1.58111841990948,0.125808190135737,1.27423015939075,0.121500363843214,0.125992050565145,0.127525527169853,0.133025067635258,0.138916461601971
676,675,675,0.337668834417209,1,1.27627294828132,1.5830865035502,0.126009162181717,1.27627294828132,0.121695147800908,0.125902438239142,0.127434824152773,0.131956673225841,0.137800750303417
677,676,676,0.338169084542271,1,1.26687073763902,1.5745173499485,0.125134117902087,1.26687073763902,0.12079862843543,0.124981207653508,0.126502381069649,0.130910353389991,0.136708091213787
678,677,677,0.338669334667334,1,1.67911323821946,1.95415007799897,0.163900542508481,1.67911323821946,0.160106765543178,0.155974682746927,0.157873084478198,0.134670002793531,0.140634247398393
679,678,678,0.339169584792396,1,1.69141460049318,1.96556307434559,0.165065987502322,1.69141460049318,0.161279724746042,0.157661598595866,0.159580532146223,0.138118742163882,0.144235724013538
680,679,679,0.339669834917459,1,1.29086667434717,1.59687200122926,0.127416876577631,1.29086667434717,0.123086688421542,0.12804168384025,0.129600106976597,0.136607183415337,0.142657221580996
681,680,680,0.340170085042521,1,1.31725265653496,1.62125249321254,0.129906505196297,1.31725265653496,0.125602643967367,0.129740289409979,0.131319386643542,0.135577149314533,0.14158156948657
682,681,681,0.340670335167584,1,1.23626952886145,1.54677987647639,0.122301689097409,1.23626952886145,0.1178807427041,0.123409449903176,0.124911493114455,0.13375199440283,0.139675582391683
683,682,682,0.341170585292646,1,1.28466412221142,1.59142336248829,0.126860485551905,1.28466412221142,0.122495262817857,0.126710959365173,0.128253185964987,0.132695839147181,0.138572652292678
684,683,683,0.341670835417709,1,1.28896688726756,1.59547217185997,0.127273932158732,1.28896688726756,0.122905539969124,0.126829376290059,0.128373044167978,0.131815869718613,0.137653710911872
685,684,684,0.342171085542771,1,1.31069493000265,1.61556416973428,0.129325638619305,1.31069493000265,0.124977351783073,0.128301784446485,0.129863373323788,0.131288756927794,0.137103253429929
686,685,685,0.342671335667834,1,1.27322132721678,1.58115011173634,0.125811426365719,1.27322132721678,0.121404169701763,0.125364352645749,0.126890189402786,0.130400096285487,0.136175235920232
687,686,686,0.343171585792896,1,1.32364391465928,1.62766074110791,0.130560887288618,1.32364391465928,0.126212063059984,0.12900664060797,0.130576808442662,0.130191077933859,0.135956960595633
688,687,687,0.343671835917959,1,1.64957835669797,1.92783095051208,0.161212948958088,1.64957835669797,0.157290556223001,0.153635737295962,0.155505671214282,0.133707776838175,0.139629406526249
689,688,688,0.344172086043022,1,1.66157318781306,1.93896172827657,0.162349575031487,1.66157318781306,0.15843428707412,0.155250864607746,0.157140456591279,0.13693924000361,0.143003984240956
690,689,689,0.344672336168084,1,1.32874585711825,1.63261997884682,0.131067302836344,1.32874585711825,0.126698543355952,0.13071262445166,0.132303556186143,0.136005247670818,0.142028627397758
691,690,690,0.345172586293147,1,1.38385106485114,1.68344182559978,0.13625700631798,1.38385106485114,0.131952933812699,0.134700229211699,0.136339694949565,0.13580949490195,0.14182420516003
692,691,691,0.345672836418209,1,1.46685988835579,1.75995410759164,0.144070104062562,1.46685988835579,0.139867989176664,0.140947242020375,0.142662741507581,0.136580156969714,0.142628998192259
693,692,692,0.346173086543272,1,1.49379904994677,1.78484390344971,0.14661174055306,1.49379904994677,0.142436691471782,0.143144156657943,0.14488639527023,0.137564756922948,0.143657203958497
694,693,693,0.346673336668334,1,1.42008290855157,1.71706189060849,0.139690139499397,1.42008290855157,0.135407711711237,0.137766213258251,0.13944299575368,0.137594975373244,0.143688760718924
695,694,694,0.347173586793397,1,1.40533767186626,1.70357349407925,0.138312763766285,1.40533767186626,0.134001724253621,0.136660342258244,0.138323664957609,0.137454780405994,0.143542356818284
696,695,695,0.347673836918459,1,1.4641601286755,1.75781775559896,0.143851949192505,1.4641601286755,0.139610561755859,0.141088029832377,0.142805242878612,0.137999767819951,0.144111480551956
697,696,696,0.348174087043522,1,1.5143797083237,1.80414147877762,0.148582324076976,1.5143797083237,0.144399097919708,0.145001683670527,0.146766530647417,0.139050055197538,0.145208282897207
698,697,697,0.348674337168584,1,1.67669779779022,1.95367259738567,0.163851784288157,1.67669779779022,0.159876448524835,0.15750007095287,0.159417038515211,0.141817557560838,0.148098351984327
699,698,698,0.349174587293647,1,1.683655851596,1.96016609078043,0.164514871275975,1.683655851596,0.160539912705786,0.158584173033382,0.160514335437541,0.144332549881719,0.150724727902668
700,699,699,0.349674837418709,1,1.74506362658526,2.01679061548248,0.170297118710245,1.74506362658526,0.166395265405619,0.163738556287921,0.165731453809868,0.147243450842649,0.153764546402705
701,700,700,0.350175087543772,1,1.74271732544331,2.01471773059208,0.170085444821553,1.74271732544331,0.166171540954952,0.164147179672462,0.166145050638348,0.149779010167121,0.156412400192964
702,701,701,0.350675337668834,1,1.61518096585878,1.89738426028933,0.158103866853666,1.61518096585878,0.154010697030046,0.15500628607809,0.156892901243232,0.150563101553767,0.157231217299707
703,702,702,0.351175587793897,1,1.64555335591551,1.92543497745168,0.160968282726381,1.64555335591551,0.15690676444415,0.157465715093077,0.159382264502789,0.151598493584663,0.158312464615419
704,703,703,0.351675837918959,1,1.80840750734444,2.07545964016678,0.176288141491222,1.80840750734444,0.172435229616763,0.17000169275385,0.172070820269669,0.154358973460041,0.161195200203739
705,704,704,0.352176088044022,1,1.79965380685081,2.06748756000934,0.175474067725858,1.79965380685081,0.171600546975553,0.169895316610088,0.171963149398764,0.156689424932548,0.163628862356676
706,705,705,0.352676338169085,1,1.76729954829194,2.03778680448823,0.172441157192631,1.76729954829194,0.168515504483183,0.167916832292308,0.169960584518754,0.158373536036512,0.165387559117115
707,706,706,0.353176588294147,1,1.7628249921549,2.03375446754793,0.172029392678053,1.7628249921549,0.168088846712857,0.167919030261926,0.169962809240338,0.159805360170324,0.166882795660432
708,707,707,0.35367683841921,1,1.74156400181454,2.01426711559024,0.170039429999319,1.74156400181454,0.16606156926774,0.166600364777468,0.168628093991939,0.160824610861396,0.167947186771115
709,708,708,0.354177088544272,1,1.75820513541056,2.02967567348055,0.17161288416597,1.75820513541056,0.167648334242481,0.168067637031834,0.17011322473551,0.161911064786961,0.169081757402923
710,709,709,0.354677338669335,1,1.75539695049752,2.02717753921723,0.171357785681514,1.75539695049752,0.167380568261462,0.168076415405585,0.170122109952754,0.162835867379755,0.170047517512314
711,710,710,0.355177588794397,1,1.73899336545889,2.0121623265462,0.169824498198768,1.73899336545889,0.165816454011113,0.167023956569286,0.169056841411433,0.163464080758185,0.170703553109317
712,711,711,0.35567783891946,1,1.8444893389882,2.10937818602931,0.179751754224747,1.8444893389882,0.175875703569242,0.175137601802008,0.177269239582038,0.165215108914758,0.172532130534615
713,712,712,0.356178089044522,1,1.79420025693335,2.06316511091085,0.175032678233566,1.79420025693335,0.171080540213568,0.171685916062805,0.173775542626222,0.166185729986965,0.173545738325269
714,713,713,0.356678339169585,1,1.85978346419545,2.12363389268973,0.181207484293912,1.85978346419545,0.177334028632143,0.176847423950904,0.17899987234757,0.167784984081556,0.175215819942007
715,714,714,0.357178589294647,1,1.86819009021773,2.13146106452321,0.182006760658523,1.86819009021773,0.17813561703662,0.177807505075464,0.179971638827964,0.169288362230642,0.176785779473946
716,715,715,0.35767883941971,1,1.91020251504862,2.17022858491243,0.185965529345468,1.91020251504862,0.182141584769583,0.181291715320943,0.183498256152886,0.171088865194187,0.178666022838944
717,716,716,0.358179089544772,1,1.82649976730439,2.09325205528296,0.178105024673842,1.82649976730439,0.174160362358035,0.175321160967378,0.177455032885867,0.171723709560166,0.179328983095664
718,717,717,0.358679339669835,1,1.87595462455233,2.13887171016236,0.182763503200006,1.87595462455233,0.178875980729767,0.179194911607454,0.181375931786111,0.172844389867259,0.180499295921779
719,718,718,0.359179589794897,1,1.85027756303284,2.11531854854165,0.18035835791946,1.85027756303284,0.17642762217064,0.177479806796933,0.179639952062531,0.17353970240671,0.181225402357243
720,719,719,0.35967983991996,1,1.87965994614663,2.14245778134794,0.183129697018338,1.87965994614663,0.179229290466274,0.17984655580279,0.182035507284442,0.174485730416122,0.182213327911277
721,720,720,0.360180090045022,1,1.82400574630869,2.09130512377239,0.177906212590369,1.82400574630869,0.173922552527388,0.175827835133476,0.177967873893258,0.174687046123725,0.182423559458325
722,721,721,0.360680340170085,1,1.83529619098231,2.1017873836385,0.178976614868094,1.83529619098231,0.174999118739298,0.176726577474142,0.1788775550221,0.174992975826288,0.182743038129032
723,722,722,0.361180590295148,1,1.80915580191169,2.07780764337851,0.17652790925295,1.80915580191169,0.172506580982537,0.174813457672973,0.176941150224426,0.174966048103291,0.182714917835134
724,723,723,0.36168084042021,1,1.89587314262585,2.15773430083995,0.184689668004446,1.89587314262585,0.180775250791236,0.181374897999591,0.183582451265977,0.175927375587736,0.183718820445024
725,724,724,0.362181090545273,1,1.88071106209907,2.14386212251693,0.183273102162381,1.88071106209907,0.179329516449565,0.180423701847966,0.182619677899453,0.17660182452677,0.184423139276109
726,725,725,0.362681340670335,1,1.64688645403721,1.92867067615477,0.1612986980477,1.64688645403721,0.157033877984535,0.162866636321407,0.164848921516117,0.174541546295966,0.182271615756319
727,726,726,0.363181590795398,1,1.62175397578617,1.90561890407814,0.158944752462341,1.62175397578617,0.154637446516265,0.160556554147939,0.162510722830917,0.172443797473762,0.180080962153275
728,727,727,0.36368184092046,1,1.78000451500747,2.05140509095367,0.173831796714786,1.78000451500747,0.16972694816718,0.172117499874919,0.174212379338625,0.172394852833935,0.180029849860683
729,728,728,0.364182091045523,1,1.77497594615185,2.04686268291777,0.173367945983161,1.77497594615185,0.169247464189293,0.171731158725462,0.17382133594715,0.172295298717664,0.17992588670685
730,729,729,0.364682341170585,1,1.5520189173979,1.84167685176682,0.152415271290276,1.5520189173979,0.147988070887883,0.154841756634916,0.15672636927648,0.169677267405252,0.177191908421789
731,730,730,0.365182591295648,1,1.53042898256206,1.82188664560816,0.15039438247246,1.53042898256206,0.145929427935058,0.152688225370928,0.154546626915871,0.167128911100103,0.174530690900119
732,731,731,0.36568284142071,1,1.54956708625311,1.8395941259408,0.152202592488518,1.54956708625311,0.147754283942896,0.153630948219867,0.155500823849303,0.165104216668068,0.172416327108967
733,732,732,0.366183091545773,1,1.543939463439,1.83450017802379,0.151682420929844,1.543939463439,0.14721767898621,0.152804120397217,0.15466393252569,0.16325920222744,0.170489600949358
734,733,733,0.366683341670835,1,1.19590691659478,1.51415921702321,0.118970610816049,1.19590691659478,0.114032087859509,0.126099846063538,0.127634634670664,0.157685298802855,0.164668841337512
735,734,734,0.367183591795898,1,1.19203940269922,1.51068577465485,0.118615918157202,1.19203940269922,0.113663312766551,0.124696382399605,0.126214089145736,0.152736961342367,0.159501352660053
736,735,735,0.36768384192096,1,1.18756773747127,1.50665609933066,0.118204425435155,1.18756773747127,0.11323693065012,0.123372309441835,0.124873900608495,0.148332263557288,0.154901580289276
737,736,736,0.368184092046023,1,1.18598230498442,1.50528373465488,0.11806428558997,1.18598230498442,0.113085756529353,0.122375396012217,0.12386485352906,0.144438733425527,0.150835614087118
738,737,737,0.368684342171086,1,1.00736583542584,1.34092158290745,0.101280345499814,1.00736583542584,0.0960543231734395,0.108082915270726,0.109398415901066,0.138985360702307,0.145140723222009
739,738,738,0.369184592296148,1,1.0130916266999,1.34628055090494,0.101827579743578,1.0130916266999,0.0966002886867823,0.107429584065445,0.108737132859826,0.134251994206778,0.140197726110915
740,739,739,0.369684842421211,1,1.20695875072757,1.52485838646442,0.120063162945639,1.20695875072757,0.115085902084806,0.121158887896575,0.122633539028996,0.132288028260247,0.138146780339199
741,740,740,0.370185092546273,1,1.184911618366,1.50464724548778,0.117999290115433,1.184911618366,0.112983664444386,0.119101568759529,0.120551179814017,0.13031005933514,0.136081211427119
742,741,741,0.370685342671336,1,1.37434222895897,1.67914045051,0.135817768810776,1.37434222895897,0.131046247518933,0.133046194463504,0.134665528585301,0.130720479604394,0.136509808326847
743,742,742,0.371185592796398,1,1.41217494729192,1.71405977860826,0.139383577024886,1.41217494729192,0.134653671977343,0.135995490774147,0.137650721421736,0.131511731279857,0.13733610283619
744,743,743,0.371685842921461,1,1.48702299521109,1.78305855846503,0.146429428974971,1.48702299521109,0.141790581261833,0.14182229273635,0.143548442655824,0.133058315498331,0.138951181941348
745,744,744,0.372186093046523,1,1.47663922001278,1.77358569328469,0.145462101643353,1.47663922001278,0.140800467776164,0.141349772560832,0.143070171334649,0.134302034057706,0.140249982119152
746,745,745,0.372686343171586,1,1.50916020338259,1.80361458767741,0.148528520275031,1.50916020338259,0.14390140780874,0.144063733668364,0.145817164652116,0.135766288999305,0.141779085760939
747,746,746,0.373186593296648,1,1.53721602939716,1.8295324795103,0.151175141405026,1.53721602939716,0.146576586263409,0.146483876624316,0.148266763693483,0.137373927143057,0.143457922738333
748,747,747,0.373686843421711,1,0.914513144017029,1.25630670953282,0.0926398467575104,0.914513144017029,0.087200635551271,0.0996829389124358,0.100896201606591,0.131720278908463,0.137553886590459
749,748,748,0.374187093546773,1,0.905223230058997,1.24784094578275,0.0917753601948319,0.905223230058997,0.0863148238965596,0.0978531562331629,0.0990441482450189,0.126640210507168,0.132248832892318
750,749,749,0.374687343671836,1,0.935305405068278,1.27562446635873,0.0946124911272464,0.935305405068278,0.0891832187323641,0.099117789665022,0.100324173804973,0.122511847380846,0.127937633447645
751,750,750,0.375187593796898,1,0.918337474317185,1.26008966916156,0.0930261459577664,0.918337474317185,0.0875652930030674,0.0970119877082378,0.0981927416753298,0.118686868429955,0.12394325441063
752,751,751,0.375687843921961,1,1.25695046691034,1.57193282749847,0.124870197835929,1.25695046691034,0.11985271101692,0.121877411568081,0.123360808008125,0.119165449900674,0.124443031224747
753,752,752,0.376188094047024,1,1.18691774382961,1.50754208195535,0.118294898084336,1.18691774382961,0.113174952471864,0.116677027483238,0.1180971289194,0.118792186538059,0.124053236831089
754,753,753,0.376688344172086,1,1.61660694324485,1.90323772064129,0.158701596481947,1.61660694324485,0.154146666791837,0.149125489101631,0.150940527809846,0.123342181922595,0.128804741719312
755,754,754,0.377188594297149,1,1.60972417764045,1.89698818182046,0.158063421062334,1.60972417764045,0.153490381489673,0.149518609383955,0.151338432844486,0.127268646041799,0.132905100484341
756,755,755,0.377688844422211,1,1.54054448546986,1.83338280888041,0.151568320106986,1.54054448546986,0.146893961127667,0.145072359651187,0.146838066840784,0.129939203083207,0.135693930749896
757,756,756,0.378189094547274,1,1.49692622176437,1.79331145489933,0.147476409667755,1.49692622176437,0.142734873484536,0.142309430686719,0.144041509667961,0.131794737223733,0.137631642504273
758,757,757,0.378689344672336,1,1.22579759990628,1.54377476961105,0.121994820800444,1.22579759990628,0.116882223583502,0.122165395059172,0.123652296608817,0.130350335899049,0.136123271753367
759,758,758,0.379189594797399,1,1.1813561920329,1.50294555929658,0.117825521405413,1.1813561920329,0.112644647517259,0.118517178443286,0.119959676756344,0.128575362280685,0.134269688373307
760,759,759,0.379689844922461,1,1.08782464555658,1.41691980395498,0.109040949601543,1.08782464555658,0.103726229722844,0.111087680179827,0.112439752456316,0.125952209965556,0.131530362287341
761,760,760,0.380190095047524,1,1.04685107370719,1.37928337759804,0.105197683262751,1.04685107370719,0.0998193186746564,0.107466160997479,0.108774154977641,0.123179302620345,0.128634648843292
762,761,761,0.380690345172586,1,1.10871762306077,1.43633028888942,0.111023062957915,1.10871762306077,0.105718416416761,0.111597684600997,0.112955964252036,0.121442059917442,0.126820467399741
763,762,762,0.381190595297649,1,1.12483068797712,1.4512526619667,0.112546870069645,1.12483068797712,0.107254828999321,0.112473693664591,0.113842635412155,0.120096804979515,0.125415634015691
764,763,763,0.381690845422711,1,1.16690582323551,1.49007791889408,0.116511534557947,1.16690582323551,0.111266776295476,0.115392923250396,0.116797395575116,0.119391222720147,0.124678803036516
765,764,764,0.382191095547774,1,1.13769205363554,1.46326856385945,0.113773881126345,1.13769205363554,0.1084811856316,0.113044906021945,0.11442080011914,0.118439275215417,0.123684695825456
766,765,765,0.382691345672836,1,1.00011998955438,1.33669537284967,0.100848783515111,1.00011998955438,0.0953634174502896,0.102447003732484,0.10369390845974,0.116040434492977,0.121179615609885
767,766,766,0.383191595797899,1,0.97236422865812,1.3112283842842,0.0982482066437615,0.97236422865812,0.0927168507976421,0.0998706776674627,0.10108622537077,0.11361497096915,0.118646733526348
768,767,767,0.383691845922961,1,0.920362681994273,1.26343866900927,0.0933681310936892,0.920362681994273,0.0877584005573117,0.0954540933810492,0.0966158858780117,0.110890839330935,0.11580195596039
769,768,768,0.384192096048024,1,0.878537423920508,1.22501810808103,0.0894447923810105,0.878537423920508,0.0837702795445203,0.0917479222782237,0.0928646061619544,0.108019401773028,0.11280334861257
770,769,769,0.384692346173087,1,1.08346628590304,1.41378031776905,0.108720359079344,1.08346628590304,0.103310651516848,0.106686769971207,0.107985277813955,0.107819507002755,0.112594600933108
771,770,770,0.385192596298149,1,1.03006594097584,1.36470275017811,0.10370877371459,1.03006594097584,0.0982188230977883,0.102609437656342,0.103858319402155,0.107037996600793,0.111778479117306
772,771,771,0.385692846423212,1,1.16877805229486,1.49250020323508,0.116758887581916,1.16877805229486,0.111445297036202,0.112954952694691,0.114329751950409,0.107925540014878,0.112705329919148
773,772,772,0.386193096548274,1,1.14406362563441,1.46983332490851,0.114444245653593,1.14406362563441,0.109088727613251,0.11126607321173,0.112620316748546,0.108426619994406,0.113228601652611
774,773,773,0.386693346673337,1,1.21046683554597,1.5310570706725,0.120696145315851,1.21046683554597,0.11542040490495,0.116395731107746,0.117812408824642,0.109621986661407,0.114476908536785
775,774,774,0.387193596798399,1,1.17786274950252,1.50112630278073,0.1176397469309,1.17786274950252,0.112311540868214,0.114171322755061,0.1155609267149,0.110304387075455,0.1151895309966
776,775,775,0.387693846923462,1,1.16656590261075,1.49081278636001,0.116586575991704,1.16656590261075,0.111234364192151,0.113456864078611,0.114837772206764,0.110777258625928,0.115683345010392
777,776,776,0.388194097048524,1,1.15111019318299,1.47667026836752,0.115142404251517,1.15111019318299,0.1097606317545,0.112385754752443,0.113753626176413,0.111018533044906,0.115935304954147
778,777,777,0.388694347173587,1,1.10164634591394,1.43121697438262,0.110500913768263,1.10164634591394,0.105044156166488,0.10869457246297,0.11001751770581,0.110669938957615,0.115571272384929
779,778,778,0.389194597298649,1,1.04794209184867,1.38185960226405,0.105460755995697,1.04794209184867,0.0999233494105257,0.10456450028327,0.105837177520828,0.109754123156464,0.114614897072841
780,779,779,0.389694847423712,1,0.992731911978628,1.33111574712914,0.100279016675098,0.992731911978628,0.0946589496530548,0.100207014513656,0.101426655845749,0.108322056860042,0.113119407642054
781,780,780,0.390195097548774,1,0.996685432060818,1.33484301195766,0.100659628567295,0.996685432060818,0.0950359256058741,0.100223818189347,0.101443664042625,0.107107321059438,0.111850873807034
782,781,781,0.390695347673837,1,0.955935837178839,1.29741279779284,0.096837419710663,0.955935837178839,0.091150371204155,0.0969009330031402,0.0980803352993027,0.105576362850993,0.110252112754262
783,782,782,0.391195597798899,1,0.906232521797285,1.25173902915383,0.0921734153253534,0.906232521797285,0.086411061858377,0.0928371811170396,0.0939671226066137,0.1036654855909,0.108256606852655
784,783,783,0.391695847923962,1,0.870289451675219,1.21873410933361,0.088803098065245,0.870289451675219,0.0829838190912137,0.0897388279294651,0.0908310586896324,0.101576486941685,0.106075090948931
785,784,784,0.392196098049024,1,0.880095768144958,1.22784995490345,0.0897339681243716,0.880095768144958,0.0839188707459357,0.0900671878053817,0.0911634151048972,0.0998500920712396,0.104272237764991
786,785,785,0.392696348174087,1,0.768622505086006,1.12530553360432,0.0792625828001573,0.768622505086006,0.0732896748187817,0.0812895668608923,0.0822789598299639,0.0970660132896875,0.101364858125727
787,786,786,0.39319659829915,1,0.723374939390321,1.08373410602683,0.0750174914424154,0.723374939390321,0.0689752300110446,0.07731240431089,0.0782533903709845,0.0941029719428679,0.0982705900543206
788,787,787,0.393696848424212,1,0.570238664745855,0.942831182741767,0.0606291045917838,0.570238664745855,0.0543733835943869,0.0651343757129117,0.0659271403426643,0.0897576825083744,0.0937328571021273
789,788,788,0.394197098549275,1,0.570701098590343,0.94334425749411,0.0606814975290478,0.570701098590343,0.0544174775753248,0.0643043275411101,0.0650869894743312,0.0859396792632848,0.0897457627099112
790,789,789,0.394697348674337,1,0.419107004494473,0.803861196417393,0.0464381007627373,0.419107004494473,0.0399626811216471,0.0520720195884652,0.0527057994455329,0.0808595303120618,0.0844406248944594
791,790,790,0.3951975987994,1,0.398740315736999,0.785197214344341,0.0445322169955351,0.398740315736999,0.0380206770997852,0.049518640695328,0.0501213428234594,0.0761583968695518,0.0795312883689345
792,791,791,0.395697848924462,1,0.389761687629692,0.777018046749202,0.0436969963717804,0.389761687629692,0.0371645471661064,0.0479029192493488,0.0484859560809316,0.0719200752265213,0.0751052605814862
793,792,792,0.396198099049525,1,0.378920261851828,0.767123829631088,0.0426866424333348,0.378920261851828,0.0361307957932622,0.0462387826679467,0.046801564931855,0.0680678813427351,0.0710824613207663
794,793,793,0.396698349174587,1,0.431694904755008,0.815799960742125,0.0476572348702337,0.431694904755008,0.0411629622878128,0.0494663687608867,0.050068434675954,0.0652776544554579,0.0681686612894066
795,794,794,0.39719859929965,1,0.46148894118809,0.843318196507267,0.0504672760844584,0.46148894118809,0.0440038825409547,0.051167164018432,0.051789930681881,0.063161080889904,0.0659583492356424
796,795,795,0.397698849424712,1,0.618584984444617,0.988041456482598,0.0652457789164889,0.618584984444617,0.0589833007201034,0.062636971942437,0.0633993401286255,0.0630824645477839,0.0658762511449175
797,796,796,0.398199099549775,1,0.605148453965611,0.975757965880783,0.0639914428776442,0.605148453965611,0.0577021009855357,0.0616083775494341,0.0623582264899216,0.0628613514980315,0.0656453454740416
798,797,797,0.398699349674837,1,0.656880434398001,1.023474133491,0.0688640080636508,0.656880434398001,0.0626348475529774,0.0654832705717912,0.0662802816766285,0.0632546393590954,0.0660560512080902
799,798,798,0.3991995997999,1,0.697907912097617,1.06133482801591,0.072730175681451,0.697907912097617,0.0665468986305128,0.0686709214491515,0.0695067301449677,0.0640670816726038,0.0669044748432337
800,799,799,0.399699849924962,1,0.845371012774696,1.19718918406418,0.0866030250488935,0.845371012774696,0.0806077966980018,0.0799975064508235,0.0809711734720927,0.0664566453893368,0.0693998671944796
801,800,800,0.400200100050025,1,0.828460140700048,1.18170691992381,0.0850220443241385,0.828460140700048,0.0789953116262639,0.079199608092922,0.0801635637200256,0.0683680897948746,0.0713959653591823
802,801,801,0.400700350175088,1,0.877696862264325,1.22712574059232,0.0896600145439329,0.877696862264325,0.0836901303294776,0.0833121701190618,0.0843261806315665,0.0706097018435027,0.0737368535813449
803,802,802,0.40120060030015,1,0.916344385944036,1.26279524759803,0.0933024277288679,0.916344385944036,0.0873752480879281,0.0866893696774659,0.0877444848191041,0.0730216520185972,0.076255623839016
804,803,803,0.401700850425213,1,1.05419300541395,1.3897976968243,0.106271359301341,1.05419300541395,0.100519386372089,0.0976082273195539,0.0987962382484198,0.0767096383137407,0.080106943110378
805,804,804,0.402201100550275,1,1.03189294071685,1.36935368488788,0.104183706712863,1.03189294071685,0.0983930311336273,0.0966621565803062,0.0978386526767796,0.0797025160537255,0.0832323689645935
806,805,805,0.402701350675338,1,1.08789808246042,1.42100408721622,0.109458018645962,1.08789808246042,0.103733232076751,0.101503242828291,0.102738660836658,0.0829726250699103,0.0866473040716115
807,806,806,0.4032016008004,1,1.12399106912664,1.4543216707921,0.112860263753738,1.12399106912664,0.107174769682666,0.104892813092097,0.106169486296139,0.0862606532732384,0.0900809519680081
808,807,807,0.403701850925463,1,1.25382041115318,1.57394089307363,0.125075252661217,1.25382041115318,0.119554254014831,0.115379983257386,0.116784298086641,0.0906285527708605,0.0946422963343678
809,808,808,0.404202101050525,1,1.22468054316031,1.54719957812623,0.122344547184091,1.22468054316031,0.116775710015237,0.114052255292346,0.115440410056242,0.0941421081490833,0.0983114595188856
810,809,809,0.404702351175588,1,1.2971850355391,1.61404068199107,0.129170066751097,1.2971850355391,0.123689156647596,0.120246156494469,0.121709698574808,0.0980577154008911,0.102400480589227
811,810,810,0.40520260130065,1,1.32870998605619,1.64315254406411,0.132142842075294,1.32870998605619,0.126695122979296,0.123419115056814,0.124921275904776,0.10186192534928,0.106373170809315
812,811,811,0.405702851425713,1,1.44653027144159,1.75171521029057,0.143228784103922,1.44653027144159,0.137929520028321,0.133100669926533,0.134720667081019,0.106547737035868,0.111266507011321
813,812,812,0.406203101550775,1,1.40967524818301,1.71787066906837,0.139772728398804,1.40967524818301,0.134415320727381,0.131252637441218,0.132850141791053,0.11025347209667,0.115136361102977
814,813,813,0.406703351675838,1,1.45074216021742,1.7557676701864,0.14364260348622,1.45074216021742,0.138331131946669,0.135105762169467,0.136750163737018,0.11398131560759,0.119029302780426
815,814,814,0.4072036018009,1,1.49345195513192,1.7951772486199,0.147666936316948,1.49345195513192,0.142403595295255,0.139087642817484,0.140780508719006,0.117747264689074,0.122962037642155
816,815,815,0.407703851925963,1,1.61064488602538,1.90316231909394,0.158693896807539,1.61064488602538,0.153578172853689,0.148714066999998,0.15052409820048,0.122392285035713,0.127812775943551
817,816,816,0.408204102051026,1,1.58968985435052,1.88395665863264,0.15673269922557,1.58968985435052,0.151580069171965,0.148061195868837,0.14986328083302,0.126242621660681,0.131833635691458
818,817,817,0.408704352176088,1,1.7163667368193,2.00067345927912,0.168651305600203,1.7163667368193,0.163658960255378,0.15842224794161,0.160350439520317,0.131069565602821,0.136874354592888
819,818,818,0.409204602301151,1,1.75092444786153,2.03257753790588,0.171909209799011,1.75092444786153,0.16695410629652,0.162006994733901,0.163978817044191,0.135710179972483,0.141720491786069
820,819,819,0.409704852426213,1,1.82558166834959,2.10140062584513,0.178937120863152,1.82558166834959,0.174072819808339,0.168589227315834,0.170641163408111,0.140642037073985,0.146870770224911
821,820,820,0.410205102551276,1,1.77242237288494,2.05254498883327,0.173948198073109,1.77242237288494,0.169003975931898,0.16555648812386,0.167571512088919,0.144379204731466,0.150773448995307
822,821,821,0.410705352676338,1,1.84418264697045,2.11870090221873,0.180703749001751,1.84418264697045,0.175846459879262,0.171738788954823,0.173829059045689,0.14848314236497,0.155059141194649
823,822,822,0.411205602801401,1,1.88416603450049,2.15560031878224,0.184471755141725,1.88416603450049,0.179658954895788,0.175589552500296,0.177726691070409,0.152549103885269,0.159305175400461
824,823,823,0.411705852926463,1,1.97922783193809,2.24320959081273,0.193418028705736,1.97922783193809,0.188723285143457,0.183601083494845,0.185835732148277,0.157206900826705,0.164169256144543
825,824,824,0.412206103051526,1,1.95268944027212,2.2188634156081,0.190931904365584,1.95268944027212,0.186192797052695,0.182528216098297,0.184749806649688,0.161005098117444,0.168135667419313
826,825,825,0.412706353176588,1,2.00125067157403,2.26366032265145,0.195506367501083,2.00125067157403,0.190823206424482,0.186967007247545,0.18924262328983,0.164899384486959,0.172202423351369
827,826,826,0.413206603301651,1,2.04076779501469,2.30013045694951,0.199230537224045,2.04076779501469,0.19459124223865,0.190740553431739,0.193062098124002,0.168775559828676,0.176250266157182
828,827,827,0.413706853426713,1,2.11150123337354,2.36534097827709,0.205889548873465,2.11150123337354,0.201335815370234,0.196872944338377,0.19926912769192,0.172990167505131,0.180651529737509
829,828,828,0.414207103551776,1,2.08491222116535,2.34094819750807,0.203398665378044,2.08491222116535,0.198800500510735,0.195707608099903,0.198089607893053,0.176397783594347,0.184210061809899
830,829,829,0.414707353676838,1,2.14986245078002,2.40083420638067,0.20951396123217,2.14986245078002,0.204993633259731,0.201308610914252,0.203758781728828,0.180134407692333,0.188112172947719
831,830,830,0.415207603801901,1,2.17571171668042,2.42472055182984,0.211953129779973,2.17571171668042,0.20745841184689,0.204016234085866,0.206499359969984,0.183716681651363,0.191853098111101
832,831,831,0.415707853926963,1,2.2189099369126,2.46457981603509,0.216023382544044,2.2189099369126,0.211577447514747,0.208005965105254,0.210537650871919,0.187360074169446,0.195657848642986
833,832,832,0.416208104052026,1,2.21119881289694,2.45756762020619,0.215307327944847,2.21119881289694,0.21084217660106,0.208155074219441,0.210688574825512,0.190479324176946,0.198915243520482
834,833,833,0.416708354177089,1,2.20500322622352,2.45195075659019,0.214733758534717,2.20500322622352,0.210251415167974,0.208314051484803,0.21084948703769,0.193154533273124,0.201708931870301
835,834,834,0.417208604302151,1,2.24594912624064,2.48973634378184,0.218592256521958,2.24594912624064,0.214155687652269,0.2119519127678,0.214531625520269,0.195974140197326,0.204653413117193
836,835,835,0.417708854427214,1,2.25467525935884,2.49785768094582,0.219421571756414,2.25467525935884,0.214987741689753,0.213180244921265,0.215774907971088,0.198555055905917,0.207348632028214
837,836,836,0.418209104552276,1,2.26034850686068,2.50316827269027,0.219963866029971,2.26034850686068,0.215528697050578,0.214129794862373,0.216736015090709,0.200891266749385,0.209788308622257
838,837,837,0.418709354677339,1,2.22257356527991,2.46847677664063,0.216421323022686,2.22257356527991,0.211926781719666,0.211742222311969,0.214319382876369,0.202518910083773,0.211488036777127
839,838,838,0.419209604802401,1,2.25248614224893,2.49610415087681,0.219242508977595,2.25248614224893,0.214779005047171,0.214335562823182,0.216944287498049,0.204291407994684,0.213339034805979
840,839,839,0.419709854927464,1,2.23394865600961,2.47912428778015,0.217508600033696,2.23394865600961,0.213011419100301,0.213291148299205,0.215887161178122,0.205641369040362,0.214748782721164
841,840,840,0.420210105052526,1,2.22814297088418,2.47386640059755,0.216971687718206,2.22814297088418,0.212457835550344,0.213125775723885,0.21571977581728,0.206764030042891,0.215921163963452
842,841,841,0.420710355177589,1,2.18207539088279,2.43153999830322,0.212649501662675,2.18207539088279,0.208065200758037,0.209867902022095,0.212422249827267,0.207229610839771,0.216407364331866
843,842,842,0.421210605302651,1,2.21853302416009,2.46519330647564,0.216086029489771,2.21853302416009,0.211541508138937,0.212724163286979,0.2153132752682,0.208053793706852,0.217268048484433
844,843,843,0.421710855427714,1,2.17921991437536,2.42908564232242,0.212398873623898,2.17921991437536,0.207792925430035,0.209917775772637,0.212472730602056,0.20833339101672,0.217560028557443
845,844,844,0.422211105552776,1,2.1680815359569,2.41891802541825,0.211360601301681,2.1680815359569,0.206730859036069,0.209134749451725,0.211680173897769,0.208453594781971,0.21768555588877
846,845,845,0.422711355677839,1,2.11230522142665,2.36765293870018,0.206125636104129,2.11230522142665,0.201412477219947,0.204941622230234,0.207436011214391,0.20792679889921,0.217135429350062
847,846,846,0.423211605802901,1,2.15540249984781,2.40741926731313,0.210186398694234,2.15540249984781,0.205521887886641,0.208101899952572,0.210634753363094,0.207953064057215,0.21716285773539
848,847,847,0.423711855927964,1,2.10210588909682,2.35843720620271,0.205184566031244,2.10210588909682,0.200439950726284,0.204077650279702,0.206561523673651,0.207371751990588,0.216555800608355
849,848,848,0.424212106053027,1,2.10917235768357,2.36503051543969,0.20585784577389,2.10917235768357,0.20111375247085,0.204500194361166,0.206989210630879,0.206941018346174,0.216105990697798
850,849,849,0.424712356178089,1,2.03346411151105,2.29541440198621,0.198748954431873,2.03346411151105,0.193894821582971,0.198688420717618,0.201106700628376,0.205703128701891,0.21481327758519
851,850,850,0.425212606303152,1,2.0639348050384,2.32355562566093,0.201622612431592,2.0639348050384,0.196800262427267,0.200750893184138,0.203194275895122,0.204960293374228,0.214037543679497
852,851,851,0.425712856428214,1,2.00396014921219,2.26842518987638,0.195992934786742,2.00396014921219,0.191081560471774,0.196067425494,0.198453804702783,0.203626363192194,0.212644536600407
853,852,852,0.426213106553277,1,2.01752619699735,2.28100256296526,0.197277280812703,2.01752619699735,0.192375109937437,0.196831337482258,0.199227014429721,0.202607109335704,0.211580142184116
854,853,853,0.426713356678339,1,1.94397876987796,2.21337588279532,0.190371541648297,1.94397876987796,0.185362217416505,0.191065391704651,0.193390890074066,0.200875851691046,0.209772210864158
855,854,854,0.427213606803402,1,1.96443606286164,2.23229792067374,0.192303776939442,1.96443606286164,0.187312860730388,0.192271371216594,0.19461154782451,0.199585179619878,0.208424377704571
856,855,855,0.427713856928464,1,1.91432471573737,2.18624848340642,0.187601410925959,1.91432471573737,0.182534644751587,0.188224796503713,0.190515721372145,0.197881122152453,0.20664485119916
857,856,856,0.428214107053527,1,1.93142419774968,2.20207903572217,0.189217957307452,1.93142419774968,0.184165114153613,0.189182095172608,0.191484671531003,0.196576268105476,0.205282207974576
858,857,857,0.428714357178589,1,1.87141157084511,2.14691364054249,0.183584709762917,1.87141157084511,0.178442791580759,0.184383350067674,0.186627519857421,0.194747330399806,0.203372270553918
859,858,858,0.429214607303652,1,1.8828200008644,2.15750452772438,0.1846662045844,1.8828200008644,0.179530607928543,0.184884970917931,0.187135246043966,0.193267976477525,0.201827399230087
860,859,859,0.429714857428714,1,1.85559849120962,2.1325294161627,0.182115856029457,1.85559849120962,0.176934983187563,0.182532974624408,0.184754623092853,0.191657726199557,0.200145834432675
861,860,860,0.430215107553777,1,1.88151755343436,2.15648002202762,0.184561586568307,1.88151755343436,0.17940641699218,0.184176505142913,0.186418157378167,0.19053554304106,0.198973952197102
862,861,861,0.430715357678839,1,1.84616057236391,2.12401470549566,0.181246371222881,1.84616057236391,0.176035058974323,0.181280246299521,0.183486647539514,0.18914724852983,0.197524173109671
863,862,862,0.431215607803902,1,1.85136803618148,2.12889645727636,0.181744874245329,1.85136803618148,0.176531600940366,0.181400703445492,0.183608570795564,0.187985266767179,0.196310729675416
864,863,863,0.431715857928964,1,1.85655740236426,2.13376154683957,0.182241675795407,1.85655740236426,0.177026417261167,0.181565053502778,0.183774921193083,0.187022234777519,0.195305047071443
865,864,864,0.432216108054027,1,1.87122406859735,2.14735224261718,0.183629497877862,1.87122406859735,0.178424912870892,0.182486440505354,0.184707522596933,0.186341865636694,0.194594545845571
866,865,865,0.43271635817909,1,1.84824194416046,2.12628026863752,0.181477720567235,1.84824194416046,0.17623352188835,0.180615080043517,0.182813385400577,0.185482847797718,0.19369748395517
867,866,866,0.433216608304152,1,1.84576412998096,2.12408630169087,0.181253682311464,1.84576412998096,0.175997257409655,0.180259766693082,0.182453747454202,0.184699385632022,0.192879323936219
868,867,867,0.433716858429215,1,1.85533801665398,2.13298815267704,0.18216270018483,1.85533801665398,0.176910146423931,0.180831643457954,0.183032584655354,0.184119224305912,0.192273468513521
869,868,868,0.434217108554277,1,1.87113857920017,2.14762280956842,0.183657126985,1.87113857920017,0.178416761287926,0.181915418455206,0.184129550513423,0.183788653428306,0.191928257363157
870,869,869,0.43471735867934,1,1.88181705228626,2.15754163648856,0.184669993968197,1.88181705228626,0.179434974799581,0.182661469151203,0.184884681554435,0.183619575786741,0.191751691636713
871,870,870,0.435217608804402,1,1.87397950585173,2.15041304545872,0.183942053602973,1.87397950585173,0.178687649258418,0.182038516519132,0.184254146830614,0.183382416896599,0.191504029489709
872,871,871,0.435717858929465,1,1.89170144957501,2.16681668881776,0.185617121521417,1.89170144957501,0.1803774716147,0.183336303129102,0.185567729083209,0.183375499831475,0.191496806082656
873,872,872,0.436218109054527,1,1.89277859837409,2.16789572229246,0.185727307674385,1.89277859837409,0.180480179881363,0.183420451378245,0.185652901518964,0.18338224256349,0.191503847435762
874,873,873,0.43671835917959,1,1.89433482976423,2.16941583983241,0.185882535392258,1.89433482976423,0.180628569619852,0.183543588806163,0.185777537679254,0.183406444499891,0.191529121223842
875,874,874,0.437218609304652,1,1.8892769056689,2.16484640487316,0.185415924790081,1.8892769056689,0.180146286561846,0.183169655352161,0.18539905299999,0.183370926127732,0.191492029819417
876,875,875,0.437718859429715,1,1.91034302331404,2.18432897837051,0.18740539951346,1.91034302331404,0.182154982510365,0.184760858885231,0.187009623416767,0.183579416041357,0.191709753302632
877,876,876,0.438219109554777,1,1.92381939324994,2.19682378642561,0.188681314361283,1.92381939324994,0.183439981015879,0.185826468026406,0.18808820231818,0.183916473839114,0.192061738664881
878,877,877,0.43871935967984,1,1.93430316043639,2.20656335058115,0.189675875819338,1.93430316043639,0.184439628935223,0.186691309013853,0.188963569473072,0.184332699115325,0.192496397662831
879,878,878,0.439219609804902,1,1.9292274240297,2.20197751609737,0.189207590569839,1.9292274240297,0.183955647438129,0.186394432182838,0.188663079289684,0.184641959075452,0.192819354081044
880,879,879,0.439719859929965,1,1.95694947381472,2.22758810522513,0.19182283129907,1.95694947381472,0.186598999669699,0.188558315784066,0.190853299988079,0.185229412581744,0.19343282463889
881,880,880,0.440220110055028,1,2.25620496981913,2.5031954142173,0.219966637603346,2.25620496981913,0.21513360260517,0.211327630349664,0.213899744825269,0.189144145246932,0.197520932389053
882,881,881,0.44072036018009,1,2.26250958338462,2.50908729510732,0.220568290568004,2.26250958338462,0.215734759967875,0.212591725793745,0.215179225849478,0.192661282328954,0.201193835903323
883,882,882,0.441220610305153,1,2.01089067488728,2.27751290659534,0.196920932451324,2.01089067488728,0.191742399791063,0.194256515995758,0.196620854231826,0.192900567378975,0.201443718373251
884,883,883,0.441720860430215,1,2.04117658248995,2.30548400067575,0.199777217565083,2.04117658248995,0.194630220932265,0.196600438706375,0.198993305334701,0.193455548078085,0.202023277973169
885,884,884,0.442221110555278,1,2.01480743001906,2.28129364142761,0.197307004465148,2.01480743001906,0.192115870133205,0.194719816171555,0.197089793334661,0.193645188292105,0.202221316944151
886,885,885,0.44272136068034,1,2.02576628984807,2.29147061616342,0.198346232367976,2.02576628984807,0.1931608190749,0.195591128900225,0.197971710999744,0.193937079383323,0.20252613526363
887,886,886,0.443221610805403,1,2.01554214524517,2.28214472044778,0.197393912911738,2.01554214524517,0.192185926681966,0.194879751025635,0.197251674790577,0.19407848012967,0.202673798344728
888,887,887,0.443721860930465,1,2.04731843254083,2.31148798447553,0.200390317985871,2.04731843254083,0.195215858472197,0.197316889584845,0.199718476292379,0.194564241547946,0.203181073090829
889,888,888,0.444222111055528,1,2.0310948579261,2.29663850466778,0.198873954414249,2.0310948579261,0.193668908571506,0.196190245796028,0.198578119877375,0.194808142185159,0.203435775562373
890,889,889,0.44472236118059,1,2.0148320330945,2.2817528877815,0.197353900683093,2.0148320330945,0.192118216085069,0.195012259374198,0.197385795927022,0.194838759763514,0.203467749127383
891,890,890,0.445222611305653,1,2.06695359826409,2.32982774014222,0.202263093178366,2.06695359826409,0.197088110327105,0.198966982497454,0.201388652844121,0.195457993173605,0.204114407052575
892,891,891,0.445722861430715,1,2.05504923631263,2.31895489383302,0.201152805930829,2.05504923631263,0.195953005889524,0.198193913364927,0.200606174519321,0.195868381202304,0.204542970283882
893,892,892,0.446223111555778,1,2.2852831178931,2.53101505073039,0.222807456536424,2.2852831178931,0.217906261488526,0.215704223202836,0.218329606140367,0.198843757502383,0.207650119597083
894,893,893,0.44672336168084,1,2.16743854776039,2.42260466377632,0.211737064597386,2.16743854776039,0.206669548840853,0.207384772663599,0.209908897762174,0.200124909776566,0.208988011348363
895,894,894,0.447223611805903,1,2.32375254806805,2.56660790868636,0.226442042657494,2.32375254806805,0.221574397679347,0.219474940338957,0.222146217493507,0.203027414360925,0.212019061614379
896,895,895,0.447723861930965,1,2.18248006128479,2.43662779469703,0.213169045054854,2.18248006128479,0.208103786880581,0.209367878555073,0.211916140466054,0.203978483990047,0.21301225207061
897,896,896,0.448224112056028,1,2.3001648855218,2.54506574390156,0.224242251529693,2.3001648855218,0.219325267441408,0.218468553590864,0.221127581793781,0.206151994430169,0.215282022610585
898,897,897,0.448724362181091,1,2.12273012683122,2.38179157540239,0.207569411504021,2.12273012683122,0.202406512552066,0.205478913456066,0.207979841928398,0.206051032284054,0.215176589068296
899,898,898,0.449224612306153,1,1.97878872822788,2.24935423483595,0.194045492729933,1.97878872822788,0.188681415736928,0.194569173693205,0.196937317353997,0.204328753495427,0.213378034258579
900,899,899,0.449724862431216,1,2.09554985527173,2.35694175006392,0.205031856627199,2.09554985527173,0.199814819944967,0.203065273162063,0.205536824694291,0.204139231445422,0.213180118684844
901,900,900,0.450225112556278,1,2.20365265827311,2.45655767784924,0.215204197072969,2.20365265827311,0.210122635844898,0.211212657517635,0.213783372633936,0.205200245356254,0.214288122618414
902,901,901,0.450725362681341,1,2.2297404974416,2.48066367408286,0.217665795392881,2.2297404974416,0.21261016286464,0.213403214000671,0.216000590855574,0.206430690652917,0.215573061689265
903,902,902,0.451225612806403,1,2.26821708772682,2.51617580530841,0.221292138055267,2.26821708772682,0.216278981786126,0.216565243880597,0.219201106487756,0.207950873637069,0.21716057030625
904,903,903,0.451725862931466,1,2.34924998900457,2.59086888571643,0.228919466934751,2.34924998900457,0.22400562906092,0.223005905019374,0.225720158311745,0.210209128344415,0.219518838254669
905,904,904,0.452226113056528,1,2.30693723451856,2.55199949424556,0.224950295620966,2.30693723451856,0.219971024301827,0.220259317203957,0.222940141179647,0.211716656673346,0.221093131768986
906,905,905,0.452726363181591,1,2.25234819911937,2.50182751739097,0.219826953995297,2.25234819911937,0.214765851897162,0.21643350879656,0.219067768027406,0.212424184491828,0.221831994471902
907,906,906,0.453226613306653,1,2.31121620175299,2.55611371225943,0.225370421470674,2.31121620175299,0.220379032283764,0.221034187859486,0.223724442954176,0.213715684996977,0.223180692755028
908,907,907,0.453726863431716,1,2.35700427713672,2.59835741676781,0.229684162792,2.35700427713672,0.224745015758416,0.224761765771241,0.227497390026082,0.215372597113116,0.224910985943006
909,908,908,0.454227113556778,1,3.17374531683098,3.35040580622708,0.306480036899191,3.17374531683098,0.302622887944384,0.286908546807793,0.29040057302887,0.226102989567318,0.236116604386481
910,909,909,0.454727363681841,1,2.84560187279873,3.04837644010833,0.275638126322389,2.84560187279873,0.27133376207583,0.264224571485079,0.267440506117019,0.231821226854982,0.242088090097586
911,910,910,0.455227613806903,1,3.78993951954414,3.91790108773302,0.364430159266038,3.78993951954414,0.361378222901708,0.336840195056311,0.340939950210127,0.247574072085181,0.258538594941853
912,911,911,0.455727863931966,1,2.74093401346367,2.95218496959202,0.265815476392553,2.74093401346367,0.261353474842651,0.260605494988613,0.263777381054686,0.249528785520696,0.260579878428753
913,912,912,0.456228114057029,1,2.65564275957804,2.8737459264845,0.257805626276518,2.65564275957804,0.253220785231299,0.254545563759527,0.257643693086788,0.250281302256521,0.26136572251134
914,913,913,0.456728364182091,1,2.49860229659888,2.72924847629679,0.243050182146913,2.49860229659888,0.238246666741436,0.242815175776918,0.245770532004965,0.24916138328458,0.260196204738273
915,914,914,0.457228614307154,1,1.95345407342324,2.22742610590512,0.191806288640965,1.95345407342324,0.186265706334729,0.201338103762506,0.203788633540942,0.241987891356269,0.252705014290292
916,915,915,0.457728864432216,1,2.59012804273861,2.81368947853834,0.251672925933772,2.59012804273861,0.246973827509877,0.248091234569908,0.251110806855141,0.242903392838315,0.253661061362757
917,916,916,0.458229114557279,1,2.55931562942346,2.78540827651546,0.248784973960747,2.55931562942346,0.244035803008503,0.245946447902975,0.248939915523977,0.243359851098014,0.25413773517645
918,917,917,0.458729364682341,1,2.18848376805887,2.44407633291362,0.213929657019696,2.18848376805887,0.20867625218607,0.217977004143591,0.220630049591453,0.239552424054851,0.250161685383383
919,918,918,0.459229614807404,1,2.22238639770947,2.47537728805252,0.217125972900394,2.22238639770947,0.211908934921942,0.219785299838827,0.22246035444624,0.236587355422447,0.247065300242276
920,919,919,0.459729864932466,1,2.19701293751985,2.4521036475651,0.214749371088677,2.19701293751985,0.209489525349598,0.217276021946753,0.21992053558809,0.233690655401093,0.244040311610869
921,920,920,0.460230115057529,1,1.84594181912687,2.12896511988961,0.181751885769425,1.84594181912687,0.176014200420869,0.190131449823764,0.192445580983756,0.227156774564494,0.237217059253365
922,921,921,0.460730365182591,1,2.26626285939614,2.51603563673414,0.221277824656908,2.26626285939614,0.216092642252832,0.220638800796999,0.223324243549898,0.226179078499369,0.236196063133584
923,922,922,0.461230615307654,1,2.22941195362627,2.48219488642126,0.217822156062778,2.22941195362627,0.212578835562577,0.217658378375026,0.220307545759474,0.224900973480718,0.234861353594224
924,923,923,0.461730865432716,1,2.15322084938355,2.41213421287623,0.210667868199337,2.15322084938355,0.205313863203476,0.211640587507062,0.214216511052183,0.222911915584669,0.232784204604546
925,924,924,0.462231115557779,1,2.49819121602352,2.72983050894178,0.243109616760906,2.49819121602352,0.238207469396194,0.237354324948009,0.240243215974876,0.22507827698917,0.235046509493497
926,925,925,0.462731365682841,1,2.63078838109905,2.85199802386662,0.255584826106014,2.63078838109905,0.250850871125877,0.247826632039598,0.25084298378998,0.228490530246734,0.238609884104441
927,926,926,0.463231615807904,1,2.57763900961069,2.80315152370901,0.250596836331344,2.57763900961069,0.245782973520187,0.244490723130517,0.247466472809225,0.230890559179302,0.241116205153409
928,927,927,0.463731865932967,1,2.48248029438631,2.71562765881463,0.241659284168462,2.48248029438631,0.236709401970019,0.237773080401175,0.240667068191588,0.231922937362583,0.242194305144681
929,928,928,0.464232116058029,1,2.45097605687017,2.68670950475738,0.23870628945493,2.45097605687017,0.233705410663892,0.235599311459597,0.238466841836222,0.232474393477135,0.242770184063776
930,929,929,0.464732366183092,1,2.50133032745159,2.73315723583256,0.243449327480421,2.50133032745159,0.238506789874401,0.239524452517657,0.242439756638384,0.233531902333213,0.24387452771126
931,930,930,0.465232616308154,1,2.43034634425469,2.66789067954828,0.236784593787658,2.43034634425469,0.231738326797379,0.234367862050171,0.237220404188643,0.233657296290757,0.244005475097327
932,931,931,0.465732866433217,1,2.39023609851725,2.63104910443036,0.233022494161727,2.39023609851725,0.227913735600079,0.231361389090956,0.234177338794231,0.233312910210787,0.243645836899017
933,932,932,0.466233116558279,1,2.37945627756597,2.62121160594042,0.232017932080148,2.37945627756597,0.226885858369194,0.230480701907442,0.233285932575778,0.232888078965285,0.243202190791917
934,933,933,0.466733366683342,1,2.39857586450203,2.63890203817797,0.233824401219712,2.39857586450203,0.22870894876785,0.231846728410675,0.234668585284194,0.232731876382094,0.243039070332475
935,934,934,0.467233616808404,1,1.85271667265204,2.13642508972608,0.182513665081015,1.85271667265204,0.176660196093022,0.190508593195433,0.192827314649293,0.226398383904095,0.236425081102725
936,935,935,0.467733866933467,1,1.79460025596691,2.08300550649565,0.177058692174854,1.79460025596691,0.171118680911899,0.184847626578668,0.187097447178641,0.220165770305281,0.229916438460621
937,936,936,0.468234117058529,1,1.77850680370246,2.0682758283595,0.175554562223061,1.77850680370246,0.169584138434456,0.182387155513493,0.184607029185877,0.214498978086512,0.2239986762098
938,937,937,0.468734367183592,1,1.75018437133504,2.04228711397719,0.172900709005787,1.75018437133504,0.166883538537173,0.179114353157917,0.181294392842192,0.209191284347223,0.21845591613731
939,938,938,0.469234617308654,1,2.3003294225987,2.54888462596771,0.224632218971273,2.3003294225987,0.21934095637685,0.219692090138415,0.222366010270325,0.210766405215902,0.220100795719497
940,939,939,0.469734867433717,1,2.30267814390741,2.55113437693929,0.224861953646339,2.30267814390741,0.2195649115952,0.220188879242353,0.222868845902317,0.21217977631987,0.22157676198799
941,940,940,0.470235117558779,1,2.32230546625974,2.56929227346307,0.226716158182957,2.32230546625974,0.221436415569188,0.221960971895521,0.22466250707995,0.213646955656217,0.223108919539676
942,941,941,0.470735367683842,1,2.2924127112661,2.54185778688897,0.223914669067802,2.2924127112661,0.218586082306209,0.219996121018927,0.2226737415767,0.214599330460624,0.224103472974596
943,942,942,0.471235617808904,1,1.66255738600882,1.96204687414838,0.164706928602036,1.66255738600882,0.158528132317067,0.172522830274014,0.174622643102019,0.208287855432632,0.217512476300331
944,943,943,0.471735867933967,1,1.64242938283071,1.94360264626307,0.162823485166032,1.64242938283071,0.15660888743689,0.169741250014152,0.171807207624836,0.20250586461986,0.211474413557693
945,944,944,0.47223611805903,1,1.6656093487913,1.96503140779918,0.165011696052812,1.6656093487913,0.158819142999694,0.17034313619763,0.172416419495743,0.197681455356526,0.206436341590537
946,945,945,0.472736368184092,1,1.62440959815453,1.92718674206792,0.161147165224927,1.62440959815453,0.154890665357153,0.166264248297526,0.168287886565337,0.192968874297676,0.201515050458381
947,946,946,0.473236618309155,1,2.27102434911235,2.52260244137802,0.221948397867072,2.27102434911235,0.216546659706972,0.214261884797158,0.216869712720772,0.196162825872598,0.204850455274959
948,947,947,0.473736868434217,1,2.25890551684025,2.51153213550201,0.220817946916976,2.25890551684025,0.21539110510048,0.213987528072327,0.216592016740671,0.198836531202557,0.207642573259989
949,948,948,0.47423711855928,1,2.29632222389847,2.54606844833804,0.224344643296965,2.29632222389847,0.21895886206172,0.217357997445748,0.220003508828682,0.201614751139036,0.210543834578539
950,949,949,0.474737368684342,1,2.21396381584866,2.47032963184728,0.216610528447741,2.21396381584866,0.21110582509673,0.211684726813146,0.214261187587346,0.203125247490152,0.212121227562357
951,950,950,0.475237618809405,1,1.59084026651408,1.89671656295602,0.158035684538447,1.59084026651408,0.151689763245216,0.164832524676157,0.166838737124896,0.197381339068053,0.206122933797519
952,951,951,0.475737868934467,1,1.58047737597405,1.88726292596335,0.15707032070479,1.58047737597405,0.150701641152985,0.162903486534311,0.164886220240964,0.192209661187992,0.200722213433947
953,952,952,0.47623811905953,1,1.59760874224767,1.90312283363424,0.158689864726047,1.59760874224767,0.152335150782338,0.163169674138138,0.165155647671915,0.187853663130514,0.196173297596902
954,953,953,0.476738369184592,1,1.56526287539503,1.87342980422959,0.155657743149855,1.56526287539503,0.14925090845574,0.159854535003046,0.161800159258578,0.183653793911394,0.191787425208467
955,954,954,0.477238619309655,1,2.1731419138934,2.4331821213991,0.212817188051354,2.1731419138934,0.20721337607268,0.205023175030826,0.207518556611827,0.186859201079309,0.195134792961598
956,955,955,0.477738869434717,1,2.17814634627186,2.43787694521747,0.213296602812377,2.17814634627186,0.207690558589772,0.206047006987851,0.208554849849911,0.18973737196559,0.198140431842416
957,956,956,0.47823911955978,1,2.16672006170982,2.42744425749964,0.212231262624422,2.16672006170982,0.206601039776053,0.205761906495726,0.208266279337791,0.19214105214511,0.200650565844207
958,957,957,0.478739369684842,1,2.1337323703549,2.39716031002383,0.209138799093593,2.1337323703549,0.203455598214784,0.203750129396313,0.206230016462474,0.193882413732791,0.202469048589079
959,958,958,0.479239619809905,1,2.12796484981206,2.39193756039276,0.208605474870335,2.12796484981206,0.202905653733197,0.203665925244828,0.206144787443977,0.195349940459596,0.204001568916399
960,959,959,0.479739869934967,1,2.14491922353376,2.40763451370927,0.210208378709578,2.14491922353376,0.20452228677295,0.205246558881762,0.207744659316117,0.196834433222921,0.205551806669484
961,960,960,0.48024012006003,1,2.10333989106505,2.36944037275045,0.206308161008408,2.10333989106505,0.2005576152526,0.202400724436778,0.204864187602173,0.197669376905,0.206423728210387
962,961,961,0.480740370185093,1,2.06333059627693,2.33269174163832,0.202555552415591,2.06333059627693,0.196742649927819,0.199543801442753,0.20197249237805,0.197950540585663,0.206717344025383
963,962,962,0.481240620310155,1,1.58967339479957,1.89669006911341,0.158032979103757,1.58967339479957,0.151578499721255,0.163757423616262,0.165750550776559,0.192821573040253,0.201361225545269
964,963,963,0.481740870435218,1,1.5904823225394,1.89752215553262,0.158117948109463,1.5904823225394,0.151655632579858,0.162796862660259,0.164778298624589,0.188317866483254,0.196658059517138
965,964,964,0.48224112056028,1,1.52156730613773,1.8341604655531,0.151647730986354,1.52156730613773,0.145084449575473,0.156684609591926,0.158591651996977,0.183572877949554,0.191702925652815
966,965,965,0.482741370685343,1,1.47775900937989,1.79391415102696,0.147537954345717,1.47775900937989,0.140907241905255,0.152424189712323,0.154279377621934,0.17890057471397,0.186823696162035
967,966,966,0.483241620810405,1,1.4149817863835,1.73620343421442,0.141644789750076,1.4149817863835,0.134921309631627,0.146742728701397,0.1485287663154,0.174076897812084,0.18178638899104
968,967,967,0.483741870935468,1,1.40083669144923,1.72326757908038,0.140323837114225,1.40083669144923,0.133572546875978,0.14471149767041,0.146472812730484,0.169672087790833,0.177186499413394
969,968,968,0.48424212106053,1,1.30258166359027,1.63289298617035,0.131095181143568,1.30258166359027,0.12420373579714,0.136398556601771,0.138058693051068,0.164681058112474,0.171974427771611
970,969,969,0.484742371185593,1,1.23151670096504,1.56755187335634,0.124422834065879,1.23151670096504,0.117427551171595,0.130026129862199,0.131608706121971,0.159482818874932,0.166545969705198
971,970,970,0.485242621310655,1,1.19251118800502,1.53172740892782,0.120764597310412,1.19251118800502,0.113708298427805,0.126038537014404,0.12757257941578,0.154466176595853,0.161307151135728
972,971,971,0.485742871435718,1,1.16298207765353,1.50462772445268,0.117997296713181,1.16298207765353,0.110892639400092,0.122804442630134,0.124299122166525,0.149716916500995,0.156347556531995
973,972,972,0.48624312156078,1,1.09405224563152,1.44125239395653,0.111525686680503,1.09405224563152,0.104320043697029,0.116641957600385,0.118061632193388,0.144755672665904,0.151166589884376
974,973,973,0.486743371685843,1,1.02065607105583,1.37376496970635,0.104634167718189,1.02065607105583,0.0973215734050448,0.110099060698132,0.111439100272245,0.139557180870738,0.145737868075105
975,974,974,0.487243621810905,1,0.999598731900633,1.35446511630176,0.102663351567102,0.999598731900633,0.0953137145028903,0.107469744455355,0.108777782050561,0.134744065408431,0.140711590087118
976,975,975,0.487743871935968,1,0.982682548788918,1.33897796237023,0.101081871518378,0.982682548788918,0.0937007230132724,0.105230908319601,0.10651169655407,0.130317091845106,0.136088555391818
977,976,976,0.488244122061031,1,0.976957167767805,1.33379400995679,0.100552509096359,0.976957167767805,0.0931547966183588,0.103916226278808,0.105181013232694,0.126356962010161,0.131953039928948
978,977,977,0.488744372186093,1,1.02093635650345,1.37437230000178,0.104696185616989,1.02093635650345,0.0973482991763783,0.10645658064141,0.107752286799843,0.123371904804849,0.128835780964055
979,978,978,0.489244622311156,1,1.04547152869142,1.39704877932846,0.107011807957218,1.04547152869142,0.0996877763311324,0.107720416257614,0.109031504833755,0.121024181522764,0.126384082070264
980,979,979,0.489744872436218,1,1.09033603291524,1.43844216589718,0.111238718550149,1.09033603291524,0.103965695470518,0.110650253066801,0.111997001322917,0.119468092254369,0.124759076956981
981,980,980,0.490245122561281,1,1.11745006227884,1.46349295985758,0.113796795458806,1.11745006227884,0.10655107175333,0.112395051521002,0.11376303609796,0.118407136144364,0.123651133384112
982,981,981,0.490745372686343,1,1.28318208368352,1.61616723375005,0.129387220864388,1.28318208368352,0.122353947515404,0.124729558248239,0.126247668784827,0.119355499459945,0.124641497669999
983,982,982,0.491245622811406,1,1.32497466316681,1.65473234586678,0.133325320508714,1.32497466316681,0.126338952560014,0.128086127516915,0.129645091586901,0.120665093668491,0.126009090987707
984,983,983,0.491745872936468,1,1.45960094888136,1.77876804134553,0.14599130023594,1.45960094888136,0.139175834952595,0.138540646073279,0.140226854358656,0.123346426529209,0.128809174310418
985,984,984,0.492246123061531,1,1.53268625579585,1.84614389233193,0.152871425827243,1.53268625579585,0.146144663398744,0.144612059117661,0.146372163889518,0.126536271417477,0.132140290564028
986,985,985,0.492746373186593,1,1.79904663445834,2.09146516640084,0.177922555439737,1.79904663445834,0.171542651888031,0.165412332392188,0.167425601806535,0.132367680563684,0.138229960271737
987,986,986,0.493246623311656,1,1.84305597445111,2.13207121625032,0.182069066669517,1.84305597445111,0.175739029428002,0.16991327641382,0.171981327795167,0.137999519941204,0.144111221695192
988,987,987,0.493746873436718,1,1.87853309937194,2.16482178527097,0.18541341074458,1.87853309937194,0.179121843399423,0.1737285840131,0.175843072331674,0.143358879551989,0.149707935809438
989,988,988,0.494247123561781,1,1.93595254997268,2.21777432028347,0.190820690740752,1.93595254997268,0.184596901487047,0.179150002264203,0.181330475841491,0.148727547958821,0.155314370986275
990,989,989,0.494747373686843,1,2.13427925510933,2.40045802443754,0.209475547186543,2.13427925510933,0.203507744756877,0.195237216490615,0.19761349104535,0.15570399823859,0.162599793235147
991,990,990,0.495247623811906,1,2.15496761016874,2.4195927976597,0.211429506075406,2.15496761016874,0.205480420296309,0.198202224485359,0.200614586796204,0.162078732175605,0.169256850419378
992,991,991,0.495747873936969,1,2.20288231090494,2.46379445383075,0.215943184809672,2.20288231090494,0.210049181700976,0.203107393194815,0.205579457379107,0.168233031328487,0.175683710237277
993,992,992,0.496248124062031,1,2.22301826486444,2.48242063975012,0.217845208999884,2.22301826486444,0.21196918470387,0.205866164962,0.208371806756496,0.173878001373514,0.181578683857244
994,993,993,0.496748374187094,1,2.32040800524338,2.57217321348974,0.22701034710843,2.32040800524338,0.221255488911499,0.214369677592521,0.216978817485653,0.179951752806365,0.187921428669937
995,994,994,0.497248624312156,1,2.32525214021958,2.57672045392445,0.22747469130337,2.32525214021958,0.221717386754503,0.215955047011865,0.21858348278044,0.18535224693719,0.193561099063591
996,995,995,0.497748874437219,1,2.2734597914154,2.52912334394161,0.222614283758668,2.2734597914154,0.216778883943511,0.213119486459068,0.215713410004454,0.189517332865471,0.197910647684092
997,996,996,0.498249124562281,1,2.2547619067295,2.51199580443134,0.220865294748875,2.2547619067295,0.214996003687779,0.212541450500811,0.215128338645038,0.192970950510772,0.201517218622487
998,997,997,0.498749374687344,1,2.34780630163938,2.59774768459502,0.229621899624048,2.34780630163938,0.223867970617622,0.220277834649144,0.22295888400468,0.197066983131528,0.20579465571308
999,998,998,0.499249624812406,1,2.32222093842718,2.57427894821311,0.227225375477595,2.32222093842718,0.221428355673309,0.219164740076882,0.221832241716687,0.200381646673331,0.209256118569771
1000,999,999,0.499749874937469,1,2.30398155169894,2.55757354080875,0.225519492741969,2.30398155169894,0.219689194103929,0.218451319004927,0.221110137441957,0.203092097523071,0.212086609454574
1001,1000,1000,0.500250125062531,1,2.24559687298905,2.50390697280652,0.220039298837122,2.24559687298905,0.214122099608604,0.21457883884433,0.217190524484475,0.204815108721259,0.213885929110695
1002,1001,1001,0.500750375187594,1,2.31311277149213,2.56615515405711,0.22639580934592,2.31311277149213,0.220559873956409,0.220037091834659,0.222715211057126,0.207098406188269,0.21627034890871
1003,1002,1002,0.501250625312656,1,2.28781340668654,2.5429497320644,0.224026173706865,2.28781340668654,0.21814752952536,0.218583094739619,0.221243517047729,0.208821109470972,0.218069347012431
1004,1003,1003,0.501750875437719,1,2.25558048386802,2.51336068851657,0.221004670709053,2.25558048386802,0.215074056635617,0.216492243535734,0.219127217639844,0.209971779580686,0.219270977824985
1005,1004,1004,0.502251125562781,1,2.20489896662468,2.46678630428041,0.216248699419769,2.20489896662468,0.210241473809186,0.212890786488248,0.215481926476632,0.210409630616821,0.219728220341225
1006,1005,1005,0.502751375687844,1,2.22802872377509,2.48816883932756,0.218432189860794,2.22802872377509,0.212446941862716,0.214732841212672,0.217346401249081,0.211058112206198,0.220405421784621
1007,1006,1006,0.503251625812907,1,2.18733450758574,2.45078961148394,0.214615187503053,2.18733450758574,0.208566667928779,0.211786790592686,0.214364493607308,0.211167413964171,0.22051956428223
1008,1007,1007,0.503751875937969,1,2.14034801562785,2.40761718090778,0.210206608760118,2.14034801562785,0.204086413065459,0.208256701307798,0.210791438839228,0.210730807065715,0.220063621003848
1009,1008,1008,0.504252126063031,1,2.05132160031526,2.32573923140436,0.201845592646859,2.05132160031526,0.195597568430586,0.201435827054935,0.203887546244783,0.209336560064098,0.218607625803042
1010,1009,1009,0.504752376188094,1,2.12365509980449,2.39242290471283,0.208655036097811,2.12365509980449,0.202494710553007,0.206635226950387,0.209150229165334,0.208931360097042,0.218184480401462
1011,1010,1010,0.505252626313157,1,2.06981696992745,2.34294227516769,0.203602291818914,2.06981696992745,0.197361138473827,0.202483701803759,0.204948174904705,0.207964211353049,0.217174498720967
1012,1011,1011,0.505752876438219,1,2.01503706493678,2.29259456757917,0.198461005343541,2.01503706493678,0.192137766276417,0.198148512871949,0.200560221447085,0.206491856580884,0.215636936524549
1013,1012,1012,0.506253126563282,1,1.89422569510659,2.18145269320361,0.187111685921795,1.89422569510659,0.180618163414573,0.188714987176085,0.191011878261628,0.203825326170164,0.212852311220491
1014,1013,1013,0.506753376688344,1,1.90136446158903,2.18811256601508,0.18779176284393,1.90136446158903,0.18129885890637,0.188725959131031,0.19102298375862,0.201560421114294,0.210487098393923
1015,1014,1014,0.507253626813407,1,1.83846025589345,2.13028493816003,0.181886659806787,1.83846025589345,0.175300818581429,0.183516367639413,0.185749985197773,0.198853813093062,0.207660620528233
1016,1015,1015,0.507753876938469,1,1.79494464113844,2.09030809150862,0.177804400040428,1.79494464113844,0.171151518718582,0.179685774188309,0.18187276876202,0.195978607257349,0.204658078013691
1017,1016,1016,0.508254127063532,1,1.69774095321082,2.00090145130555,0.168674587143258,1.69774095321082,0.161882954979866,0.171758319908889,0.173848827715238,0.19234556415508,0.200864135250975
1018,1017,1017,0.508754377188594,1,1.65305221012579,1.95984452321825,0.164482034210744,1.65305221012579,0.157621795012405,0.167653656480193,0.169694205536685,0.188641778003847,0.196996316381899
1019,1018,1018,0.509254627313657,1,1.59511426264176,1.90658925387067,0.159043840315665,1.59511426264176,0.1520972972223,0.162532137770623,0.164510351710841,0.184725331968863,0.192906419380481
1020,1019,1019,0.509754877438719,1,1.56245837366202,1.87661079180225,0.155982571611148,1.56245837366202,0.148983493673215,0.159281446404415,0.161220095474175,0.180908749134196,0.188920808305608
1021,1020,1020,0.510255127563782,1,1.48831269250498,1.80843330822617,0.149020586825278,1.48831269250498,0.141913556447518,0.152910758654846,0.154771868700707,0.176709050562294,0.184535114121988
1022,1021,1021,0.510755377688844,1,1.47121745991108,1.79278130615581,0.147422273209601,1.47121745991108,0.140283492235934,0.150781055339356,0.152616244303731,0.172819851278853,0.180473670572101
1023,1022,1022,0.511255627813907,1,1.42033823051022,1.74602489133909,0.14264771375798,1.42033823051022,0.135432057164563,0.146156661454459,0.147935565916743,0.168820372805194,0.176297063803989
1024,1023,1023,0.511755877938969,1,1.40710150422899,1.73392535742752,0.141412162567323,1.40710150422899,0.134169909155109,0.144359015920622,0.146116040848783,0.165151169272508,0.172465359143212
1025,1024,1024,0.512256128064032,1,1.31813102015736,1.65209890296817,0.133056404901495,1.31813102015736,0.125686397674594,0.136895855246282,0.138562044425362,0.160912872168574,0.168039356981644
1026,1025,1025,0.512756378189095,1,1.34334969738305,1.67540467500195,0.135436287845416,1.34334969738305,0.128091048385443,0.137960770899057,0.139639921397777,0.157470056978147,0.164444066915602
1027,1026,1026,0.513256628314157,1,1.31507535641201,1.64946023763787,0.132786956002518,1.31507535641201,0.125395034097843,0.135136403531008,0.136781178041223,0.154120008961076,0.160945652481382
1028,1027,1027,0.51375687843922,1,1.31164237401163,1.64638686181743,0.132473116380097,1.31164237401163,0.125067692441676,0.134210596517845,0.135844102829878,0.151133597094591,0.15782697886029
1029,1028,1028,0.514257128564282,1,1.27181830662361,1.60980876675931,0.128737922179118,1.27181830662361,0.121270388915541,0.130603420519961,0.132193023109679,0.148054070608397,0.154611066773369
1030,1029,1029,0.514757378689345,1,1.29697809520717,1.6330603209147,0.131112268631741,1.29697809520717,0.123669424477989,0.131895633573259,0.133500963968634,0.145630305053126,0.152079957857761
1031,1030,1030,0.515257628814407,1,1.29727622682771,1.63342212510488,0.131149214484468,1.29727622682771,0.123697851917177,0.131437455699648,0.133037209512636,0.143501377650104,0.149856744841654
1032,1031,1031,0.51575787893947,1,1.29636573700057,1.63267116988482,0.131072530240013,1.29636573700057,0.123611034912841,0.130946776357521,0.132540558005693,0.141618187456217,0.14789015220683
1033,1032,1032,0.516258129064532,1,1.32872759200035,1.66255355720411,0.134123988213673,1.32872759200035,0.126696801740865,0.133023312796699,0.134642368420761,0.140328956257289,0.146543823732614
1034,1033,1033,0.516758379189595,1,1.35605751798875,1.68780312390792,0.136702362920707,1.35605751798875,0.129302764193508,0.134837822033504,0.13647896244348,0.139505286123721,0.145683675021424
1035,1034,1034,0.517258629314657,1,1.37941665825317,1.70939684850425,0.138907419109708,1.37941665825317,0.131530104380268,0.136444932357207,0.138105633255892,0.139046233058744,0.145204291484112
1036,1035,1035,0.51775887943972,1,1.37635048885087,1.70666119183996,0.138628065882261,1.37635048885087,0.131237739068367,0.136125084932695,0.137781892898927,0.138608060839837,0.144746713560605
1037,1036,1036,0.518259129564782,1,1.43441480512282,1.76020744488167,0.144095973752471,1.43441480512282,0.13677428637213,0.140435800586825,0.14214507520929,0.138882221801885,0.145033016521649
1038,1037,1037,0.518759379689845,1,1.44776810082855,1.77258894036232,0.145360317618527,1.44776810082855,0.138047549506577,0.141505229616016,0.143227520491407,0.139275672974005,0.145443892799449
1039,1038,1038,0.519259629814907,1,1.48936505987566,1.81097394771454,0.149280025756383,1.48936505987566,0.14201390175601,0.144736011799777,0.146497625226641,0.14009472379787,0.146299217621652
1040,1039,1039,0.51975987993997,1,1.58903253970561,1.90282360157223,0.158659308463864,1.58903253970561,0.151517392921582,0.152446721090866,0.154302183234778,0.14194752339182,0.148234073722268
1041,1040,1040,0.520260130065032,1,1.65959043308794,1.96787250130612,0.16530181602693,1.65959043308794,0.158245227492742,0.158161151512942,0.160086165230323,0.144379567609988,0.150773827944937
1042,1041,1041,0.520760380190095,1,1.61593080022663,1.9277630593716,0.1612060162134,1.61593080022663,0.15408219521885,0.155347389144625,0.157238155949255,0.146024740840184,0.152491862356975
1043,1042,1042,0.521260630315158,1,1.66891100739463,1.97662845037913,0.166195935038585,1.66891100739463,0.15913396267229,0.159690005870701,0.161633627606439,0.148074530594761,0.154632432888498
1044,1043,1043,0.52176088044022,1,1.62933761394489,1.94028114700873,0.16248430826976,1.62933761394489,0.155360561401553,0.157109041330888,0.159021249586793,0.14942970720518,0.156047627354562
1045,1044,1044,0.522261130565283,1,1.70335784620541,2.00851776956152,0.169452332067845,1.70335784620541,0.162418536827055,0.162985978761035,0.164969716498492,0.151463147938559,0.158171124801921
1046,1045,1045,0.522761380690345,1,1.64249431461421,1.95256895936045,0.163739085626698,1.64249431461421,0.156615078810766,0.158790495703494,0.160723169305671,0.152562250103299,0.159318903836196
1047,1046,1046,0.523261630815408,1,1.71221386442428,2.01684600890018,0.170302775242447,1.71221386442428,0.163262975665568,0.16429074036271,0.16629035863693,0.154321523642211,0.161156091814072
1048,1047,1047,0.52376188094047,1,1.87506555935965,2.16686840995897,0.185622403056893,1.87506555935965,0.178791206606667,0.176971308416377,0.179125264637773,0.157718991358336,0.164704026063766
1049,1048,1048,0.524262131065533,1,1.94411142224644,2.23052520618044,0.192122755131586,1.94411142224644,0.185374866081988,0.182880241209577,0.185106116335034,0.161493178836022,0.168645364182535
1050,1049,1049,0.524762381190595,1,1.92486220962094,2.21289006740979,0.190321932317687,1.92486220962094,0.183539415617677,0.18218230077635,0.184399681117248,0.164596547127071,0.171886173976538
1051,1050,1050,0.525262631315658,1,1.98323329768753,2.26671876058355,0.195818681732043,1.98323329768753,0.189105214218304,0.18722454118124,0.189503291724952,0.167990746235196,0.175430694858618
1052,1051,1051,0.52576288144072,1,1.71736373052854,2.02202400708184,0.170831529644504,1.71736373052854,0.163754025575823,0.167786246538604,0.169828409377487,0.167960071280708,0.17539866137641
1053,1052,1052,0.526263131565783,1,1.77197362150879,2.07238982322355,0.17597466528569,1.77197362150879,0.168961186601356,0.171917028945177,0.174009468433667,0.168553614930378,0.176018491796978
1054,1053,1053,0.526763381690845,1,1.71228608608809,2.01752373483555,0.170371981634404,1.71228608608809,0.163269862143938,0.167522566471936,0.169561520003473,0.168398957661612,0.175856985090611
1055,1054,1054,0.527263631815908,1,1.7628990450228,2.06420963634863,0.175139340577567,1.7628990450228,0.168095907800156,0.171326062522282,0.17341130923012,0.168838023390712,0.176315496095955
1056,1055,1055,0.52776388194097,1,2.0262512877212,2.30676136532319,0.199907656425174,2.0262512877212,0.19320706458056,0.191348522672667,0.193677467090572,0.172214598283005,0.179841612223612
1057,1056,1056,0.528264132066033,1,2.04413307410132,2.32331217338869,0.201597752156228,2.04413307410132,0.194912128250055,0.193381153014423,0.195734837017572,0.175389581492718,0.183157208606907
1058,1057,1057,0.528764382191096,1,1.99869546719362,2.28156577775366,0.197334793829939,1.99869546719362,0.190579562637191,0.190581420445033,0.192901028295161,0.177668357335565,0.185536906527756
1059,1058,1058,0.529264632316158,1,2.02489846856489,2.3057778020783,0.199807219272206,2.02489846856489,0.193078070600553,0.1930242448498,0.19537358484618,0.1799717404627,0.187942301536557
1060,1059,1059,0.529764882441221,1,1.75551547772908,2.05784829275947,0.174489748146716,1.75551547772908,0.167391870067226,0.173101889282092,0.175208749963017,0.178941262785609,0.186866186220804
1061,1060,1060,0.530265132566283,1,1.76991138662915,2.07118970637285,0.175852114630875,1.76991138662915,0.168764548430174,0.173989296091577,0.176106957593468,0.178198467781504,0.186090494424512
1062,1061,1061,0.530765382691346,1,1.70839153369757,2.01463663108196,0.170077163296246,1.70839153369757,0.162898508877052,0.16918889514658,0.171248129926234,0.176847031886265,0.184679206341854
1063,1062,1062,0.531265632816408,1,1.75415153232814,2.05685448575012,0.174388264945574,1.75415153232814,0.167261815177805,0.172385760914993,0.174483905442066,0.176177841240575,0.183980378682608
1064,1063,1063,0.531765882941471,1,1.98308563061408,2.26771795190943,0.19592071475591,1.98308563061408,0.189091133871031,0.189581786743135,0.191889227834421,0.178188433065959,0.18608001529301
1065,1064,1064,0.532266133066533,1,1.98451734358792,2.26912342723468,0.196064235715001,1.98451734358792,0.18922765053245,0.1900962703713,0.192409973354537,0.17997460866176,0.18794529676198
1066,1065,1065,0.532766383191596,1,1.93049463719713,2.21947286089668,0.190994138238182,1.93049463719713,0.184076478717921,0.186369051490806,0.188637389683739,0.180933775086117,0.188946942603081
1067,1066,1066,0.533266633316658,1,1.94357834995763,2.23160615545409,0.192233136917518,1.94357834995763,0.185324036585788,0.187555079435132,0.189837853031704,0.181926970738469,0.189984124753453
1068,1067,1067,0.533766883441721,1,1.71398983164037,2.02031481258174,0.170656994218998,1.71398983164037,0.163432317649305,0.1703823527235,0.172456113334465,0.180195278036224,0.188175739108144
1069,1068,1068,0.534267133566783,1,1.78583300987399,2.08654705455721,0.177420339487569,1.78583300987399,0.170282706671028,0.17547715571151,0.177612926275902,0.179487559687517,0.18743667743683
1070,1069,1069,0.534767383691846,1,1.70089089546998,2.00842945886766,0.169443314168168,1.70089089546998,0.162183308199221,0.168911161182906,0.170967015602184,0.177901099911825,0.18577995677184
1071,1070,1070,0.535267633816908,1,1.74122602023789,2.04565271456386,0.173244389336164,1.74122602023789,0.166029342056484,0.171650464903408,0.173739659983066,0.176963504660563,0.184800837444667
1072,1071,1071,0.535767883941971,1,1.72112605734828,2.02723430294629,0.171363582143885,1.72112605734828,0.164112770873229,0.169945782702491,0.172014229724936,0.175910846366852,0.183701559180519
1073,1072,1072,0.536268134067034,1,1.85271402716308,2.14847266712231,0.183743910700825,1.85271402716308,0.176659943840421,0.179697909432889,0.181885051707297,0.176478905826758,0.184294776771402
1074,1073,1073,0.536768384192096,1,1.7591491474096,2.06241622233869,0.174956205026105,1.7591491474096,0.167738347652155,0.172734495105353,0.17483688415198,0.175917244218547,0.183708240379297
1075,1074,1074,0.537268634317159,1,1.79879112340159,2.0990013064845,0.178692112921982,1.79879112340159,0.171518288403827,0.175626300599941,0.177763886439154,0.175873602675756,0.183662666046496
1076,1075,1075,0.537768884442221,1,1.78734358542173,2.08854905106769,0.177624774566663,1.78734358542173,0.170426743034718,0.174755229152301,0.176882212991785,0.175705846647238,0.183487480464496
1077,1076,1076,0.538269134567284,1,1.92159420867429,2.21223887982327,0.190255435905202,1.92159420867429,0.18322780526916,0.184885847330995,0.187136133124043,0.177082846749801,0.184925464938206
1078,1077,1077,0.538769384692346,1,1.65475026941525,1.96664703672786,0.165176676973654,1.65475026941525,0.157783708321375,0.164970371900586,0.166978262117825,0.175265975522419,0.183028128394192
1079,1078,1078,0.539269634817409,1,1.65114163916707,1.96341194460171,0.164846323593304,1.65114163916707,0.157439618295803,0.164337907125002,0.166338099476127,0.173626765262806,0.181316321039871
1080,1079,1079,0.539769884942471,1,1.64808969242454,1.96068938252426,0.164568307527476,1.64808969242454,0.157148609142618,0.163783104639842,0.165776544369453,0.172150216169362,0.17977437876471
1081,1080,1080,0.540270135067534,1,1.65474177477368,1.96690117264599,0.165202628215953,1.65474177477368,0.157782898340514,0.163995240350231,0.165991262029635,0.170926969796492,0.178496957442494
1082,1081,1081,0.540770385192596,1,2.16354735266979,2.43543805937394,0.213047554515982,2.16354735266979,0.206298515699149,0.202261273986192,0.204723039869874,0.175627115424947,0.183405262405805
1083,1082,1082,0.541270635317659,1,2.16611825716488,2.43789237103069,0.213298178028582,2.16611825716488,0.206543656523401,0.203399882981041,0.205875507122031,0.179793030558361,0.18775567695515
1084,1083,1083,0.541770885442721,1,2.35620027582434,2.6129853175661,0.231177899689656,2.35620027582434,0.224668352644406,0.21862258439756,0.221283487342871,0.185617463634241,0.193838061637391
1085,1084,1084,0.542271135567784,1,2.35000460768275,2.6073683789436,0.230604322620191,2.35000460768275,0.224077583443169,0.219322592111043,0.221992015002231,0.190673232905761,0.199117740049593
1086,1085,1085,0.542771385692846,1,2.72655265637544,2.95413776727095,0.26601488750334,2.72655265637544,0.259982184023718,0.248835110365956,0.251863736525025,0.199397514524791,0.20822840132629
1087,1086,1086,0.543271635817909,1,2.67485275726812,2.90662577431988,0.261163171735588,2.67485275726812,0.255052496474022,0.24667130395188,0.249673593953245,0.206488582938854,0.215633517899959
1088,1087,1087,0.543771885942971,1,3.24636245997458,3.4328933964059,0.31490330683709,3.24636245997458,0.309547076049788,0.291345681281887,0.294891712830105,0.219217147690309,0.228925803391532
1089,1088,1088,0.544272136068034,1,2.3062652360657,2.56744747955335,0.226527775942093,2.3062652360657,0.219906947921337,0.222748360484471,0.225459479146387,0.219746829609433,0.229478943782943
1090,1089,1089,0.544772386193097,1,2.55530945850583,2.79682603158738,0.249950904894687,2.55530945850583,0.243653806694476,0.241706105467562,0.244647962960056,0.223040720988153,0.232918714522151
1091,1090,1090,0.545272636318159,1,2.23624918900385,2.50315940630273,0.219962960633469,2.23624918900385,0.213230779467636,0.218222249296364,0.220878279676232,0.222317950234384,0.23216393380715
1092,1091,1091,0.545772886443222,1,1.99240675598361,2.27874470065285,0.197046717843185,1.99240675598361,0.189979921595508,0.199627585634738,0.202057296325628,0.218914395544437,0.228609643004663
1093,1092,1092,0.546273136568284,1,2.27411008518613,2.53819199625411,0.223540334649906,2.27411008518613,0.216840890739667,0.220270341460228,0.222951299614535,0.219117787431806,0.22882204268101
1094,1093,1093,0.546773386693347,1,2.30918245110833,2.57056990981223,0.226846624788032,2.30918245110833,0.220185110140679,0.222969327190213,0.225683135285884,0.219695518395567,0.22942536010584
1095,1094,1094,0.547273636818409,1,2.76991874376717,2.99485013570203,0.270172255519096,2.76991874376717,0.264117226156979,0.257957647817649,0.261097306360864,0.22543483780888,0.235418861624568
1096,1095,1095,0.547773886943472,1,2.93787125739642,3.14956878306067,0.285971443352118,2.93787125739642,0.280131830240823,0.271820257654517,0.275128641032114,0.232392650785725,0.242684821164479
1097,1096,1096,0.548274137068534,1,2.84162665499101,3.06104515833124,0.276931800111713,2.84162665499101,0.270954717202003,0.265931991228117,0.269168707236489,0.237423551852084,0.247938530012231
1098,1097,1097,0.548774387193597,1,3.13077797415773,3.32734970517193,0.304125649257583,3.13077797415773,0.298525866908033,0.28882530595414,0.292340661466983,0.245133814967392,0.255990264087914
1099,1098,1098,0.549274637318659,1,2.73297208339601,2.96118318238768,0.266734334310116,2.73297208339601,0.26059428907626,0.260265214609722,0.263432959049416,0.247403524913742,0.258360494603219
1100,1099,1099,0.549774887443722,1,2.53686729023645,2.78071979671476,0.248306207022908,2.53686729023645,0.241895309504408,0.2458818564696,0.248874537934241,0.24717527464712,0.258122135623499
1101,1100,1100,0.550275137568784,1,2.6034220192515,2.84208304381604,0.254572351948219,2.6034220192515,0.248241434442058,0.250877115360843,0.253930595206095,0.247730550754179,0.258702003714348
1102,1101,1101,0.550775387693847,1,2.01574858917353,2.30110836130535,0.199330396516149,2.01574858917353,0.192205611518511,0.206516752614582,0.209030312852663,0.241548481033239,0.252246143429696
1103,1102,1102,0.551275637818909,1,1.96331485803173,2.25292074034562,0.194409688587489,1.96331485803173,0.187205951634121,0.201316139142961,0.203766401585243,0.235513629749697,0.24594402157021
1104,1103,1103,0.551775887943972,1,2.61587076708625,2.85380637368062,0.2557694868361,2.61587076708625,0.249428447149431,0.249498951528486,0.252535657442486,0.237611428016516,0.248134726807663
1105,1104,1104,0.552276138069035,1,2.56559393485601,2.80760457678963,0.251051562527909,2.56559393485601,0.244634451838742,0.246117546884422,0.249113096988278,0.238887345846702,0.249467152292687
1106,1105,1105,0.552776388194097,1,2.06005587886247,2.34225068572041,0.203531669746091,2.06005587886247,0.196430399150823,0.208117360257869,0.210650401839125,0.234271848008377,0.244647243987964
1107,1106,1106,0.55327663831916,1,2.06313880096283,2.34517640420978,0.203830431251244,2.06313880096283,0.196724361865592,0.207431590317692,0.209956285244101,0.230245809354774,0.240442900746698
1108,1107,1107,0.553776888444222,1,2.11132259108664,2.38962580689305,0.208369408769776,2.11132259108664,0.201318781475144,0.210276969333655,0.212836295985898,0.227250483351606,0.237314918200992
1109,1108,1108,0.554277138569285,1,2.04472352717873,2.32839637919967,0.202116928893878,2.04472352717873,0.194968429117845,0.204641664863812,0.207132403001731,0.223859160578437,0.233773401040553
1110,1109,1109,0.554777388694347,1,2.7953979860475,3.01961827111696,0.27270146858019,2.7953979860475,0.26654672226072,0.260778845768025,0.263952841724075,0.229397113356875,0.239556617829503
1111,1110,1110,0.55527763881941,1,2.77971868074412,3.00526989179777,0.271236275186675,2.77971868074412,0.265051669514456,0.260703830835439,0.263876913768455,0.23409312097866,0.244460601522733
1112,1111,1111,0.555777888944472,1,2.02858695053509,2.31380163497298,0.200626577799495,2.02858695053509,0.193429774645623,0.204801005331473,0.207293682836822,0.229699303631582,0.239872191461142
1113,1112,1112,0.556278139069535,1,2.01460955537544,2.30102017847438,0.199321391673269,2.01460955537544,0.192097002394894,0.202868437817501,0.20533759362401,0.22567467375947,0.235669319393267
1114,1113,1113,0.556778389194597,1,2.781889586001,3.00753056810151,0.271467125508613,2.781889586001,0.265258669620862,0.260135675598072,0.263301843390328,0.23084382403526,0.241067400210415
1115,1114,1114,0.55727863931966,1,2.75564201572786,2.98345214773625,0.269008343115102,2.75564201572786,0.26275591192463,0.259187088382468,0.262341710713752,0.235095313687341,0.245507179189696
1116,1115,1115,0.557778889444722,1,2.77047589000892,2.99719678942405,0.270411885476869,2.77047589000892,0.264170351152167,0.261164034105318,0.264342718272258,0.239005621750038,0.249590666381245
1117,1116,1116,0.558279139569785,1,2.78035857498531,3.00638294631808,0.2713499354192,2.78035857498531,0.265112684694918,0.262698034931869,0.265895389755955,0.242559483727312,0.253301921257344
1118,1117,1117,0.558779389694847,1,2.81287773707934,3.03641016388985,0.274416182821297,2.81287773707934,0.26821345106525,0.265873886887884,0.269109895695715,0.246056644201398,0.256953963442703
1119,1118,1118,0.55927963981991,1,2.78614284248328,3.01188307142199,0.271911584005879,2.78614284248328,0.265664226031772,0.264554020754045,0.267773965184572,0.248831250684295,0.259851451275589
1120,1119,1119,0.559779889944973,1,2.05134829291734,2.335456208685,0.202837847632582,2.05134829291734,0.195600113622945,0.209503321339552,0.212053231754073,0.242932061282584,0.253690999470726
1121,1120,1120,0.560280140070035,1,2.06221489511539,2.34554824322119,0.203868401815784,2.06221489511539,0.196636265617207,0.209149886039642,0.211695494716384,0.237864734996142,0.248399252208284
1122,1121,1121,0.560780390195098,1,2.30539530183229,2.5695280691789,0.226740236604455,2.30539530183229,0.219823997973009,0.226544452761786,0.229301774487073,0.236166692660989,0.246626007232407
1123,1122,1122,0.56128064032016,1,2.27367281821397,2.54040897925011,0.223766723203415,2.27367281821397,0.21679919646974,0.223808082738143,0.226532099509711,0.234312901172562,0.244690115308442
1124,1123,1123,0.561780890445223,1,2.28298490893107,2.54906979867583,0.224651127993858,2.28298490893107,0.217687122722254,0.224146080784538,0.226874211403719,0.232787878114358,0.243097552260942
1125,1124,1124,0.562281140570285,1,2.26492455556563,2.53252922456944,0.222962077309701,2.26492455556563,0.215965032337824,0.222478271730476,0.22518610308352,0.231241437156776,0.241482622761393
1126,1125,1125,0.562781390695348,1,2.23784412673677,2.50768400398144,0.220424992649746,2.23784412673677,0.213382859932401,0.220123535100081,0.222802706442302,0.229573751848272,0.239741079259545
1127,1126,1126,0.56328164082041,1,2.2046476846671,2.47720786289307,0.217312903152449,2.2046476846671,0.210217513577945,0.217281686540537,0.219926269126874,0.227729942052112,0.237815611095515
1128,1127,1127,0.563781890945473,1,2.20943035387612,2.4816985127295,0.217771468564371,2.20943035387612,0.21067355053858,0.217278891952892,0.219923440525697,0.226162284537229,0.236178525403002
1129,1128,1128,0.564282141070535,1,2.19202950270224,2.4657651322743,0.216144421825504,2.19202950270224,0.209014344991429,0.215652467475923,0.218277220483265,0.224585811978033,0.234532234266834
1130,1129,1129,0.564782391195598,1,2.16265894800006,2.43881142757732,0.213392028041216,2.16265894800006,0.206213804558217,0.21311840660953,0.215712317011833,0.222865701172757,0.232735943455786
1131,1130,1130,0.56528264132066,1,2.1488142851296,2.42615217568144,0.212099320911578,2.1488142851296,0.204893688593569,0.211730625652511,0.214307645071451,0.22119543984472,0.230991709848045
1132,1131,1131,0.565782891445723,1,2.15419051604393,2.43118930876488,0.212613690789313,2.15419051604393,0.205406322835807,0.211807461816667,0.214385416425245,0.219787243140512,0.229521147142341
1133,1132,1132,0.566283141570785,1,2.13181199884817,2.41067306680449,0.210518662388447,2.13181199884817,0.203272486996561,0.2098362171517,0.212390179313434,0.218294589242191,0.227962386815154
1134,1133,1133,0.566783391695848,1,2.10454771669708,2.38565857525509,0.207964292522348,2.10454771669708,0.200672783813531,0.20747832381823,0.210003587548222,0.216672149428597,0.226268092633815
1135,1134,1134,0.56728364182091,1,2.07021424870292,2.35413559166729,0.204745304072904,2.07021424870292,0.197399019790174,0.204559473645087,0.207049211415837,0.21485524806107,0.224370724614814
1136,1135,1135,0.567783891945973,1,2.07606376685047,2.35960847311803,0.205304170657535,2.07606376685047,0.197956782905414,0.204642800425,0.207133552384081,0.21332338091566,0.222771014370214
1137,1136,1136,0.568284142071036,1,2.05175754146534,2.33731741950586,0.203027906296212,2.05175754146534,0.195639136280757,0.202500931714692,0.204965614524626,0.211700013535514,0.221075751542398
1138,1137,1137,0.568784392196098,1,2.02012909211449,2.30828490549893,0.200063233647562,2.02012909211449,0.192623301130722,0.199786613244258,0.202218259494714,0.209913003491826,0.219209598669639
1139,1138,1138,0.569284642321161,1,1.99788842517332,2.28789558017427,0.197981165415371,1.99788842517332,0.190502609585672,0.197750038490267,0.200156897147181,0.208088558741592,0.217304353187745
1140,1139,1139,0.569784892446223,1,1.98664268397024,2.27762911598492,0.196932799243112,1.98664268397024,0.189430305938021,0.196538078486026,0.19893018611457,0.206355986703257,0.215495049262443
1141,1140,1140,0.570285142571286,1,1.94091461643831,2.2356152976647,0.192642532888308,1.94091461643831,0.185070044330626,0.192734852656109,0.195080670397263,0.204312816596185,0.213361391548368
1142,1141,1141,0.570785392696348,1,1.9087809412664,2.20611762991772,0.189630360785417,1.9087809412664,0.182006034900121,0.189898337887717,0.192209631791719,0.202150644789915,0.211103461805936
1143,1142,1142,0.571285642821411,1,1.88197097719749,2.18152142212637,0.187118704217125,1.88197097719749,0.179449651844054,0.187440924001108,0.189722308187105,0.199944186671594,0.208799284406001
1144,1143,1143,0.571785892946473,1,1.86200573535242,2.16322704612836,0.185250562996821,1.86200573535242,0.177545926578634,0.18549266498541,0.187750336487892,0.197776458418666,0.206535552133847
1145,1144,1144,0.572286143071536,1,1.84003409723484,2.14308541155555,0.183193787854893,1.84003409723484,0.17545088746357,0.183400306830685,0.185632511787741,0.195620035680469,0.204283626073341
1146,1145,1145,0.572786393196598,1,1.80407672086191,2.11006732018745,0.179822125574241,1.80407672086191,0.172022280567115,0.180251761842993,0.182445645175345,0.193314794604848,0.201876290831514
1147,1146,1146,0.573286643321661,1,1.77044888042986,2.07919399717895,0.176669477606022,1.77044888042986,0.168815799526272,0.177249753677875,0.179407098917008,0.190905038465802,0.199359811779026
1148,1147,1147,0.573786893446723,1,1.76330490644432,2.07270396776886,0.176006744345085,1.76330490644432,0.168134607488765,0.176231155269516,0.178376102926248,0.188703955986359,0.197061248093446
1149,1148,1148,0.574287143571786,1,1.74746351815758,2.05820636110862,0.174526312511788,1.74746351815758,0.166624099809728,0.174596066760981,0.176721113400441,0.186587772602552,0.194851343501738
1150,1149,1149,0.574787393696848,1,1.72806057292076,2.04042968305763,0.172711036329054,1.72806057292076,0.164773990637118,0.172708417591576,0.174810489243121,0.184505869350906,0.192677237235472
1151,1150,1150,0.575287643821911,1,1.70578282461384,2.02000621748272,0.170625481844653,1.70578282461384,0.162649763310564,0.170610057858972,0.172686589918584,0.182421497627116,0.190500553173743
1152,1151,1151,0.575787893946973,1,1.70039770555831,2.01513553909307,0.170128109588199,1.70039770555831,0.162136281566497,0.169789647388387,0.171856194054021,0.180526720091306,0.18852186001856
1153,1152,1152,0.576288144072036,1,1.68772699238854,2.00355712485658,0.168945772846935,1.68772699238854,0.16092810402578,0.168455778208405,0.17050609006262,0.178716078808871,0.186631029330347
1154,1153,1153,0.576788394197099,1,1.6677802547391,1.98527978539045,0.167079371322341,1.6677802547391,0.159026143171981,0.166588082967021,0.168615662696911,0.176896879432594,0.184731261528733
1155,1154,1154,0.577288644322161,1,1.65123172968169,1.97013112864549,0.165532457117638,1.65123172968169,0.15744820860441,0.164975854600999,0.166983811549375,0.175108725707854,0.182863914323752
1156,1155,1155,0.577788894447224,1,1.64816271395998,1.96739285141815,0.165252836289818,1.64816271395998,0.157155571890328,0.164389971633604,0.166390797673168,0.173500912596717,0.181184894630044
1157,1156,1156,0.578289144572286,1,1.6403891292915,1.96032314901485,0.16453090937215,1.6403891292915,0.156414345229959,0.163484112567297,0.165473913199471,0.171998392592304,0.179615831248159
1158,1157,1157,0.578789394697349,1,1.62609535264735,1.9472504048887,0.163195978234449,1.62609535264735,0.155051405379447,0.162105860606769,0.164078886235065,0.170514512794474,0.178066233607491
1159,1158,1158,0.579289644822411,1,1.61509349351675,1.9372084792194,0.162170540948361,1.61509349351675,0.154002356369369,0.160980470714936,0.162939798978498,0.169084406482543,0.17657279096469
1160,1159,1159,0.579789894947474,1,1.61324294568622,1.93559202687329,0.162005475943752,1.61324294568622,0.153825902976659,0.160558411513028,0.162512602802399,0.167805507237116,0.17523725202396
1161,1160,1160,0.580290145072536,1,1.60304064247316,1.92628624019355,0.161055209933822,1.60304064247316,0.152853093203409,0.159534528538836,0.161476257926208,0.166564860432374,0.173941659642191
1162,1161,1161,0.580790395197599,1,1.59170118994787,1.91593349741315,0.159998033371289,1.59170118994787,0.151771853995993,0.158432236002152,0.160360549147713,0.165344966767841,0.172667739512548
1163,1162,1162,0.581290645322661,1,1.58949808686795,1.91399245280356,0.159799822432253,1.58949808686795,0.15156178376353,0.158025537765318,0.15994890089833,0.164247052417462,0.171521200898377
1164,1163,1163,0.581790895447724,1,1.58914013445748,1.91375021039105,0.159775085702443,1.58914013445748,0.151527652293803,0.157782877352423,0.159703287012859,0.163277426157706,0.170508631978277
1165,1164,1164,0.582291145572786,1,1.61716392304149,1.9396386058482,0.16241869479227,1.61716392304149,0.154199775916156,0.159713819458717,0.161657731034805,0.162742885152858,0.169950417302692
1166,1165,1165,0.582791395697849,1,1.61583786579476,1.93850504401659,0.162302940443304,1.61583786579476,0.154073333737113,0.159510567038048,0.16145200478479,0.162258037435636,0.169444096723499
1167,1166,1166,0.583291645822911,1,1.6239268071716,1.94603972842202,0.16307234927809,1.6239268071716,0.154844630282835,0.16002978526126,0.161977542525737,0.16192379960948,0.169095056223324
1168,1167,1167,0.583791895947974,1,1.61140618043958,1.93459949648924,0.16190412310597,1.61140618043958,0.15365076378056,0.159019382642778,0.160954842077593,0.161488137064475,0.168640099121776
1169,1168,1168,0.584292146073036,1,1.60931139536452,1.93275817862158,0.161716095823235,1.60931139536452,0.153451021883919,0.158777728192722,0.160710246398753,0.161081575733712,0.168215532064621
1170,1169,1169,0.584792396198099,1,1.60663905191628,1.93038511153174,0.161473768648502,1.60663905191628,0.15319620865502,0.158498184067825,0.160427299881613,0.160694066983829,0.16781086138615
1171,1170,1170,0.585292646323162,1,1.58746894093743,1.91282280044575,0.159680382677474,1.58746894093743,0.151368300689038,0.156973890842792,0.158884454152761,0.160136040562673,0.167228121175712
1172,1171,1171,0.585792896448224,1,1.59017796240943,1.91540427430541,0.15994399143499,1.59017796240943,0.151626611239986,0.157071318192275,0.158983067311669,0.159676332207114,0.166748053326408
1173,1172,1172,0.586293146573287,1,1.56143875921982,1.88903184535704,0.157250954973765,1.56143875921982,0.14888627142118,0.15480839117703,0.156692597720361,0.158946141052601,0.165985523577082
1174,1173,1173,0.586793396698349,1,1.56605550699849,1.89336973385256,0.157693921069381,1.56605550699849,0.149326487445535,0.155015763297679,0.156902493812118,0.158356584389363,0.165369856717994
1175,1174,1174,0.587293646823412,1,1.57850531706125,1.90491940382393,0.158873322572704,1.57850531706125,0.150513601438448,0.155844072539046,0.157740884585117,0.157979707611815,0.164976288879033
1176,1175,1175,0.587793896948474,1,1.58410886735833,1.91016582641052,0.159409064174069,1.58410886735833,0.151047911033062,0.156196789262266,0.158097894300162,0.157712269859383,0.16469700688409
1177,1176,1176,0.588294147073537,1,1.56413726766716,1.89186559684018,0.157540325212701,1.56413726766716,0.149143579534451,0.15463585315465,0.156517959700247,0.157250807353673,0.1642151071971
1178,1177,1177,0.588794397198599,1,1.57382909482405,1.90087603383855,0.158460431412084,1.57382909482405,0.150067714406938,0.155281055648601,0.157171015093848,0.156955344597912,0.163906559031742
1179,1178,1178,0.589294647323662,1,1.58840958349494,1.91438738724351,0.159840151400384,1.58840958349494,0.151457992815803,0.156329434535286,0.158232154027602,0.156861458088518,0.163808514490897
1180,1179,1179,0.589794897448724,1,1.60061274854569,1.92570997489837,0.160996364256229,1.60061274854569,0.152621588719398,0.157238211584796,0.159151991999909,0.15691797111296,0.163867530355572
1181,1180,1180,0.590295147573787,1,1.55588528616167,1.88461739854057,0.156800171079108,1.55588528616167,0.148356736790261,0.153868529084782,0.155741296362511,0.156460554808733,0.163389856067621
1182,1181,1181,0.590795397698849,1,1.57406475701841,1.90144228018244,0.158518253998435,1.57406475701841,0.150090185262888,0.155156890103053,0.157045338302484,0.156265005102881,0.163185645886133
1183,1182,1182,0.591295647823912,1,1.60127148087852,1.92657841655794,0.161085045699195,1.60127148087852,0.152684400149127,0.157180811637409,0.159093893425298,0.15640237608306,0.163329100731393
1184,1183,1183,0.591795897948974,1,1.60344278440697,1.92866482167387,0.161298100213858,1.60344278440697,0.152891438231514,0.157376623693878,0.159292088752825,0.156548513224683,0.163481709972521
1185,1184,1184,0.592296148074037,1,1.58133479217605,1.90839764793986,0.159228505564896,1.58133479217605,0.15078339748228,0.155736719267938,0.157632224694036,0.156426744131171,0.163354547987913
1186,1185,1185,0.5927963981991,1,1.60351260519546,1.92890374248379,0.16132249775622,1.60351260519546,0.152898095781677,0.15739480634012,0.159310492704002,0.156571953462514,0.16350618832804
1187,1186,1186,0.593296648324162,1,1.61148456945066,1.93633072782998,0.162080908836726,1.61148456945066,0.153658238327679,0.158031183083717,0.159954614927125,0.156790837905694,0.163734766692155
1188,1187,1187,0.593796898449225,1,1.62407909174813,1.94801363215794,0.163273915646595,1.62407909174813,0.154859150918153,0.15903213244346,0.160967747058867,0.157127032086359,0.164085850189569
1189,1188,1188,0.594297148574287,1,1.57767967607049,1.90538171379645,0.158920531633911,1.57767967607049,0.15043487493834,0.155591851880951,0.157485594094626,0.156896755055548,0.163845374684635
1190,1189,1189,0.59479739869935,1,1.59715540162331,1.92340003744939,0.160760483602784,1.59715540162331,0.152291923857909,0.15702374198263,0.158934912041647,0.15691580309461,0.163865266320355
1191,1190,1190,0.595297648824412,1,1.59822134129319,1.92446875084908,0.160869615915079,1.59822134129319,0.152393563311951,0.15711223493989,0.159024482065904,0.156945267871402,0.163896036028701
1192,1191,1191,0.595797898949475,1,1.60148357696535,1.92755956062057,0.161185235815909,1.60148357696535,0.152704623930152,0.157369028066993,0.159284400677915,0.157008831900741,0.163962415172105
1193,1192,1192,0.596298149074537,1,1.5338114817844,1.86534220933138,0.154831873527183,1.5338114817844,0.146251955920434,0.152264294039533,0.154117535824191,0.15629715122156,0.163219215687227
1194,1193,1193,0.5967983991996,1,1.55629439329314,1.88612920342057,0.156954549944706,1.55629439329314,0.148395745963728,0.153827488806734,0.155699756574328,0.155926701859336,0.162832359919982
1195,1194,1194,0.597298649324662,1,1.55498309028535,1.88500922559267,0.156840182734457,1.55498309028535,0.148270710630526,0.153658171323057,0.155528378290792,0.155586422278894,0.162477010089227
1196,1195,1195,0.597798899449725,1,1.56052072386181,1.89019495965574,0.157369727090701,1.56052072386181,0.148798734935564,0.154013218874042,0.155887747202613,0.155350441768166,0.162230578509525
1197,1196,1196,0.598299149574787,1,1.50128311205413,1.83574310910477,0.151809343585562,1.50128311205413,0.143150311583791,0.149486902021463,0.1513063395648,0.154470910806161,0.161312095014022
1198,1197,1197,0.59879939969985,1,1.53198158522146,1.86409404603448,0.154704416580587,1.53198158522146,0.146077471666899,0.151638284705911,0.153483907195041,0.154046016891123,0.160868383461888
1199,1198,1198,0.599299649824912,1,1.53757519843703,1.86933131970106,0.155239223934476,1.53757519843703,0.146610833741154,0.151980645958143,0.153830435400412,0.153736211251176,0.16054485719687
1200,1199,1199,0.599799899949975,1,1.56234881640598,1.89222733243676,0.157577264060951,1.56234881640598,0.148973047172344,0.153797577587984,0.15566948129964,0.153745416201697,0.16055446981484
1201,1200,1200,0.600300150075038,1,1.54169575878782,1.87329969490306,0.155644456957635,1.54169575878782,0.14700373731369,0.152240396931067,0.154093347858829,0.153519663311103,0.160318718814556
1202,1201,1201,0.6008004002001,1,1.60312078866218,1.92994010591575,0.161428326632083,1.60312078866218,0.152860735300917,0.156847937001979,0.158756967300402,0.154018904364734,0.160840070180053
1203,1202,1202,0.601300650325163,1,1.62081409797062,1.94631738600396,0.163100702449251,1.62081409797062,0.154547827309157,0.158290836533315,0.160217428675238,0.154659694190021,0.161509239207679
1204,1203,1203,0.601800900450225,1,1.63843472149804,1.96262774539754,0.164766244619394,1.63843472149804,0.156227988584534,0.159756544921318,0.161700976518289,0.155424221799716,0.162307626099892
1205,1204,1204,0.602301150575288,1,1.68515698942299,2.00573154679004,0.169167815251916,1.68515698942299,0.160683049164152,0.163449428430759,0.165438806914776,0.156628002794372,0.163564719964185
1206,1205,1205,0.60280140070035,1,1.7252606712197,2.04274171645783,0.17294713101182,1.7252606712197,0.164507014476731,0.166729264581049,0.168758562663019,0.158143192062374,0.165147013704077
1207,1206,1206,0.603301650825413,1,1.71823302268046,2.03635878611939,0.17229533423707,1.71823302268046,0.163836914300411,0.1665044588243,0.168531020746591,0.159397382076663,0.166456749094998
1208,1207,1207,0.603801900950475,1,1.73995936187449,2.05644921556931,0.174346880537042,1.73995936187449,0.165908563678352,0.168403569944425,0.170453246360522,0.160748310256827,0.167867506976974
1209,1208,1208,0.604302151075538,1,1.82674469811932,2.13643847548311,0.182515031975654,1.82674469811932,0.174183716995272,0.175245727388755,0.177378681188779,0.162922922826616,0.170138428457568
1210,1209,1209,0.6048024012006,1,1.84971363704979,2.15767294763768,0.184683402885254,1.84971363704979,0.176373850713721,0.17742296361349,0.179582417028359,0.165097928944647,0.172409760915807
1211,1210,1210,0.605302651325663,1,1.87845782569291,2.18422460448777,0.187394741311579,1.87845782569291,0.179114665905371,0.18003735244602,0.182228626155046,0.167338842469853,0.174749919678449
1212,1211,1211,0.605802901450725,1,1.86297902812058,2.17006082959123,0.185948398909836,1.86297902812058,0.177638731967507,0.179318104192024,0.181500623774377,0.169135731728179,0.176626389295
1213,1212,1212,0.606303151575788,1,1.9227191693382,2.22514998920788,0.191573861613948,1.9227191693382,0.183335072491621,0.18420265944398,0.186444630008912,0.171395770885549,0.178986520722894
1214,1213,1213,0.60680340170085,1,1.945182490228,2.24591894651176,0.193694696194278,1.945182490228,0.185476994530684,0.186358715550274,0.188626927942231,0.173640212585258,0.181330363915294
1215,1214,1214,0.607303651825913,1,1.95777925469398,2.25760391517021,0.194887913804499,1.95777925469398,0.186678120916357,0.187764946049801,0.190050273978509,0.175758922604939,0.183542907042142
1216,1215,1215,0.607803901950975,1,1.97073172389125,2.2696163757723,0.196114573451731,1.97073172389125,0.187913164451105,0.189172950132153,0.191475415184275,0.177771026734021,0.185644122932918
1217,1216,1216,0.608304152076038,1,1.993931702792,2.29106356291844,0.198304665880774,1.993931702792,0.190125328287302,0.191335169893708,0.193663951792041,0.179805648207974,0.187768853413311
1218,1217,1217,0.608804402201101,1,2.01180880124184,2.30761005487774,0.199994320870044,2.01180880124184,0.19182994495338,0.193099054766798,0.195449305290922,0.181799659191798,0.189851174852362
1219,1218,1218,0.609304652326163,1,2.04243055898692,2.33589036108335,0.202882181366148,2.04243055898692,0.194749790069371,0.195819339977406,0.198202699683498,0.183902611309639,0.192047262193809
1220,1219,1219,0.609804902451226,1,2.07638122939568,2.36723554661864,0.206083013860405,2.07638122939568,0.197987053586472,0.198813347254375,0.201233147673139,0.18613922170135,0.194382927246433
1221,1220,1220,0.610305152576288,1,2.09500267620804,2.38446734881009,0.207842649716664,2.09500267620804,0.199762645339904,0.200673962581735,0.203116408953653,0.188319432833407,0.196659695237569
1222,1221,1221,0.610805402701351,1,2.0984963737069,2.38777126196996,0.208180030798311,2.0984963737069,0.200095776300698,0.201378422131165,0.203829442633222,0.190278281228071,0.19870529681206
1223,1222,1222,0.611305652826413,1,2.1179741398623,2.4057914643747,0.210020174617056,2.1179741398623,0.201953019795755,0.203248291751804,0.205722070843027,0.192223782806631,0.200736960468685
1224,1223,1223,0.611805902951476,1,2.1378810058141,2.42420673244479,0.211900660804092,2.1378810058141,0.203851178804389,0.205147966504704,0.20764486694983,0.194162410361342,0.202761445665737
1225,1224,1224,0.612306153076538,1,2.1338612717383,2.42059314326842,0.21153165696956,2.1338612717383,0.203467889216427,0.20523548893432,0.207733454633941,0.195823372147289,0.204495967874683
1226,1225,1225,0.612806403201601,1,2.13597763739465,2.4226289679199,0.211739546429642,2.13597763739465,0.20366968886414,0.205731861425246,0.208235868582234,0.197309645538982,0.206048065116334
1227,1226,1226,0.613306653326663,1,2.18302412361209,2.46603127217004,0.216171598861204,2.18302412361209,0.20815566429867,0.209593631099873,0.212144640694096,0.199152243373116,0.207972267643148
1228,1227,1227,0.613806903451726,1,2.17095442690787,2.4550062046651,0.215045767454609,2.17095442690787,0.207004794865678,0.209052722232184,0.211597148307129,0.200637315201976,0.209523110107334
1229,1228,1228,0.614307153576788,1,2.17382371342072,2.45773523211376,0.215324443735709,2.17382371342072,0.207278387004989,0.209570898173211,0.212121631080047,0.201977352647661,0.210922494927639
1230,1229,1229,0.614807403701851,1,2.1710691172766,2.45528643621607,0.215074383468167,2.1710691172766,0.207015730818989,0.209634448876853,0.212185955273103,0.20312591708204,0.212121926809029
1231,1230,1230,0.615307653826913,1,2.23717190967801,2.51623359214122,0.221298038992494,2.23717190967801,0.213318762707407,0.214870867910623,0.217486107899942,0.204887659706327,0.213961693222757
1232,1231,1231,0.615807903951976,1,2.22515769008729,2.50525960157209,0.220177423337952,2.22515769008729,0.212173183126821,0.214317986537731,0.216926497287812,0.206302208731038,0.215438889579568
1233,1232,1232,0.616308154077039,1,2.19682891973757,2.47926505190573,0.217522974247135,2.19682891973757,0.2094719788904,0.212460972769058,0.215046881401337,0.207226023336741,0.216403617946047
1234,1233,1233,0.616808404202101,1,2.20608406753758,2.48787344485254,0.218402025476118,2.20608406753758,0.210354475523239,0.213350182564735,0.215946913962516,0.20814464722094,0.217362925705137
1235,1234,1234,0.617308654327164,1,2.37769831724705,2.64596339700551,0.234545476128117,2.37769831724705,0.226718233378687,0.226525775384381,0.229282869783252,0.210901816445456,0.220242204020994
1236,1235,1235,0.617808904452226,1,2.3440416631859,2.61506354572633,0.231390119209564,2.3440416631859,0.223509004901369,0.224534068648874,0.227266921552598,0.212946654275969,0.222377603318392
1237,1236,1236,0.618309154577289,1,2.64222342510486,2.88968228405399,0.259432977025203,2.64222342510486,0.251941225169869,0.247513599325989,0.250526141087244,0.218131696033472,0.227792279416778
1238,1237,1237,0.618809404702351,1,2.64596619900195,2.89321551807072,0.259793775344225,2.64596619900195,0.252298106057461,0.248837875231707,0.251866535042557,0.222737622913207,0.232602192885754
1239,1238,1238,0.619309654827414,1,2.8824857103356,3.11106275881523,0.282039377501346,2.8824857103356,0.274850708875148,0.267662992564549,0.270920776966048,0.229476428360909,0.239639445524373
1240,1239,1239,0.619809904952476,1,2.86261113505837,3.09285185814919,0.280179760414826,2.86261113505837,0.272955628846147,0.267510647955005,0.270766578137182,0.235181561300023,0.245597246523533
1241,1240,1240,0.620310155077539,1,2.61559647841473,2.8655165343892,0.256965276947689,2.61559647841473,0.24940229318255,0.249961489500357,0.253003825064447,0.237398550530073,0.247912421435473
1242,1241,1241,0.620810405202601,1,2.62719861362458,2.87628576299804,0.258064983211365,2.62719861362458,0.250508579703055,0.251286955447198,0.254345423545132,0.239481811267642,0.250087945307792
1243,1242,1242,0.621310655327664,1,2.14877631715972,2.43589693989075,0.213094413376253,2.14877631715972,0.204890068272609,0.215500372168255,0.218123273990582,0.235884595402734,0.246331416493677
1244,1243,1243,0.621810905452726,1,2.1273123247702,2.41622268702959,0.211085365199227,2.1273123247702,0.202843434180929,0.213160535383524,0.215754958544284,0.232475986399852,0.242771847533612
1245,1244,1244,0.622311155577789,1,1.26139126824038,1.61906964088991,0.129683601917049,1.26139126824038,0.120276150199692,0.146949470712535,0.148738024628446,0.219647009046755,0.229374702382364
1246,1245,1245,0.622811405702851,1,1.26254107186848,1.6202155665622,0.129800618807051,1.26254107186848,0.120385786247884,0.144474705459283,0.146233138469939,0.208371163508634,0.217599473911735
1247,1246,1246,0.623311655827914,1,1.11859370943913,1.48777273519173,0.116276139336203,1.11859370943913,0.10666012077015,0.13132953767257,0.132927977991819,0.196814919633225,0.205531428864894
1248,1247,1247,0.623811905952977,1,1.10553907710396,1.47584085241064,0.115057707941679,1.10553907710396,0.105415335778307,0.128034320022808,0.129592653532534,0.186497829691662,0.194757417212888
1249,1248,1248,0.624312156078039,1,0.979451759362137,1.35984149292432,0.103212363503097,0.979451759362137,0.0933926608567131,0.116432560814576,0.11784968679383,0.175988039360099,0.183782170885313
1250,1249,1249,0.624812406203102,1,0.989598460554868,1.36927072553883,0.104175235268984,0.989598460554868,0.0943601688674439,0.115102522846668,0.116503460645018,0.166855211883084,0.174244870133797
1251,1250,1250,0.625312656328164,1,0.975026869456867,1.35594220186449,0.102814185048711,0.975026869456867,0.0929707388597377,0.112177184249445,0.113542517116535,0.158653507738039,0.165679930162784
1252,1251,1251,0.625812906453227,1,0.943882282142225,1.32735517228536,0.0998950033106376,0.943882282142225,0.090001040911068,0.108183817356268,0.109500546087802,0.151083054180773,0.15777419750959
1253,1252,1252,0.626313156578289,1,0.909062663368605,1.2953845970586,0.0966303087714812,0.909062663368605,0.086680921450154,0.104038572290875,0.10530484834464,0.144026381897288,0.150405000397101
1254,1253,1253,0.626813406703352,1,0.908336304005166,1.29480316795988,0.09657093578898,0.908336304005166,0.0866116616494121,0.102576279061793,0.103824757227151,0.137808866471964,0.143912124594099
1255,1254,1254,0.627313656828414,1,0.965639771826301,1.34764891938876,0.101967311515215,0.965639771826301,0.092075660549795,0.105673544668668,0.106959720326252,0.13298856820147,0.138878345686809
1256,1255,1255,0.627813906953477,1,0.947302031862246,1.33085295965398,0.100252181973845,0.947302031862246,0.0903271208050128,0.103325687810279,0.104583287192238,0.128539136142791,0.134231857857727
1257,1256,1256,0.628314157078539,1,1.0083208023744,1.38711933384219,0.105997856652747,1.0083208023744,0.0961453811591991,0.107057746128014,0.108360769202119,0.125316927640574,0.130866944675356
1258,1257,1257,0.628814407203602,1,1.00474244030686,1.38391210917023,0.105670348974261,1.00474244030686,0.0958041772644675,0.106146504609096,0.107438436764811,0.122441364185853,0.127864028703629
1259,1258,1258,0.629314657328664,1,1.00159113375514,1.38109806802554,0.105382991468402,1.00159113375514,0.0955036939571202,0.105336911882943,0.106618990309798,0.119875696340416,0.125184732950808
1260,1259,1259,0.629814907453727,1,0.974787440040265,1.35650763325391,0.102871924415495,0.974787440040265,0.0929479087917021,0.102799273332152,0.104050465609194,0.117314232889177,0.122509827795753
1261,1260,1260,0.630315157578789,1,1.10595130654613,1.47735553195469,0.115212380355327,1.10595130654613,0.10545464267027,0.112217542672327,0.113583366750545,0.116549729356649,0.121711466047033
1262,1261,1261,0.630815407703852,1,1.10601772976009,1.47750400573415,0.115227541844714,1.10601772976009,0.105460976254987,0.112073681390696,0.113437754502018,0.115878322161756,0.121010323672392
1263,1262,1262,0.631315657828914,1,1.33594101162403,1.68927819818992,0.136852991019173,1.33594101162403,0.127384615557209,0.129344125836002,0.130918401276685,0.117898192712893,0.123119649943342
1264,1263,1263,0.631815907953977,1,1.31686039143403,1.67179827991403,0.135068018639558,1.31686039143403,0.125565240714795,0.128308081180558,0.129869746696778,0.119459675983043,0.12475028794711
1265,1264,1264,0.63231615807904,1,1.37860388812709,1.72873189848981,0.140881829380853,1.37860388812709,0.131452605142543,0.133297170217882,0.134919559020081,0.121535300118269,0.126917837008403
1266,1265,1265,0.632816408204102,1,1.38778487452617,1.73727201216115,0.14175390823051,1.38778487452617,0.132328030339244,0.134411129346119,0.136047076386747,0.123466674502446,0.128934747807609
1267,1266,1266,0.633316658329165,1,1.31440946351582,1.66980370461021,0.13486434138145,1.31440946351582,0.125331539894248,0.129248327485129,0.130821436943282,0.124333922449849,0.129840404300226
1268,1267,1267,0.633816908454227,1,1.29319469279513,1.65035890635436,0.132878724099602,1.29319469279513,0.123308669581206,0.127820244688213,0.129375972640558,0.124856870785603,0.130386512892351
1269,1268,1268,0.63431715857929,1,1.49355185141183,1.83491201818883,0.151724476236271,1.49355185141183,0.14241312060296,0.143091980674478,0.14483358424154,0.127592137268935,0.133242918441752
1270,1269,1269,0.634817408704352,1,1.50203770761797,1.84281213604921,0.152531201528342,1.50203770761797,0.143222263762041,0.144285260458255,0.146041387692668,0.130096105747333,0.135857782295351
1271,1270,1270,0.635317658829415,1,1.48075437154931,1.82330421071886,0.150539137987272,1.48075437154931,0.141192855607571,0.143179332706389,0.144921999453998,0.132058589791191,0.137907180534115
1272,1271,1271,0.635817908954477,1,1.45560191641463,1.80023404622889,0.148183314249549,1.45560191641463,0.138794519303968,0.141672291126924,0.143396615344239,0.133500644991551,0.139413101255899
1273,1272,1272,0.63631815907954,1,1.6093404852639,1.94186613051102,0.162646159814434,1.6093404852639,0.153453795663313,0.153599729396965,0.155469225055328,0.136515507652363,0.142561485695772
1274,1273,1273,0.636818409204602,1,1.61926620450965,1.95109190840324,0.163588255678852,1.61926620450965,0.154400232608693,0.154957897998998,0.156843924222323,0.139281866204358,0.145450360314647
1275,1274,1274,0.637318659329665,1,1.54010933083211,1.87830069598389,0.156155137194169,1.54010933083211,0.146852468273,0.149524548873798,0.151344444625149,0.140818268604774,0.147054806670936
1276,1275,1275,0.637818909454727,1,1.52419699579286,1.86373776972616,0.154668035210844,1.52419699579286,0.145335195680906,0.148631588054152,0.150440615385474,0.141990266522181,0.148278709853887
1277,1276,1276,0.63831915957979,1,1.63442297367917,1.96530847238111,0.165039988669419,1.63442297367917,0.155845460501952,0.157211959381358,0.159125420275203,0.144273520451057,0.150663084185558
1278,1277,1277,0.638819409704852,1,1.64273786723011,1.97305118752144,0.165830640687958,1.64273786723011,0.156638302034003,0.158301898111694,0.160228624886489,0.146377777100153,0.152860533833141
1279,1278,1278,0.639319659829915,1,1.56310444858544,1.89982122738867,0.158352719216343,1.56310444858544,0.149045098193943,0.152700063435265,0.154558609063859,0.14732612005042,0.153850876851777
1280,1279,1279,0.639819909954978,1,1.53802977821609,1.87682267815073,0.156004208513202,1.53802977821609,0.146654178821432,0.150996080428526,0.152833886509951,0.147876614107136,0.154425751105565
1281,1280,1280,0.64032016008004,1,1.59397516177476,1.92841806202583,0.161272902203821,1.59397516177476,0.15198868170353,0.155344167409382,0.157234895001573,0.148996747102473,0.155595492380664
1282,1281,1281,0.640820410205102,1,1.58988501967063,1.92473964924714,0.160897278868108,1.58988501967063,0.151598678570925,0.155262662410967,0.157152397988125,0.149936634398747,0.15657700526259
1283,1282,1282,0.641320660330165,1,1.49552282742069,1.83794913095767,0.152034612835344,1.49552282742069,0.142601057060465,0.148313272626817,0.150118425671956,0.149693130132957,0.156322716716906
1284,1283,1283,0.641820910455228,1,1.47227137634064,1.8166291920282,0.149857514434564,1.47227137634064,0.140383985250252,0.146508902359733,0.14829209402256,0.149215495966974,0.155823929161612
1285,1284,1284,0.64232116058029,1,1.39127138180129,1.74214104622484,0.142251112575629,1.39127138180129,0.132660475697994,0.140287266346726,0.141994733126703,0.147876261523937,0.154425382907215
1286,1285,1285,0.642821410705353,1,1.39255901822269,1.74341387245651,0.142381087992659,1.39255901822269,0.132783254375413,0.140120880932879,0.141826322599856,0.146712954435278,0.153210555451114
1287,1286,1286,0.643321660830415,1,1.39607639121541,1.74673958328399,0.142720694956259,1.39607639121541,0.133118642841334,0.140158428611839,0.14186432727977,0.145729775561762,0.152183833701157
1288,1287,1287,0.643821910955478,1,1.37668882092358,1.72897706071134,0.14090686426872,1.37668882092358,0.131269999700114,0.138498543928316,0.140184239779345,0.144645090816745,0.151051110603098
1289,1288,1288,0.64432216108054,1,1.20208630988742,1.56831049961121,0.124500301642674,1.20208630988742,0.114621305221736,0.12507161073016,0.126593884461777,0.141709068803757,0.147985058493671
1290,1289,1289,0.644822411205603,1,1.19891103312095,1.56547438945385,0.124210690546299,1.19891103312095,0.114318536307042,0.12424811221405,0.125760362966418,0.139089925315301,0.145249918776683
1291,1290,1290,0.645322661330665,1,1.07543101894499,1.45187553476071,0.112610475100044,1.07543101894499,0.10254447293303,0.114383264384641,0.115775447932073,0.135383926175702,0.141379788910749
1292,1291,1291,0.645822911455728,1,1.05406904534744,1.43229520905186,0.110611018350731,1.05406904534744,0.100507566534776,0.112029391780141,0.113392925832996,0.131880746016368,0.137721460441237
1293,1292,1292,0.64632316158079,1,1.0116713528095,1.39334761640662,0.10663386147694,1.0116713528095,0.0964648627645751,0.108124088835498,0.109440090598235,0.128317247439237,0.134000142181012
1294,1293,1293,0.646823411705853,1,1.01378345555104,1.39537951625719,0.106841350153612,1.01378345555104,0.0966662559349377,0.107575246634201,0.108884568319334,0.125205947318482,0.130751049273635
1295,1294,1294,0.647323661830915,1,1.27023287069338,1.63157591674153,0.130960687805819,1.27023287069338,0.121119214466441,0.126365224039569,0.127903242619664,0.125379838826645,0.130932642062468
1296,1295,1295,0.647823911955978,1,1.2560274473798,1.61858451818493,0.129634063319932,1.2560274473798,0.119764699280604,0.12532894100751,0.126854346761808,0.125372204153775,0.130924669266367
1297,1296,1296,0.64832416208104,1,1.25949169852972,1.62186132053855,0.129968675965275,1.25949169852972,0.120095022473833,0.12559360288097,0.127122229892398,0.125405413962854,0.130959349866421
1298,1297,1297,0.648824412206103,1,1.26210326628149,1.62435307023813,0.13022312248616,1.26210326628149,0.120344040619969,0.125801902128332,0.127333064395128,0.125464887187676,0.131021457032379
1299,1298,1298,0.649324662331166,1,0.833954417233727,1.23025024661098,0.0899790753573312,0.833954417233727,0.0795192017515897,0.0934152819613906,0.0945522596418672,0.120657446403733,0.12600110504205
1300,1299,1299,0.649824912456228,1,0.829112918343017,1.22588007105054,0.0895328122486409,0.829112918343017,0.0790575552645461,0.0920913991352261,0.0932122635503642,0.116372539313457,0.121526428638153
1301,1300,1300,0.650325162581291,1,1.25602878937264,1.61902234841336,0.129678772617331,1.25602878937264,0.119764827242273,0.123547645075286,0.125051370290011,0.117448805177731,0.12265036000136
1302,1301,1301,0.650825412706353,1,1.26565674945432,1.6279739839656,0.130592874271637,1.26565674945432,0.120682872262924,0.124495559749806,0.126010822239861,0.118505818363543,0.123754186026407
1303,1302,1302,0.651325662831416,1,1.25650163990671,1.61963233258879,0.129741061518684,1.25650163990671,0.119809914475149,0.124018111422418,0.12552756278521,0.119332662322374,0.124617649124752
1304,1303,1303,0.651825912956478,1,1.25429879976896,1.61769153006605,0.129542875300494,1.25429879976896,0.119599869314741,0.124020780609856,0.125530264459908,0.120035880065496,0.125352010868346
1305,1304,1304,0.652326163081541,1,0.793415803126299,1.1934508739169,0.086221285257322,0.793415803126299,0.0756537647836662,0.0892855720531774,0.0903722861376566,0.115423333863649,0.120535184921726
1306,1305,1305,0.652826413206603,1,0.796136316454387,1.19604292815392,0.0864859744364425,0.796136316454387,0.0759131711058027,0.0885729651561598,0.0896510059473636,0.111395778557525,0.116329257858663
1307,1306,1306,0.653326663331666,1,0.783682873761168,1.18466455154527,0.0853240646579902,0.783682873761168,0.0747257107343969,0.0868289835646396,0.0878857979772136,0.107710759308592,0.112481037037603
1308,1307,1307,0.653826913456728,1,0.781060639185612,1.18233761893344,0.0850864485332591,0.781060639185612,0.0744756754855335,0.0858975401216218,0.0869430177338019,0.104438776430547,0.109064145079415
1309,1308,1308,0.654327163581791,1,0.779446014073369,1.18093837705085,0.084943564105917,0.779446014073369,0.0743217177902443,0.0851249603603575,0.0861610347365092,0.101541704020018,0.106038767566519
1310,1309,1309,0.654827413706853,1,0.787578097357159,1.18851278155476,0.0857170289824759,0.787578097357159,0.0750971280020511,0.0851649986468357,0.0862015603376659,0.099085198214041,0.103473468404959
1311,1310,1310,0.655327663831916,1,0.787913431465015,1.18890883750999,0.0857574724748138,0.787913431465015,0.0751291027719255,0.0847030882266483,0.0857340279054574,0.0969278817159321,0.101220609001839
1312,1311,1311,0.655827913956978,1,0.788154826993649,1.18921840564207,0.0857890842110162,0.788154826993649,0.0751521203126288,0.0842939063475638,0.0853198657848749,0.0950327854106768,0.099241582959598
1313,1312,1312,0.656328164082041,1,1.30228345197652,1.66265614097597,0.134134463617304,1.30228345197652,0.124175300730441,0.122828420965576,0.124323392347494,0.0992021307439118,0.103595579624932
1314,1313,1313,0.656828414207104,1,1.28508225464336,1.64690657877957,0.132526187590614,1.28508225464336,0.12253513257156,0.122364506964605,0.123853831948485,0.102676487177016,0.10722380782741
1315,1314,1314,0.657328664332166,1,0.822296161574053,1.22091377065477,0.0890256754934562,0.822296161574053,0.0784075640352882,0.0880394988198093,0.0891110466763992,0.100480938923435,0.104931023466645
1316,1315,1315,0.657828914457229,1,0.820873181110292,1.21969097308932,0.0889008087837986,0.820873181110292,0.0782718800359616,0.0874967097499829,0.0885616512029454,0.098533304547417,0.102897132555553
1317,1316,1316,0.658329164582291,1,0.833145501601815,1.23107723110817,0.0900635233771989,0.833145501601815,0.0794420700475005,0.0880399709458481,0.0891115245487865,0.0969593045071817,0.101253423440889
1318,1317,1317,0.658829414707354,1,0.833771764081804,1.23174114039697,0.0901313188739733,0.833771764081804,0.079501785412593,0.0877765792891319,0.0888449270950249,0.0955818957244742,0.0998150121874713
1319,1318,1318,0.659329664832416,1,0.841779217436,1.2392008000176,0.0908930665076859,0.841779217436,0.0802653119143183,0.0881111182433649,0.08918353779551,0.0944612791023078,0.0986447658667511
1320,1319,1319,0.659829914957479,1,0.839298192071829,1.237003876582,0.0906687263482653,0.839298192071829,0.0800287412428195,0.0877032421121678,0.0887706973153558,0.0934475735537868,0.0975861654810484
1321,1320,1320,0.660330165082541,1,0.846086517588459,1.24334110371878,0.0913158561130597,0.846086517588459,0.0806760214959812,0.0880182574852277,0.0890895468089221,0.0926331761435029,0.0967357001621008
1322,1321,1321,0.660830415207604,1,0.833067324056107,1.2314418489052,0.0901007565430843,0.833067324056107,0.079434615664022,0.0868740911554962,0.087931454582353,0.0917693133953019,0.0958335787918724
1323,1322,1322,0.661330665332666,1,1.33190557554212,1.69080196959186,0.137008591853363,1.33190557554212,0.126999828751933,0.12445766907625,0.12597247039069,0.0966725667474442,0.100953986682852
1324,1323,1323,0.661830915457729,1,1.33467709759469,1.69344098678678,0.137278076683207,1.33467709759469,0.127264098856752,0.125652082456795,0.127181421235838,0.101019494103847,0.105493430096991
1325,1324,1324,0.662331165582791,1,0.719456002074472,1.12710358709935,0.079446192115433,0.719456002074472,0.0686015515933385,0.0799652283303827,0.0809385024876393,0.0978613542378273,0.102195423012833
1326,1325,1325,0.662831415707854,1,0.755156187824489,1.16005952483757,0.0828115075407454,0.755156187824489,0.0720056348556365,0.0820394214403737,0.0830379410523518,0.0954880643182092,0.0997170251901543
1327,1326,1326,0.663331665832916,1,0.75996483664708,1.16457409370962,0.0832725154593923,0.75996483664708,0.0724641490237665,0.0819326969786866,0.082929917624068,0.0934547592172808,0.0975936693821145
1328,1327,1327,0.663831915957979,1,0.782408926998188,1.18532534574861,0.0853915420559367,0.782408926998188,0.0746042373929614,0.0832286288561642,0.0842416225698184,0.0919208396631133,0.0959918158319905
1329,1328,1328,0.664332166083042,1,0.768938281960739,1.17301044639097,0.0841339986930793,0.768938281960739,0.0733197847678286,0.0819063920132483,0.0829032924951836,0.0904186725156336,0.0944231209343132
1330,1329,1329,0.664832416208104,1,0.782280618555379,1.18538185198448,0.0853973122242352,0.782280618555379,0.0745920029293753,0.0826197260293139,0.0836253086544484,0.0892488305426856,0.0932014691779616
1331,1330,1330,0.665332666333167,1,0.822239264407963,1.22225848926133,0.0891629922436362,0.822239264407963,0.0784021387780609,0.0854138611904948,0.0864534518413805,0.088673585139857,0.0926007473942083
1332,1331,1331,0.665832916458229,1,0.845168773597698,1.24345665905246,0.0913276561155357,0.845168773597698,0.0805885127928081,0.0870381417574453,0.0880975018797995,0.0884282686324952,0.0923445663466731
1333,1332,1332,0.666333166583292,1,0.843044307879482,1.24158801466744,0.0911368383690256,0.843044307879482,0.0803859407881876,0.0868323102684262,0.0878891651710344,0.0881888748778849,0.0920945703578624
1334,1333,1333,0.666833416708354,1,0.858453121831707,1.25586199457826,0.092594434422158,0.858453121831707,0.0818552016495715,0.0879545910428981,0.0890251054684987,0.0881537323026369,0.0920578713935858
1335,1334,1334,0.667333666833417,1,0.852226545659576,1.25021659940148,0.0920179514945187,0.852226545659576,0.081261485306542,0.0874803444903505,0.0885450867581846,0.0880527241307939,0.0919523897871883
1336,1335,1335,0.667833916958479,1,1.44350119976821,1.79468151205195,0.147616313878823,1.44350119976821,0.137640692058184,0.132212128291994,0.133821310813312,0.0946766347549739,0.098869659157814
1337,1336,1336,0.668334167083542,1,1.46667115518691,1.81610105703418,0.149803583611654,1.46667115518691,0.139849993096036,0.135294437159851,0.136941135131678,0.100769305115706,0.105232160776988
1338,1337,1337,0.668834417208604,1,0.947624411180145,1.33830992208213,0.101013654182124,0.947624411180145,0.0903578603100633,0.0972352565136189,0.0984187279338207,0.100239197825393,0.104678576175613
1339,1338,1338,0.669334667333667,1,0.94654538810278,1.33740380085828,0.100921125067764,0.94654538810278,0.0902549733272613,0.0970515865101137,0.0982328224428216,0.0997610561281007,0.104179258611541
1340,1339,1339,0.669834917458729,1,1.46792279402745,1.81751537871029,0.14994800792119,1.46792279402745,0.139969339332981,0.136418083556699,0.138078457672804,0.10525961024239,0.109921331854296
1341,1340,1340,0.670335167583792,1,1.47508088082598,1.82419303944335,0.150629901267648,1.47508088082598,0.140651877055098,0.138063534588204,0.139743935846098,0.110180198894262,0.115059842788123
1342,1341,1341,0.670835417708854,1,0.931164447504678,1.32350475926206,0.0995018160663821,0.931164447504678,0.0887883702452767,0.0978877865945713,0.0990792001000754,0.108336337049309,0.113134320270171
1343,1342,1342,0.671335667833917,1,0.928202485272091,1.32086504455622,0.0992322600097903,0.928202485272091,0.0885059412929426,0.0972988638667973,0.098483109465906,0.106680716071932,0.111405375402713
1344,1343,1343,0.671835917958979,1,1.49394669097112,1.84182446111429,0.15243034450767,1.49394669097112,0.142450769335223,0.139787567510166,0.141488952347102,0.111646743787667,0.116591337798754
1345,1344,1344,0.672336168084042,1,1.50602960022089,1.85303633107964,0.153575251359988,1.50602960022089,0.143602898610545,0.141699226383219,0.143423878435386,0.116154616177,0.121298854154967
1346,1345,1345,0.672836418209105,1,0.930927266977274,1.3236356664936,0.0995151837371514,0.930927266977274,0.0887657546132703,0.0990807700317627,0.100286703597719,0.113593539255214,0.118624352647925
1347,1346,1346,0.673336668334167,1,0.927908922866389,1.32094404184874,0.0992403268658814,0.927908922866389,0.0884779495374182,0.0983441372787859,0.0995411051275573,0.11130612895875,0.11623563787209
1348,1347,1347,0.67383691845923,1,1.53666044498998,1.88149964144065,0.15648179943561,1.53666044498998,0.146523610192234,0.143961299105056,0.145713483335496,0.116204404480696,0.121350847475486
1349,1348,1348,0.674337168584292,1,1.59831505449276,1.93835142293036,0.162287253333586,1.59831505449276,0.152402499050728,0.149611019564008,0.151431967768905,0.121215396743193,0.126583765801298
1350,1349,1349,0.674837418709355,1,0.902157880270054,1.29749740484461,0.0968460594106968,0.902157880270054,0.0860225367364116,0.0979316939411961,0.0991236418525499,0.117722841322893,0.122936532617647
1351,1350,1350,0.675337668834417,1,0.900236591347716,1.29581582224969,0.0966743435915152,0.900236591347716,0.0858393380407979,0.0970917911950397,0.0982735164676978,0.114628183803715,0.119704819376855
1352,1351,1351,0.67583791895948,1,0.897174196099756,1.29308364039198,0.0963953451960346,0.897174196099756,0.0855473326019714,0.0962451085096486,0.0974165286234983,0.111870722509605,0.11682523605627
1353,1352,1352,0.676338169084542,1,0.897076594357377,1.29308109888535,0.0963950856685552,0.897076594357377,0.0855380260829541,0.0956902421818048,0.0968549088970975,0.109443650460435,0.114290674209264
1354,1353,1353,0.676838419209605,1,0.910215701503265,1.30526539421205,0.0976392923221551,0.910215701503265,0.0867908659149383,0.0962032147072852,0.0973741249225698,0.107457585097463,0.112216650285511
1355,1354,1354,0.677338669334667,1,0.910333754283739,1.30546140254924,0.0976593078315263,0.910333754283739,0.0868021224808535,0.0958189484119781,0.0969851816387448,0.10571178959464,0.110393537256937
1356,1355,1355,0.67783891945973,1,0.910990107408001,1.30615301583721,0.0977299323388561,0.910990107408001,0.0868647070483429,0.0955234749383332,0.0966861118932946,0.104183542396194,0.108797607278962
1357,1356,1356,0.678339169584792,1,0.908201561398298,1.30367296281392,0.0974766802311123,0.908201561398298,0.0865988136755676,0.095010799369688,0.0961671964389835,0.102807630942218,0.107360759667743
1358,1357,1357,0.678839419709855,1,0.92367614439526,1.31800749528533,0.0989404596454281,0.92367614439526,0.0880743457453405,0.0959107540397554,0.097078104652752,0.101773099406849,0.106280410957053
1359,1358,1358,0.679339669834917,1,0.9292168945349,1.32319609872078,0.0994702970093608,0.9292168945349,0.0886026672208363,0.0961271870628748,0.097297171929191,0.100926212555253,0.105396017309357
1360,1359,1359,0.67983991995998,1,0.92971182212323,1.32373908996956,0.0995257448876717,0.92971182212323,0.088649859544464,0.0959992785510652,0.0971677066151107,0.100187172454624,0.104624246713136
1361,1360,1360,0.680340170085043,1,0.926660439822514,1.32101704756511,0.099247781888566,0.926660439822514,0.0883589042119211,0.095624552814952,0.0967884200106972,0.0995027795086736,0.103909543476468
1362,1361,1361,0.680840420210105,1,0.943402270675551,1.33651831589055,0.100830703237123,0.943402270675551,0.0899552708691176,0.096758717162631,0.0979363885189186,0.0990911701567672,0.103479704832177
1363,1362,1362,0.681340670335168,1,0.934446272639134,1.32835998345798,0.099997610208538,0.934446272639134,0.08910129875742,0.0960026131902925,0.0971710818409562,0.098627886611796,0.102995903456016
1364,1363,1363,0.68184092046023,1,0.947097754533706,1.34009532962188,0.101195972148061,0.947097754533706,0.0903076425580417,0.0968714396843012,0.098050483010876,0.0983644195726718,0.102720768028728
1365,1364,1364,0.682341170585293,1,0.954751534337225,1.34722936737602,0.101924468708816,0.954751534337225,0.091037445587777,0.0974020007892235,0.0985875016902097,0.0982200567551545,0.102570011692701
1366,1365,1365,0.682841420710355,1,1.47852381155614,1.82954586685516,0.151176508461807,1.47852381155614,0.14098016730417,0.137016498715304,0.138684156272241,0.104039523049177,0.108647209625005
1367,1366,1366,0.683341670835418,1,1.46714403412663,1.81915599754789,0.150115540701628,1.46714403412663,0.139895083037445,0.137323176988674,0.138994567193467,0.109032071140101,0.113860866926578
1368,1367,1367,0.68384192096048,1,1.4760476661135,1.82744075522439,0.150961543720118,1.4760476661135,0.140744061942832,0.138999530582065,0.140691324050438,0.113527190056396,0.118555064985879
1369,1368,1368,0.684342171085543,1,1.4867871668974,1.83741576941901,0.15198014830068,1.4867871668974,0.141768094566077,0.140715337844712,0.142428014775841,0.117605412224643,0.122813902837351
1370,1369,1369,0.684842421210605,1,1.47047543858397,1.82248512783975,0.150455496845892,1.47047543858397,0.140212739036004,0.140300514688181,0.142008142716599,0.121009677594174,0.126368935793891
1371,1370,1370,0.685342671335668,1,1.48216482807111,1.83333469013647,0.151563406432476,1.48216482807111,0.141327345424283,0.141870039311948,0.14359677036536,0.12413873185184,0.129636569130695
1372,1371,1371,0.68584292146073,1,1.04397522887485,1.42998750034724,0.11037536528686,1.04397522887485,0.0995451011866219,0.109337446164772,0.110668215963027,0.12191853899878,0.127318048714176
1373,1372,1372,0.686343171585793,1,1.11045199254591,1.49127896594046,0.116634180200254,1.11045199254591,0.105883791974646,0.113928416080996,0.115315063570961,0.120720020561112,0.126066450474196
1374,1373,1373,0.686843421710855,1,1.11515107116178,1.49569265518734,0.117084886735235,1.11515107116178,0.106331858407031,0.114048353585539,0.115436460860915,0.119719270514776,0.125021379361989
1375,1374,1374,0.687343671835918,1,1.07731460372129,1.4609445132131,0.113536559295254,1.07731460372129,0.102724076463807,0.110988732548152,0.112339600511531,0.118409689819783,0.12365380015632
1376,1375,1375,0.687843921960981,1,1.48384714624649,1.83532016960537,0.151766154863924,1.48384714624649,0.141487757786917,0.141497422878143,0.143219618736032,0.121872849778537,0.127270336016695
1377,1376,1376,0.688344172086043,1,1.52239701670768,1.87089976877594,0.15539938705614,1.52239701670768,0.145163564117998,0.14511154157227,0.146877725653536,0.125358653547597,0.130910518533003
1378,1377,1377,0.688844422211106,1,1.51795874616102,1.86690083942762,0.154991033977931,1.51795874616102,0.144740366250424,0.145476824187237,0.147247454202526,0.128376379143543,0.134061892701246
1379,1378,1378,0.689344672336168,1,1.5336253746482,1.88141218526507,0.156472868795582,1.5336253746482,0.146234210237211,0.147270040369745,0.149062496008561,0.131210428327473,0.137021455824469
1380,1379,1379,0.689844922461231,1,1.51735155454914,1.86651644520303,0.154951781330239,1.51735155454914,0.144682469330294,0.146609251529705,0.148393664564069,0.133520251807808,0.139433576415853
1381,1380,1380,0.690345172586293,1,1.52197625550493,1.87086165606793,0.155395495154013,1.52197625550493,0.145123443705804,0.147425228477899,0.149219572944876,0.135605998308322,0.141611696140208
1382,1381,1381,0.690845422711356,1,1.54509433476408,1.89223343945796,0.157577887683099,1.54509433476408,0.147327798249324,0.149595978506322,0.151416743643241,0.137704495338022,0.143803131087248
1383,1382,1382,0.691345672836418,1,1.54488696868413,1.89212983959284,0.157567308520494,1.54488696868413,0.147308025483802,0.150003996821157,0.151829728037581,0.139549420560492,0.145729764077419
1384,1383,1383,0.691845922961481,1,1.5480004185251,1.89508366450932,0.157868940130374,1.5480004185251,0.147604899078967,0.150612621848405,0.152445760772189,0.141208900753679,0.147462739077049
1385,1384,1384,0.692346173086543,1,1.54246359102396,1.89007331045796,0.157357304809624,1.54246359102396,0.147076951634804,0.150529500387248,0.15236162762168,0.142606990698714,0.148922747416967
1386,1385,1385,0.692846423211606,1,1.55031787762098,1.89739195177156,0.158104652274006,1.55031787762098,0.147825873383543,0.151407547347285,0.153250361481923,0.143927074196,0.15030129457144
1387,1386,1386,0.693346673336668,1,1.67693264882279,2.0140515675179,0.170017419178128,1.67693264882279,0.159898842034905,0.161257848181574,0.16322055246651,0.146526690293836,0.153016042071701
1388,1387,1387,0.693846923461731,1,1.66277468769355,2.00110386667355,0.168695256910438,1.66277468769355,0.15854885246214,0.160710302030213,0.16266634201205,0.148654232054293,0.155237808078116
1389,1388,1388,0.694347173586793,1,1.70502221536911,2.04008784268111,0.17267612909318,1.70502221536911,0.162577237715955,0.164337137703374,0.166337320689701,0.151006667901655,0.157694428246558
1390,1389,1389,0.694847423711856,1,1.21016495143459,1.58456759463999,0.126160404690134,1.21016495143459,0.115391619658344,0.127360582571312,0.128910715876223,0.147459755102103,0.153990430312308
1391,1390,1390,0.695347673836918,1,1.3189432905177,1.68480547823567,0.136396256527966,1.3189432905177,0.125763849258668,0.134887613698539,0.136529360133682,0.145573933891569,0.152021090138773
1392,1391,1391,0.695847923961981,1,1.94556786601889,2.26181652661509,0.195318087158658,1.94556786601889,0.185513740873929,0.181937735305585,0.184152138987034,0.151028504103671,0.157717231526969
1393,1392,1392,0.696348174087044,1,1.97657224552397,2.29044910686385,0.198241920330788,1.97657224552397,0.188470069730877,0.185379089375396,0.187635378524467,0.15618109189443,0.163098016342266
1394,1393,1393,0.696848424212106,1,1.9681908529295,2.28281980493452,0.197462849570578,1.9681908529295,0.187670887383609,0.185779311269909,0.188040471606561,0.160620824800752,0.167734375464407
1395,1394,1394,0.697348674337169,1,1.96322219675164,2.27833255759108,0.197004631606275,1.96322219675164,0.187197116197947,0.186295239852256,0.188562679667709,0.164471987058477,0.171756097410568
1396,1395,1395,0.697848924462231,1,1.1163169076614,1.49868703972015,0.117390660114759,1.1163169076614,0.106443023221207,0.12297525259076,0.12447201109227,0.15824747688832,0.165255917080537
1397,1396,1396,0.698349174587294,1,1.00370930381169,1.39509824808342,0.106812628284692,1.00370930381169,0.0957056656579597,0.113212161086061,0.114590090880959,0.151492179517981,0.158201442127518
1398,1397,1397,0.698849424712356,1,1.96290149497133,2.27829924913839,0.197001230293574,1.96290149497133,0.18716653664942,0.184457277363001,0.186702346937912,0.156436944194734,0.16336519979034
1399,1398,1398,0.699349674837419,1,2.5489342298523,2.81793800637061,0.252106766911456,2.5489342298523,0.243045916043577,0.229801504564354,0.232598468574349,0.167441628250177,0.174857257619781
1400,1399,1399,0.699849924962481,1,1.7267963298847,2.06109544749598,0.174821333307787,1.7267963298847,0.164653442565221,0.169786630536367,0.17185314048324,0.167793378593106,0.175224586228408
1401,1400,1400,0.700350175087544,1,2.0102919940858,2.32219291870833,0.201483458790625,2.0102919940858,0.191685314393523,0.191316092212135,0.193644641911863,0.17132178563596,0.178909258825822
1402,1401,1401,0.700850425212606,1,2.73267931588813,2.98737127315564,0.269408546967057,2.73267931588813,0.260566373115814,0.246696433852902,0.249699029715749,0.182627982868501,0.190716183202099
1403,1402,1402,0.701350675337669,1,3.01041554653268,3.24316612136717,0.295529191909392,3.01041554653268,0.287049071572653,0.269980907983355,0.273266904236717,0.195730921635729,0.204399422928926
1404,1403,1403,0.701850925462731,1,2.51721375935481,2.78917004563239,0.24916910927913,2.51721375935481,0.240021306495356,0.235279740776129,0.238143381588575,0.201663244506789,0.210594475613189
1405,1404,1404,0.702351175587794,1,2.56011946267744,2.82875999396179,0.25321186069038,2.56011946267744,0.244112450097813,0.239717343746264,0.242634995588018,0.207371359392711,0.216555390623162
1406,1405,1405,0.702851425712856,1,2.57785176652953,2.84517317573409,0.254887902629637,2.57785176652953,0.245803260312851,0.242204969171376,0.24515289844233,0.21259640085951,0.222011837931888
1407,1406,1406,0.703351675837919,1,2.61741110809169,2.88168217961541,0.258616041543496,2.61741110809169,0.249575321708336,0.246247861464393,0.249244997655298,0.217644119950243,0.227283109638119
1408,1407,1407,0.703851925962982,1,2.62661967047849,2.89024768207982,0.259490712985044,2.62661967047849,0.250453376329962,0.247958326548805,0.250976281181654,0.222191250940027,0.232031623273711
1409,1408,1408,0.704352176088044,1,2.65480092008996,2.91628104951343,0.262149125975537,2.65480092008996,0.25314051417246,0.251004536837358,0.254059567557068,0.226513243824627,0.236545027921951
1410,1409,1409,0.704852426213107,1,2.6754882905942,2.93541491627059,0.26410299230018,2.6754882905942,0.25511309583261,0.25343857884142,0.256523234814877,0.230552044077146,0.240762697945886
1411,1410,1410,0.705352676338169,1,2.66858191904521,2.92914364381511,0.263462597537378,2.66858191904521,0.254454559656979,0.253727673587192,0.256815848195573,0.234028388503653,0.244393002185717
1412,1411,1411,0.705852926463232,1,2.68055897506024,2.94025805631495,0.264597552461924,2.68055897506024,0.25559659561718,0.255333384774609,0.258441102842508,0.237224137944296,0.247730284491619
1413,1412,1412,0.706353176588294,1,2.56360595911731,2.83266850976242,0.253610981134727,2.56360595911731,0.244444894423401,0.247125482147677,0.25013330005048,0.238709339574803,0.249281262506088
1414,1413,1413,0.706853426713357,1,2.59074433680222,2.85774172085247,0.256171347182075,2.59074433680222,0.247032592366768,0.249480381475263,0.252516861369114,0.240324995859872,0.250968472731022
1415,1414,1414,0.707353676838419,1,2.53008868297793,2.80198430055413,0.250477644636084,2.53008868297793,0.241248955906363,0.245217073825439,0.248201664076171,0.241058807554707,0.25173478336661
1416,1415,1415,0.707853926963482,1,2.54376799173824,2.81466595130261,0.251772639038042,2.54376799173824,0.242553305029834,0.246403105838502,0.249402131542394,0.241860452297277,0.252571931229634
1417,1416,1416,0.708354177088544,1,2.15435266146405,2.45622449012279,0.215170173407665,2.15435266146405,0.205421783722049,0.217096292795622,0.219738618914434,0.238145828372028,0.248692794604856
1418,1417,1417,0.708854427213607,1,2.18258505152643,2.48230494179282,0.21783339443331,2.18258505152643,0.208113797907604,0.218494022437057,0.221153360626831,0.235198057481783,0.245614473285682
1419,1418,1418,0.709354677338669,1,1.79997181821106,2.13012606797224,0.181870436681903,1.79997181821106,0.17163086998721,0.188952112498736,0.19125188968807,0.228261165734326,0.238370361531386
1420,1419,1419,0.709854927463732,1,1.81168867367165,2.14100091777355,0.182980928517244,1.81168867367165,0.172748095310334,0.188455484338242,0.190749216958399,0.222290313524913,0.232135073127292
1421,1420,1420,0.710355177588794,1,1.20805270388608,1.58532976739428,0.126238234419852,1.20805270388608,0.115190212680351,0.141581842632039,0.143305065981082,0.210184042890982,0.219492641820489
1422,1421,1421,0.710855427713857,1,1.19475401642206,1.57317318676279,0.124996857869041,1.19475401642206,0.113922156549668,0.138158149411649,0.139839702247103,0.199380158869082,0.208210277025941
1423,1422,1422,0.71135567783892,1,1.32863696865949,1.69652450639896,0.13759295214503,1.32863696865949,0.126688160626223,0.146133716458258,0.147912341652012,0.191393192507458,0.199869585112647
1424,1423,1423,0.711855927963982,1,1.33602037187268,1.70340961253287,0.138296028903502,1.33602037187268,0.12739218271375,0.14509911545788,0.14686514829821,0.184449080950022,0.192617933798525
1425,1424,1424,0.712356178089045,1,2.39328769890641,2.67690690161481,0.23770529073276,2.39328769890641,0.228204711727787,0.223728846124471,0.226451898490009,0.190341045726189,0.198770841014726
1426,1425,1425,0.712856428214107,1,2.43522175400386,2.71560226818075,0.241656691388594,2.43522175400386,0.232203206751791,0.228084842633232,0.230860912778117,0.196002615262246,0.204683149281458
1427,1426,1426,0.71335667833917,1,1.73580851634563,2.07175044194324,0.175909374481272,1.73580851634563,0.165512772354236,0.176289211893004,0.178434866169507,0.193045604756859,0.201595179144473
1428,1427,1427,0.713856928464232,1,1.77603477886082,2.10887346981678,0.179700214824808,1.77603477886082,0.169348425980568,0.178746166715734,0.180921725122875,0.190900689050691,0.19935526973768
1429,1428,1428,0.714357178589295,1,1.77631200190539,2.10921602379863,0.179735194930921,1.77631200190539,0.169374859745719,0.178342176440054,0.180512817793829,0.189016912159095,0.19738806442157
1430,1429,1429,0.714857428714357,1,1.80502965643789,2.13574325109607,0.182444038718768,1.80502965643789,0.172113144857484,0.180142800555384,0.182335357696245,0.187685795418538,0.195997995385226
1431,1430,1430,0.71535767883942,1,1.95915844144973,2.27773460147245,0.196943570957186,1.95915844144973,0.186809629099079,0.191545136199119,0.193876473642946,0.188264696535626,0.196602534786955
1432,1431,1431,0.715857928964482,1,1.96999819462752,2.28780191652348,0.197971600895275,1.96999819462752,0.187843220986201,0.192485287055169,0.194828067279205,0.188897785113557,0.197263661495554
1433,1432,1432,0.716358179089545,1,1.96049901159334,2.2791434819134,0.197087439631718,1.96049901159334,0.18693745511152,0.191897014146016,0.19423263437274,0.189347669468426,0.197733470260319
1434,1433,1433,0.716858429214607,1,1.97302716378015,2.29076528028851,0.198274206570419,1.97302716378015,0.188132039180781,0.192939140563647,0.195287444737282,0.189886390132709,0.19829604970346
1435,1434,1434,0.71735867933967,1,2.12675059546404,2.43238342801239,0.212735628995266,2.12675059546404,0.202789872181493,0.204684766337934,0.207176029073254,0.192106146563493,0.200614114369499
1436,1435,1435,0.717858929464732,1,2.14837938169542,2.45238404193124,0.214778003728204,2.14837938169542,0.20485221969166,0.206769607882471,0.209286245676922,0.19430566576134,0.202911045539106
1437,1436,1436,0.718359179589795,1,2.09832807688458,2.40638988470996,0.210081282669907,2.09832807688458,0.200079728866099,0.203425615456861,0.205901552793401,0.195673658215668,0.204339623435225
1438,1437,1437,0.718859429714857,1,2.14121693543171,2.4459643243104,0.214122450397961,2.14121693543171,0.204169266285924,0.206949077522289,0.209467899680695,0.197364971111661,0.206105840939563
1439,1438,1438,0.71935967983992,1,2.46473915880478,2.74391364062608,0.244547724232474,2.46473915880478,0.235017749632125,0.231775682498189,0.234596674656481,0.20252657781964,0.211496044100515
1440,1439,1439,0.719859929964982,1,2.49120006512446,2.76836311411963,0.247044396939596,2.49120006512446,0.237540849341992,0.234814591456444,0.237672570835519,0.207369779865161,0.216553741141737
1441,1440,1440,0.720360180090045,1,2.23440716459019,2.53202510972221,0.222910599318543,2.23440716459019,0.213055138799568,0.216353024246226,0.218986303882134,0.208717266522321,0.217960905083061
1442,1441,1441,0.720860430215108,1,2.29158865352564,2.58475855704366,0.228295507043228,2.29158865352564,0.218507506772145,0.220954058844168,0.223643338671213,0.210552785370598,0.219877715110968
1443,1442,1442,0.72136068034017,1,2.29077818982223,2.58409969435652,0.228228226883222,2.29077818982223,0.21843022745638,0.221263838781302,0.223956889007227,0.212159443382203,0.221555528548272
1444,1443,1443,0.721860930465233,1,2.27991344371901,2.57418400656904,0.227215680454446,2.27991344371901,0.217394252444427,0.220766933236491,0.223453935517134,0.213450566860346,0.222903833106678
1445,1444,1444,0.722361180590295,1,1.99087885880661,2.30816157305373,0.200050639480661,1.99087885880661,0.189834233580236,0.199154882891449,0.201578840214611,0.211306214265012,0.220664511749687
1446,1445,1445,0.722861430715358,1,2.03896802987798,2.35252386141251,0.204580721267496,2.03896802987798,0.194419631076152,0.202369438300029,0.20483252067506,0.209965697870264,0.219264626768697
1447,1446,1446,0.72336168084042,1,1.90688398685778,2.23100340804109,0.192171587002518,1.90688398685778,0.181825156548481,0.192109158517154,0.194447360799083,0.207287216967298,0.216467521710808
1448,1447,1447,0.723861930965483,1,1.91772021230338,2.24106747516267,0.193199285276336,1.91772021230338,0.182858412059367,0.192397565988589,0.194739278540476,0.205053769320492,0.214135159474254
1449,1448,1448,0.724362181090545,1,2.01997064301158,2.33529521266391,0.202821407426952,2.01997064301158,0.192608192695631,0.199693254649697,0.202123764612428,0.204249692119872,0.213295471424847
1450,1449,1449,0.724862431215608,1,2.070685570038,2.38207499465034,0.207598353031176,2.070685570038,0.197443961210903,0.20337458371182,0.205849899929911,0.204118425858665,0.213158391663424
1451,1450,1450,0.72536268134067,1,2.78171071705956,3.03679236734653,0.274455211757406,2.78171071705956,0.265241614113813,0.2571630954024,0.260293083275644,0.212075126290225,0.221467477233746
1452,1451,1451,0.725862931465733,1,2.81573208158595,3.06820263988222,0.277662690649898,2.81573208158595,0.268485618454737,0.261333202509657,0.264513945661979,0.21946383772314,0.229183418795023
1453,1452,1452,0.726363181590795,1,3.1703180161295,3.39475184327465,0.311008459173595,3.1703180161295,0.302296088049434,0.289650204990048,0.29317560052817,0.229991792813176,0.240177634359133
1454,1453,1453,0.726863431715858,1,3.18841013509667,3.4114963013585,0.312718329592872,3.18841013509667,0.304021207346765,0.293129029450795,0.296696766516804,0.239462378308819,0.250067651705044
1455,1454,1454,0.72736368184092,1,3.00024618085801,3.23834392547402,0.29503677047226,3.00024618085801,0.28607940245878,0.280786813234854,0.284204330507371,0.245661043547724,0.256540842487437
1456,1455,1455,0.727863931965983,1,2.9872112699587,3.2264301999194,0.293820193213849,2.9872112699587,0.28483649794482,0.281044069936464,0.284464718336156,0.250968497506035,0.262083352159566
1457,1456,1456,0.728364182091045,1,2.63331238818117,2.90068819344404,0.260556852089361,2.63331238818117,0.251091540189123,0.255326322007612,0.25843395411304,0.251622171181272,0.262765975635129
1458,1457,1457,0.728864432216108,1,2.61769580284317,2.88639755944438,0.25909755539392,2.61769580284317,0.249602467915506,0.254279197933945,0.257374085264906,0.252020725194173,0.263182180747546
1459,1458,1458,0.729364682341171,1,1.9563638673226,2.27760660970343,0.196930501000627,1.9563638673226,0.186543160933395,0.204312976815805,0.206799714420122,0.244864562937417,0.25570908746498
1460,1459,1459,0.729864932466233,1,1.93643360162219,2.25934443571059,0.195065648107468,1.93643360162219,0.184642770712486,0.201377423985214,0.203828432338619,0.238341492094587,0.248897123852606
1461,1460,1460,0.730365182591296,1,1.73011720906221,2.06947938556423,0.175677464191698,1.73011720906221,0.164970094957549,0.184462690540323,0.186707826000191,0.230259671861448,0.240457377193959
1462,1461,1461,0.730865432716358,1,1.73466863960589,2.07375713747353,0.176114289403603,1.73466863960589,0.165404082854467,0.183194793602974,0.185424497213912,0.223199940122677,0.233084985129493
1463,1462,1462,0.731365682841421,1,1.48057299387652,1.83990245460889,0.152234077656108,1.48057299387652,0.141175560888031,0.162556769280595,0.164535283016268,0.214103464496364,0.223585646173916
1464,1463,1463,0.731865932966483,1,1.48375210536875,1.84291673321041,0.152541882530437,1.48375210536875,0.141478695451404,0.160982083445961,0.162941431338422,0.206135257338804,0.215264544269463
1465,1464,1464,0.732366183091546,1,1.47220045515493,1.83236862324105,0.151464755929769,1.47220045515493,0.140377222775039,0.158518219607421,0.160447579278112,0.198992701679096,0.207805660190845
1466,1465,1465,0.732866433216608,1,1.52220427861786,1.87849370297686,0.156174846219468,1.52220427861786,0.145145186160244,0.160878036290665,0.162836117802606,0.193275501870832,0.201835257906869
1467,1466,1466,0.733366683341671,1,1.58251894306063,1.934111817401,0.161854323462237,1.58251894306063,0.150896308609254,0.164303253945412,0.166303024525164,0.188929664682019,0.197296952941496
1468,1467,1467,0.733866933466733,1,1.61748332942881,1.96639031582373,0.165150461763954,1.61748332942881,0.1542302319464,0.166084221911423,0.168105669039,0.185502848266429,0.193718370201598
1469,1468,1468,0.734367183591796,1,1.64865860223345,1.99518023493785,0.168090361689056,1.64865860223345,0.157202855817182,0.167762231949375,0.169804102501478,0.182841755818871,0.190939423696387
1470,1469,1469,0.734867433716858,1,1.75182914236537,2.09025510321083,0.177798989108495,1.75182914236537,0.167040370705327,0.175042026009461,0.177172500515768,0.18167179634746,0.189717649237818
1471,1470,1470,0.735367683841921,1,1.8361582521643,2.16798295274124,0.185736215264184,1.8361582521643,0.175081317976613,0.181194117430189,0.183399470377011,0.181600144509869,0.18964282409454
1472,1471,1471,0.735867933966983,1,1.89896297022635,2.22589362171353,0.191649798095014,1.89896297022635,0.181069871959088,0.185936893230411,0.18819997153132,0.18225065681795,0.1903221461928
1473,1472,1472,0.736368184092046,1,1.92976344007774,2.25433846544113,0.194554460439247,1.92976344007774,0.184006757627589,0.188402003730907,0.19069508542698,0.183173358854894,0.191285712717243
1474,1473,1473,0.736868434217109,1,2.07502686477747,2.38816761322589,0.208220504445458,2.07502686477747,0.197857912243618,0.199584168056701,0.202013350302822,0.185634980235165,0.193856354010873
1475,1474,1474,0.737368684342171,1,2.10730475736739,2.41797269762964,0.211264068585355,2.10730475736739,0.200935673089934,0.202523312491919,0.204988267703152,0.188168230073678,0.19650179603301
1476,1475,1475,0.737868934467234,1,2.19327580650724,2.49721225577334,0.219355663776308,2.19327580650724,0.209133182522193,0.209540308596842,0.212090669191303,0.191374041852153,0.199849586316032
1477,1476,1476,0.738369184592296,1,2.21193760141806,2.51448120584623,0.221119093010848,2.21193760141806,0.21091262154655,0.211597817766604,0.214173220751928,0.19440760823932,0.203017502830049
1478,1477,1477,0.738869434717359,1,2.39562402541491,2.68368582551255,0.23839752462825,2.39562402541491,0.228427485077442,0.226110027507681,0.228862061748871,0.199162971129575,0.207983470508853
1479,1478,1478,0.739369684842421,1,2.40678407235974,2.69404803017024,0.23945566739608,2.40678407235974,0.229491617608218,0.227909710717027,0.230683649293333,0.203474982067693,0.212486451131684
1480,1479,1479,0.739869934967484,1,2.50976232443755,2.78894586175228,0.249146216607229,2.50976232443755,0.239310797450401,0.236569572994432,0.239448912634874,0.208439170706703,0.217670493002251
1481,1480,1480,0.740370185092546,1,2.51758035308033,2.7962311209181,0.249890155233491,2.51758035308033,0.240056261931551,0.238158095672454,0.241056769567335,0.212897009451566,0.222325759831556
1482,1481,1481,0.740870435217609,1,2.71833479549959,2.98115000591562,0.26877325851694,2.71833479549959,0.259198594748994,0.254246876385084,0.257341370323455,0.219099489491594,0.228802934364404
1483,1482,1482,0.741370685342671,1,2.71529471713389,2.97843837087244,0.268496358271798,2.71529471713389,0.258908717268994,0.255261310164776,0.258368150996948,0.224523762592571,0.234467436847625
1484,1483,1483,0.741870935467734,1,2.82840635481611,3.08266585667387,0.279139610741058,2.82840635481611,0.269694135454248,0.264910524760977,0.268134808279182,0.230581776917832,0.240793747590099
1485,1484,1484,0.742371185592796,1,2.82896093287225,3.08326376720238,0.279200666734686,2.82896093287225,0.269747015567863,0.266168110862927,0.269407700734645,0.235919727009596,0.246368104003801
1486,1485,1485,0.742871435717859,1,3.03531514699249,3.27333827695525,0.298610239744294,3.03531514699249,0.289423297683315,0.282856707476012,0.286299417880785,0.242960274079559,0.253720461751763
1487,1486,1486,0.743371685842921,1,3.00349067789513,3.24412529054486,0.295627138047499,3.00349067789513,0.286388771663074,0.281860337019362,0.285290920382961,0.248795283520529,0.259813891203544
1488,1487,1487,0.743871935967984,1,3.11542993614635,3.34727338441035,0.306160167759306,3.11542993614635,0.297062401152715,0.291502972599244,0.295050918574238,0.255201436882336,0.266503759311274
1489,1488,1488,0.744372186093047,1,3.11267353615196,3.34482292773511,0.305909937900464,3.11267353615196,0.296799572966027,0.292579609969785,0.296140659931993,0.260808162845454,0.272358795101248
1490,1489,1489,0.744872436218109,1,3.28026257273043,3.49920692729362,0.32167495297188,3.28026257273043,0.312779518794772,0.306388192984607,0.310117310209014,0.267645167366327,0.279498595838659
1491,1490,1490,0.745372686343172,1,3.27822174334165,3.49741528560683,0.321491998402264,3.27822174334165,0.312584921679447,0.30760515534209,0.311349084479595,0.273639165562691,0.285758055315655
1492,1491,1491,0.745872936468234,1,3.36828480220509,3.58042229495331,0.329968309141218,3.36828480220509,0.321172612325517,0.315623986540017,0.319465514613201,0.27993688870929,0.292334691067295
1493,1492,1492,0.746373186593297,1,3.35904915647306,3.57200649513468,0.329108924675483,3.35904915647306,0.320291975253401,0.316188585184515,0.320036985110395,0.285374643180574,0.2980132719817
1494,1493,1493,0.746873436718359,1,3.51176660889041,3.71269845302674,0.343475768667983,3.51176660889041,0.334853886143022,0.328837884686765,0.332840241983492,0.291894129406503,0.304821492222204
1495,1494,1494,0.747373686843422,1,3.51498105405378,3.71574526280262,0.343786895482769,3.51498105405378,0.335160389841765,0.330389065293164,0.334410302345867,0.297668369789502,0.310851461285215
1496,1495,1495,0.747873936968484,1,3.58077058611233,3.77640400468793,0.34998109943376,3.58077058611233,0.341433551737423,0.33652691181119,0.340622853926605,0.303497151092755,0.316938386768461
1497,1496,1496,0.748374187093547,1,3.57357995272895,3.76987101667891,0.349313979429626,3.57357995272895,0.340747910634123,0.337152489683826,0.341256045843363,0.308545451881416,0.32221026593477
1498,1497,1497,0.748874437218609,1,3.68512569845209,3.8726568095365,0.359810012555865,3.68512569845209,0.351384017926548,0.346608002300714,0.350826643557435,0.31425483444431,0.328172504764402
1499,1498,1498,0.749374687343672,1,3.68814824311496,3.87552693943617,0.36010309759871,3.68814824311496,0.351672223533333,0.347982639044948,0.352218011303965,0.319314005134406,0.333455735236688
1500,1499,1499,0.749874937468734,1,3.72837087191642,3.91264662180466,0.363893596313985,3.72837087191642,0.355507530677879,0.352042555105432,0.35632734148437,0.32422328763006,0.33858243928897
1501,1500,1500,0.750375187593797,1,3.72223299960544,3.90708289492559,0.36332545299374,3.72223299960544,0.354922272423308,0.352563906721353,0.356855038584012,0.328474380493754,0.34302180390696
1502,1501,1501,0.750875437718859,1,3.79723891243312,3.97622701860597,0.370386146815887,3.79723891243312,0.362074234438799,0.35909462421948,0.363465242862856,0.333067417052613,0.347818256170489
1503,1502,1502,0.751375687843922,1,3.7829974809518,3.96320246787621,0.369056136975876,3.7829974809518,0.360716285803008,0.35893944508072,0.363308175005103,0.336948221256829,0.351870932841159
1504,1503,1503,0.751875937968984,1,3.80322247363619,3.98191063039728,0.370966532256129,3.80322247363619,0.36264477882428,0.361250256355122,0.365647111665284,0.340593526521573,0.355677680831138
1505,1504,1504,0.752376188094047,1,4.21086815188986,4.35731113394835,0.409300780709493,4.21086815188986,0.401514599838889,0.392834166567198,0.397615436506522,0.348429622528417,0.363860820666321
1506,1505,1505,0.75287643821911,1,4.26623427979181,4.4083732059381,0.414515014935826,4.26623427979181,0.406793869549388,0.398595535569091,0.403446928381532,0.355954509484518,0.371718968671647
1507,1506,1506,0.753376688344172,1,3.5584032436758,3.75677124051065,0.347976287898668,3.5584032436758,0.339300781433553,0.346535504953048,0.350753263828808,0.354541658804797,0.370243545875871
1508,1507,1507,0.753876938469235,1,3.56553687589792,3.76342638628664,0.348655882116728,3.56553687589792,0.339980987363482,0.346796824290706,0.351017763740866,0.353379933627683,0.369030370390774
1509,1508,1508,0.754377188594297,1,4.2438256924489,4.38800391672034,0.412434992702756,4.2438256924489,0.404657166462186,0.397901741703542,0.402744690200199,0.360058204839062,0.376004407862017
1510,1509,1509,0.75487743871936,1,4.24150935290449,4.38595861701774,0.412226135692125,4.24150935290449,0.404436298909056,0.399066106647438,0.403923226882652,0.365909390110319,0.382114729536795
1511,1510,1510,0.755377688844422,1,3.49049492075,3.69459835473023,0.341627466232144,3.49049492075,0.332825588641529,0.343403193851064,0.347582828688268,0.36253346067143,0.378589287448285
1512,1511,1511,0.755877938969485,1,3.50624556354546,3.7091870512653,0.343117199762856,3.50624556354546,0.33432744355864,0.343924037273095,0.348110011408682,0.35974204716168,0.375674248241497
1513,1512,1512,0.756378189094547,1,4.24682889425184,4.39111819474827,0.412753009078723,4.24682889425184,0.404943527689052,0.399417498208929,0.404278895307137,0.365693364818768,0.381889136949982
1514,1513,1513,0.75687843921961,1,4.29079052789859,4.43168032208954,0.416895035135131,4.29079052789859,0.409135356334652,0.403938813491691,0.40885524049994,0.371430182119706,0.387880025543164
1515,1514,1514,0.757378689344672,1,4.27526433089802,4.41747290725933,0.415444236415285,4.27526433089802,0.407654902767635,0.403915158779492,0.408831297881103,0.376302928618674,0.392968575498095
1516,1515,1515,0.757878939469735,1,4.29416573379054,4.43496246076178,0.417230192701863,4.29416573379054,0.409457188886563,0.40632418854987,0.411269648475901,0.380806117608353,0.397671201036963
1517,1516,1516,0.758379189594797,1,4.31181679290236,4.45130084173568,0.418898596312552,4.31181679290236,0.41114025225506,0.40856468015159,0.413537409587395,0.384969901989839,0.402019390467962
1518,1517,1517,0.75887943971986,1,4.34975709362953,4.48631921931032,0.422474519023581,4.34975709362953,0.414757934907365,0.412272791176157,0.417290652836402,0.389065335367787,0.406296201776572
1519,1518,1518,0.759379689844922,1,3.62457108309932,3.81873879252835,0.354304141784379,3.62457108309932,0.345610015684076,0.358213436365954,0.362573329880628,0.384437550517512,0.401463462294581
1520,1519,1519,0.759879939969985,1,3.64040131746534,3.83340076781358,0.355801358218785,3.64040131746534,0.34711945981473,0.358489932237111,0.36285319104307,0.380545407775452,0.397398944926627
1521,1520,1520,0.760380190095048,1,4.39938288372868,4.53227088734011,0.427166901272506,4.39938288372868,0.419489852064259,0.415155635350209,0.420208584732863,0.385736941911665,0.402820400937204
1522,1521,1521,0.76088044022011,1,4.426394477007,4.5572273699526,0.429715347521084,4.426394477007,0.422065460863905,0.418242206069188,0.423332722774265,0.390612731535294,0.407912128790237
1523,1522,1522,0.761380690345173,1,3.80479982677321,3.98502193524242,0.371284245023746,3.80479982677321,0.362795182563075,0.372178770464821,0.376708639093174,0.387847637374723,0.405024574559963
1524,1523,1523,0.761880940470235,1,3.79347769944937,3.97468514351184,0.370228697312268,3.79347769944937,0.361715595347855,0.370772899637214,0.375285657106461,0.385286426714096,0.402349933391074
1525,1524,1524,0.762381190595298,1,4.59381851267054,4.71163409354519,0.445482683070924,4.59381851267054,0.438029673529335,0.430834878460002,0.436078663315058,0.392118694475982,0.409484787588636
1526,1525,1525,0.76288144072036,1,4.62990126292828,4.74494225261523,0.448883965789611,4.62990126292828,0.441470235073472,0.434936105776237,0.440229807559478,0.39854130617102,0.416191842933757
1527,1526,1526,0.763381690845423,1,4.12669628960227,4.28173639532302,0.40158342077029,4.12669628960227,0.393488646428562,0.398141826830831,0.402987697455703,0.398481384269992,0.416129267220688
1528,1527,1527,0.763881940970485,1,4.14596320741701,4.29956247286286,0.403403741411572,4.14596320741701,0.395325785117657,0.399591985280386,0.404455506098627,0.398647974421551,0.416303235291547
1529,1528,1528,0.764382191095548,1,4.92458397309571,5.01651410500955,0.4766156890136,4.92458397309571,0.469568813842607,0.458555739785343,0.464136921262757,0.40763413922612,0.425687377996481
1530,1529,1529,0.76488244122061,1,4.95498607219239,5.04459217483372,0.479482898019846,4.95498607219239,0.472467714072382,0.462657831879488,0.468288940810488,0.415887693124125,0.434306464034429
1531,1530,1530,0.765382691345673,1,4.63186093972055,4.74718309195022,0.449112790447541,4.63186093972055,0.441657094128347,0.43985827727114,0.445211887872421,0.419483280746177,0.438061292494316
1532,1531,1531,0.765882941470735,1,4.64782171032949,4.76196524997166,0.450622279414419,4.64782171032949,0.443178985147729,0.441789326687429,0.447166440510454,0.422829187637365,0.441555382401099
1533,1532,1532,0.766383191595798,1,5.38935280744806,5.44476898759565,0.520347194206396,5.38935280744806,0.513885440678528,0.498581979157836,0.50465032868575,0.434192106365436,0.453421540345874
1534,1533,1533,0.76688344172086,1,5.41637296287621,5.46973335324939,0.522896445436479,5.41637296287621,0.516461865896081,0.502903474783131,0.509024422172647,0.44449881162809,0.464184707403891
1535,1534,1534,0.767383691845923,1,5.28624966128651,5.35001812473322,0.510671652794543,5.28624966128651,0.504054351938643,0.495121029261687,0.501147254816922,0.45209214427313,0.472114332410419
1536,1535,1535,0.767883941970986,1,5.29973174891074,5.36251819697705,0.511948105198168,5.29973174891074,0.505339895637039,0.497664039666765,0.503721216753816,0.458927928582175,0.479252858895447
1537,1536,1536,0.768384192096048,1,5.98855731472249,5.99679675242231,0.576717841794357,5.98855731472249,0.571020774600578,0.551165885634098,0.557874245305539,0.472763622139963,0.493701305545571
1538,1537,1537,0.768884442221111,1,6.01303287857036,6.01941835125552,0.579027859979952,6.01303287857036,0.573354567982306,0.555789360212778,0.562553993197234,0.485217482850886,0.506706720945838
1539,1538,1538,0.769384692346173,1,6.04651091665517,6.05032839138862,0.582184257339458,6.04651091665517,0.576546765073298,0.560817780148588,0.567643615123928,0.496557527445541,0.518548991711055
1540,1539,1539,0.769884942471236,1,6.05799138202855,6.06098560042684,0.583272524657232,6.05799138202855,0.57764145013445,0.56395864913192,0.570822712305649,0.506667695698498,0.529106917558176
1541,1540,1540,0.770385192596298,1,6.24796953492724,6.23598291933394,0.601142481245463,6.24796953492724,0.595756242449905,0.580362340557625,0.587426056621511,0.517721892427367,0.540650680870795
1542,1541,1541,0.770885442721361,1,6.27139457662327,6.25763731837733,0.603353733242157,6.27139457662327,0.597989866468403,0.584350011708385,0.591462262583711,0.52771611031952,0.551087521165165
1543,1542,1542,0.771385692846423,1,6.86064024944169,6.80023417877034,0.658761338345413,6.86064024944169,0.654175605844332,0.630947286364856,0.638626682787924,0.54320078672632,0.567257980565962
1544,1543,1543,0.771885942971486,1,6.8723518390039,6.81110418033888,0.659871335100546,6.8723518390039,0.65529232905364,0.634934573309284,0.642662499867531,0.556960854713765,0.581627452351983
1545,1544,1544,0.772386193096548,1,7.04654027978182,6.9715641511117,0.676256801630928,7.04654027978182,0.671901541114606,0.650873271066782,0.658795190976285,0.571047717166717,0.596338191627106
1546,1545,1545,0.772886443221611,1,7.07010648708431,6.99334851918491,0.678481325493359,7.07010648708431,0.674148625552653,0.655478158848783,0.663456125847363,0.583712283419027,0.609563644263736
1547,1546,1546,0.773386693346673,1,7.69455711270447,7.56835804492712,0.737198769434811,7.69455711270447,0.733691226750578,0.705273832292173,0.713857873244614,0.601946515749999,0.628605431503358
1548,1547,1547,0.773886943471736,1,7.70487944012841,7.57794897394513,0.738178152926302,7.70487944012841,0.734675481069528,0.709705890341171,0.718343874834481,0.618110421938675,0.645485202311321
1549,1548,1548,0.774387193596798,1,8.14746578063931,7.98551881455527,0.779797392603005,8.14746578063931,0.776876963280421,0.746437848207235,0.755522905335525,0.637359535878959,0.665586818082638
1550,1549,1549,0.774887443721861,1,8.16631143767794,8.00295704369658,0.781578107871541,8.16631143767794,0.778673933922014,0.75171793259069,0.760867254772503,0.654513295385719,0.683500280681913
1551,1550,1550,0.775387693846923,1,8.47603531389661,8.28820243135766,0.810706112382299,8.47603531389661,0.808206717598624,0.778592760808697,0.788069182360215,0.673125215199165,0.7029364823698
1552,1551,1551,0.775887943971986,1,8.48529788123455,8.2968176553602,0.81158586116865,8.48529788123455,0.809089921699067,0.783020153160399,0.792550461465572,0.68960945589335,0.720150774609141
1553,1552,1552,0.776388194097049,1,8.58008590116452,8.38417486459773,0.820506395188787,8.58008590116452,0.818128146720342,0.793494620365744,0.803152415685646,0.705192230564209,0.736423676834997
1554,1553,1553,0.776888444222111,1,8.59989358765066,8.40249881963997,0.822377556891004,8.59989358765066,0.820016848770927,0.798114243783618,0.807828265543221,0.719130532547121,0.750979276216572
1555,1554,1554,0.777388694347174,1,9.41142773911452,9.14975330618828,0.898683898715974,9.41142773911452,0.897398233874225,0.862323242787591,0.872818766216091,0.740609439083191,0.773409437299081
1556,1555,1555,0.777888944472236,1,9.41700663223495,9.15497702728666,0.899217322141201,9.41700663223495,0.897930192358318,0.86704525010559,0.87759824611047,0.759574810736551,0.793214744448218
1557,1556,1556,0.778389194597299,1,9.21289869079224,8.96714526454202,0.880036768592725,9.21289869079224,0.878468096781773,0.855395341887657,0.865806544330014,0.773947890409217,0.808224376887756
1558,1557,1557,0.778889444722361,1,9.23094671444729,8.98384912474155,0.881742493334599,9.23094671444729,0.880189011503952,0.859639854108796,0.870102717431029,0.786801684964154,0.821647438341305
1559,1558,1558,0.779389694847424,1,9.93634221855676,9.6333833707122,0.948070073954426,9.93634221855676,0.947449866829843,0.915599323662767,0.926743281839699,0.806121330768946,0.84182270968162
1560,1559,1559,0.779889944972486,1,9.94061116099806,9.63740104011592,0.948480340684675,9.94061116099806,0.947856918927944,0.919790341086673,0.930985309046688,0.823171682316605,0.859628184605826
1561,1560,1560,0.780390195097549,1,9.69479417007947,9.41116838899893,0.92537845729841,9.69479417007947,0.924417783058069,0.90460086631793,0.915610959882368,0.835386059916804,0.872383510703779
1562,1561,1561,0.780890445222611,1,9.71115276541256,9.42631681820158,0.926925348267494,9.71115276541256,0.925977607451085,0.908285781311613,0.919340724776563,0.846321018126025,0.883802754679325
1563,1562,1562,0.781390695347674,1,10.2999835589629,9.96853170555381,0.982293947963699,10.2999835589629,0.982123787268919,0.955039805752991,0.966663802601351,0.86262883627007,0.900832810993453
1564,1563,1563,0.781890945472736,1,10.3031645345914,9.97154770043708,0.982601928097172,10.3031645345914,0.982427099581368,0.95854611975122,0.970212792708596,0.877016428792242,0.91585759902537
1565,1564,1564,0.782391195597799,1,10.2000235859611,9.87667471448072,0.97291391601205,10.2000235859611,0.972592406301375,0.953621890169353,0.965228629259265,0.888507247998809,0.927857321885583
1566,1565,1565,0.782891445722861,1,10.2114540803947,9.88728591603359,0.973997485247756,10.2114540803947,0.973682326534668,0.956789132248386,0.968434420529361,0.898749530636246,0.938553213178953
1567,1566,1566,0.783391695847924,1,10.4838421456153,10.1381567895678,0.999615315551132,10.4838421456153,0.999655066849241,0.979456071522493,0.991377244043159,0.910855511769183,0.951195342163386
1568,1567,1567,0.783891945972987,1,10.4860177654971,10.1402471686845,0.999828775873279,10.4860177654971,0.999862516504452,0.98204593227337,0.993998626551584,0.921534074844811,0.962346835816651
1569,1568,1568,0.784392196098049,1,10.1274026181547,9.81016296813478,0.966122028986397,10.1274026181547,0.965667853506819,0.957045476740227,0.968693885045674,0.926860785129123,0.967909454636019
1570,1569,1569,0.784892446223112,1,10.1402450924284,9.82207415808113,0.967338347319642,10.1402450924284,0.96689240880823,0.959086756402544,0.970760009565994,0.931694680820136,0.97295743316432
1571,1570,1570,0.785392696348174,1,10.4861367751065,10.1406186958302,0.999866714591458,10.4861367751065,0.999873864305897,0.986234810237247,0.998238488258711,0.939875700232703,0.981500772320567
1572,1571,1571,0.785892946473237,1,10.4874596181048,10.1419239362223,1,10.4874596181048,1,0.987975140046541,1,0.947090616204779,0.989035221394064
1573,1572,1572,0.786393196598299,1,10.0683286430587,9.75612373222449,0.96060377987373,10.0683286430587,0.96003503323888,0.957702085817742,0.969358485854844,0.948682336646723,0.990697435708893
1574,1573,1573,0.786893446723362,1,10.0794138061355,9.7664169924421,0.96165488233855,10.0794138061355,0.961092025444859,0.958863373287393,0.970533907606444,0.950209492142824,0.992292225635375
1575,1574,1574,0.787393696848424,1,10.3064817761699,9.97556234266326,0.983011885705364,10.3064817761699,0.982743405121438,0.976357438788482,0.98824089717732,0.954131684139672,0.996388123074944
1576,1575,1575,0.787893946973487,1,10.3070603290736,9.97618232646965,0.983075195725053,10.3070603290736,0.982798571284151,0.977189674853661,0.989083262568357,0.957590382746771,1
1577,1576,1576,0.788394197098549,1,9.82838314373197,9.53555883104493,0.938080662184948,9.82838314373197,0.937155755695587,0.941658889026036,0.953120023831447,0.955200658688661,0.997504440206202
1578,1577,1577,0.788894447223612,1,9.83761330791541,9.54414422195523,0.938957364547123,9.83761330791541,0.938035870091213,0.941883500315862,0.953347368914052,0.953203084932741,0.995418398207545
1579,1578,1578,0.789394697348674,1,9.98378550963721,9.67881006694183,0.952708848391886,9.98378550963721,0.95197367839223,0.952550386200177,0.96414408378262,0.953105180122856,0.995316157404329
1580,1579,1579,0.789894947473737,1,9.98372881319007,9.67884518631907,0.952712434628238,9.98372881319007,0.951968272273951,0.952530526903161,0.964123982773788,0.953018982139902,0.995226141898213
1581,1580,1580,0.790395197598799,1,9.65309524674809,9.37452320231802,0.921636411995973,9.65309524674809,0.920441708312628,0.927494779735588,0.938783520091302,0.949190351779255,0.991227949738362
1582,1581,1581,0.790895447723862,1,9.66046584549062,9.3813965195701,0.922338284925678,9.66046584549062,0.921144509468572,0.927290876886406,0.938577135496268,0.945905430545327,0.987797546412354
1583,1582,1582,0.791395697848924,1,9.50837052860627,9.24145199028481,0.908047765055394,9.50837052860627,0.906641920431492,0.915127252535015,0.926265465031748,0.941288703843781,0.982976354820701
1584,1583,1583,0.791895947973987,1,9.50740858620953,9.24065366346522,0.907966243431528,9.50740858620953,0.906550197322964,0.914135119375981,0.925261256404608,0.937215666173611,0.978722931077569
1585,1584,1584,0.792396198099049,1,8.90067582871987,8.68213134768119,0.850932400862107,8.90067582871987,0.848697029865495,0.867406674075593,0.87796406905009,0.926744317358908,0.967787828758907
1586,1585,1585,0.792896448224112,1,8.90581276936472,8.68694816984772,0.851424273557909,8.90581276936472,0.84918684730765,0.865705183130518,0.876241868889269,0.91758844722465,0.958226464840448
1587,1586,1586,0.793396698349175,1,8.92468705041404,8.70441275268122,0.853207679949592,8.92468705041404,0.85098654730523,0.865306436979077,0.875838269511837,0.909746145687814,0.950036844645704
1588,1587,1587,0.793896948474237,1,8.92301565522404,8.7029612434501,0.853059458210485,8.92301565522404,0.850827176470837,0.863615497097074,0.874126748833368,0.902826548399203,0.942810793284617
1589,1588,1588,0.7943971985993,1,8.54049109975108,8.35086401397233,0.817104837620303,8.54049109975108,0.814352704157962,0.833285933064264,0.843428037091105,0.892395456098962,0.931917730354807
1590,1589,1589,0.794897448724362,1,8.54667861623269,8.35664808535555,0.81769548155226,8.54667861623269,0.81494269608231,0.831672001547118,0.841794462063023,0.883286937916185,0.922405815503857
1591,1590,1590,0.795397698849425,1,8.24976008235681,8.0833670197717,0.789789220994285,8.24976008235681,0.78663092710412,0.807383361517107,0.817210199721294,0.871901401456324,0.910516038136625
1592,1591,1591,0.795897948974487,1,8.24712350462118,8.0810268816301,0.789550256378929,8.24712350462118,0.786379524206598,0.804910729134092,0.814707472392651,0.861852800607989,0.900022406381979
1593,1592,1592,0.79639819909955,1,7.55339683493104,7.44241059215294,0.72433756946027,7.55339683493104,0.720231315302648,0.750403426734646,0.759536749780259,0.845135394526988,0.882564622362627
1594,1593,1593,0.796898449224612,1,7.55446278761768,7.44347931753684,0.72444670299634,7.55446278761768,0.720332955997865,0.747144629853003,0.756238289374171,0.83043677982589,0.867215037648821
1595,1594,1594,0.797398699349675,1,7.56097583282768,7.44956309827639,0.725067951929678,7.56097583282768,0.720953987729778,0.744701830038955,0.753765757713169,0.81757653735785,0.853785242717974
1596,1595,1595,0.797898949474737,1,7.55677147810011,7.44577953166985,0.724681590747519,7.55677147810011,0.72055309419782,0.74181560627719,0.7508444050953,0.806212397695751,0.841917809766631
1597,1596,1596,0.7983991995998,1,6.8361375379436,6.78239012694387,0.656939182249031,6.8361375379436,0.651839223880507,0.685008839909392,0.693346231239303,0.788031864027797,0.822932099388249
1598,1597,1597,0.798899449724862,1,6.83488652839883,6.78132566039152,0.656830483606109,6.83488652839883,0.651719937648157,0.681282068605163,0.689574100592319,0.772019394714402,0.80621047226887
1599,1598,1598,0.799399699849925,1,6.50606980949814,6.47867642032724,0.625925274228126,6.50606980949814,0.620366613690366,0.653198567137165,0.661148788730043,0.754196270577816,0.787598000320832
1600,1599,1599,0.799899949974987,1,6.49573149017494,6.46924540568062,0.624962220488957,6.49573149017494,0.619380834512217,0.64885554541487,0.656752907147344,0.738395161803374,0.771097094443814
1601,1600,1600,0.80040020010005,1,6.15311498968114,6.15389091629565,0.592759606926605,6.15311498968114,0.586711674108268,0.619769941415541,0.627313295946238,0.720601378745199,0.752515263027405
1602,1601,1601,0.800900450225113,1,6.14899130754464,6.15018162371847,0.592380830281676,6.14899130754464,0.586318472867295,0.615903114879347,0.623399405424648,0.704896639165322,0.736114994329185
1603,1602,1602,0.801400700350175,1,6.29082522404426,6.28085327539109,0.60572444467123,6.29082522404426,0.599842617099018,0.623500243919774,0.631089000772229,0.69268717987849,0.723364804366114
1604,1603,1603,0.801900950475238,1,6.28184614573984,6.27267369330622,0.604889181721607,6.28184614573984,0.598986444238155,0.620382823233775,0.627933637282159,0.681841526381782,0.71203882021661
1605,1604,1604,0.8024012006003,1,5.55727862990966,5.60566270520089,0.536776953055736,5.55727862990966,0.529897499706789,0.563382059048814,0.570239104419444,0.664072606281837,0.693482952885344
1606,1605,1605,0.802901450725363,1,5.54885487721135,5.59799440296726,0.535993899755969,5.54885487721135,0.529094278239908,0.559194773530521,0.566000854539902,0.64834093136914,0.677054555946381
1607,1606,1606,0.803401700850425,1,5.3150296134905,5.38280235294988,0.514019433998673,5.3150296134905,0.506798577256498,0.538356433613005,0.544908886662517,0.63184325670572,0.659826234776218
1608,1607,1607,0.803901950975488,1,5.29726011235363,5.36652956207278,0.512357728160211,5.29726011235363,0.505104220206847,0.533716106085635,0.540212080701234,0.617124184112707,0.644455286134491
1609,1608,1608,0.80440220110055,1,5.59412917667585,5.63993971966052,0.540277171025891,5.59412917667585,0.533411272165333,0.553243509042059,0.559977155919123,0.60754208285211,0.634448814230385
1610,1609,1609,0.804902451225613,1,5.58549036664795,5.63207341740985,0.539473898835167,5.58549036664795,0.532587544557077,0.550677311641224,0.557379724772511,0.599012367170477,0.625541335797732
1611,1610,1610,0.805402701350675,1,5.42120106516056,5.48090207170355,0.524036945846248,5.42120106516056,0.516922234990234,0.536541881311488,0.543072249050936,0.589641794291629,0.61575576041218
1612,1611,1611,0.805902951475738,1,5.40515416234663,5.46621525093944,0.522537192300806,5.40515416234663,0.515392131094889,0.533457341276899,0.539950166409825,0.581214126339419,0.606954849183273
1613,1612,1612,0.8064032016008,1,5.26424613329988,5.33657068765276,0.509298459660205,5.26424613329988,0.501956272061544,0.521111827336517,0.527454392538631,0.572198781488984,0.597540234111038
1614,1613,1613,0.806903451725863,1,5.24794437071722,5.32164922137042,0.507774745146386,5.24794437071722,0.500401866783596,0.518079044987929,0.524384697537555,0.564080821013826,0.589062746636829
1615,1614,1614,0.807403701850925,1,5.14043965383922,5.22275858026556,0.497676467786696,5.14043965383922,0.490151079577473,0.508323452558894,0.514510367674786,0.555717215745586,0.580328735290298
1616,1615,1615,0.807903951975988,1,5.11766580276196,5.2018783604048,0.495544271563378,5.11766580276196,0.487979547871363,0.504931207107614,0.511076834467544,0.54809931444989,0.57237345354045
1617,1616,1616,0.808404202101051,1,5.0294806941422,5.12077498919568,0.487262351979023,5.0294806941422,0.47957092349225,0.496737744502826,0.502783647450305,0.54039507895783,0.564328014038477
1618,1617,1617,0.808904452226113,1,5.00479503237401,5.0981345942685,0.484950414418976,5.00479503237401,0.477217096858622,0.493332686180623,0.499337145423905,0.533335720041249,0.556956011307694
1619,1618,1618,0.809404702351176,1,4.55959225955062,4.68833048203739,0.443103020750415,4.55959225955062,0.434766132656116,0.458231649775577,0.463808886683111,0.522070109501398,0.545191471121381
1620,1619,1619,0.809904952476238,1,4.52873893675688,4.66001161527889,0.440211222620233,4.52873893675688,0.431824207355114,0.453647544653675,0.459168987422401,0.51180672477424,0.534473543172148
1621,1620,1620,0.810405202601301,1,4.45086067563121,4.58839760201642,0.43289831453626,4.45086067563121,0.424398361253049,0.445705012934732,0.451129785425306,0.501891467998314,0.524119161011913
1622,1621,1621,0.810905452726363,1,4.41753601183495,4.5578034091318,0.429774170108709,4.41753601183495,0.42122078870357,0.441203946194831,0.446573935224775,0.492788339727791,0.51461287478083
1623,1622,1622,0.811405702851426,1,4.3481015898392,4.4939635103106,0.423255120401795,4.3481015898392,0.414600079349335,0.434132499898634,0.439416420820247,0.483989963753418,0.505424837669246
1624,1623,1623,0.811905952976488,1,4.31487621421757,4.46346073054037,0.420140310679461,4.31487621421757,0.411431974123521,0.429862323499673,0.435094271177131,0.475870817715356,0.496946112126105
1625,1624,1624,0.812406203101551,1,4.26453688168424,4.4172013905696,0.41541651032503,4.26453688168424,0.406632019285418,0.424432799939231,0.429598663706495,0.468155115048937,0.488888697593299
1626,1625,1625,0.812906453226613,1,4.22699677415995,4.38272610266906,0.411896045543073,4.22699677415995,0.403052495845873,0.420052617050226,0.425165168660457,0.460939740349131,0.481353769476007
1627,1626,1626,0.813406703351676,1,4.21065563044722,4.36776837877844,0.410368628561753,4.21065563044722,0.401494335499346,0.417376848347386,0.422456832595732,0.454405306548869,0.474529939665271
1628,1627,1627,0.813906953476738,1,4.18408748371648,4.34339480853759,0.407879706760983,4.18408748371648,0.398961010204355,0.414063282923741,0.419102937047824,0.4483540030051,0.468210636910359
1629,1628,1628,0.814407203601801,1,4.14155344743455,4.30432168627807,0.403889731355046,4.14155344743455,0.394905305788722,0.409638036736843,0.414623830228711,0.442546608064861,0.46214604494612
1630,1629,1629,0.814907453726863,1,4.10217012450524,4.26814937794903,0.400195974310236,4.10217012450524,0.391150028117729,0.405500019893784,0.410435448684146,0.4369896198392,0.456342949670954
1631,1630,1630,0.815407703851926,1,4.08364596714174,4.25118178654591,0.398463318497711,4.08364596714174,0.389383713105509,0.402990716878738,0.407895604397247,0.43188978439513,0.451017253490255
1632,1631,1631,0.815907953976988,1,4.05186392728054,4.22200786408884,0.395484205840031,4.05186392728054,0.386353232796786,0.399569480985915,0.404432727899502,0.427041738883748,0.445954498476492
1633,1632,1632,0.816408204102051,1,4.03484806187265,4.2064289341812,0.393893354032248,4.03484806187265,0.384730736403234,0.397316114832393,0.402151935537241,0.422582895276045,0.441298182281133
1634,1633,1633,0.816908454227114,1,4.00006326774499,4.17449042147705,0.390631933576893,4.00006326774499,0.381413937541133,0.393795827304208,0.398588801825173,0.418264835080269,0.436788884492042
1635,1634,1634,0.817408704352176,1,3.984972584967,4.16068397797695,0.389222080285852,3.984972584967,0.379975011115907,0.391794157035255,0.396562768792743,0.414294233373517,0.432642433380698
1636,1635,1635,0.817908954477239,1,3.95640230453962,4.13446707365016,0.386544925315002,3.95640230453962,0.377250778416306,0.388841835512162,0.393574513923341,0.410476373694314,0.428655488912593
1637,1636,1636,0.818409204602301,1,3.94210178603598,4.12138812239637,0.385209360332725,3.94210178603598,0.375887195716168,0.387000005389248,0.391710266486075,0.406954918448554,0.424978075992406
1638,1637,1637,0.818909454727364,1,3.91154087823866,4.09333847768388,0.382345053973874,3.91154087823866,0.372973152762949,0.383986861444986,0.388660448912609,0.403509709898019,0.421380286569487
1639,1638,1638,0.819409704852426,1,3.90771226148903,4.089900847327,0.381994018280142,3.90771226148903,0.372608086589723,0.383012080512071,0.3876738037093,0.400435065490126,0.41816947277761
1640,1639,1639,0.819909954977489,1,3.88726283652083,4.07116069128134,0.380080355961861,3.88726283652083,0.370658193506665,0.380853541008196,0.385488992152429,0.397497836817837,0.415102160568537
1641,1640,1640,0.820410205102551,1,3.88368201421822,4.06795120150832,0.379752616981216,3.88368201421822,0.370316755023657,0.379999109263395,0.384624160933335,0.39487302768467,0.412361104287628
1642,1641,1641,0.820910455227614,1,3.86218172031924,4.04824352639876,0.37774015587117,3.86218172031924,0.368266659511312,0.37785100650792,0.382449913152795,0.392319724508158,0.409694720808307
1643,1642,1642,0.821410705352676,1,3.83875206379141,4.02675951642012,0.375546303256415,3.83875206379141,0.366032595459482,0.375571189777837,0.380142348278262,0.38980744429861,0.407071177114873
1644,1643,1643,0.821910955477739,1,3.81592182942408,4.00582738532059,0.373408806085694,3.81592182942408,0.363855687495239,0.373344942221618,0.37788900457964,0.387338068987061,0.404492438485037
1645,1644,1644,0.822411205602801,1,3.79299511215997,3.98480642388337,0.371262237951554,3.79299511215997,0.361669579696117,0.371119973769253,0.375636955553123,0.38490535470439,0.40195198452215
1646,1645,1645,0.822911455727864,1,3.7725513854064,3.96607151409737,0.369349111358238,3.7725513854064,0.359720229949084,0.369090251534264,0.373582529128089,0.382533089228871,0.399474656513995
1647,1646,1646,0.823411705852926,1,3.76958390151485,3.96342671568399,0.369079036175789,3.76958390151485,0.359437274495656,0.368395230198359,0.372879048536591,0.380412410374294,0.397260057356792
1648,1647,1647,0.823911955977989,1,3.74511999304801,3.94099048565339,0.366787947037086,3.74511999304801,0.357104592477543,0.366123665608688,0.370579836241062,0.378269098659453,0.395021822978651
1649,1648,1648,0.824412206103052,1,3.7282216027495,3.92551971329473,0.36520813980254,3.7282216027495,0.355493297567826,0.364420136791773,0.368855573405021,0.376191754379301,0.392852477590915
1650,1649,1649,0.824912456228114,1,3.70899974785413,3.90790976237071,0.363409889060766,3.70899974785413,0.353660455717148,0.362553960454207,0.366966683430038,0.374146085290537,0.390716210220626
1651,1650,1650,0.825412706353177,1,3.69943860970364,3.89919428662601,0.362519903007401,3.69943860970364,0.35274878229969,0.36142524721633,0.36582423237826,0.372237959579406,0.388723577728163
1652,1651,1651,0.825912956478239,1,3.67060677557824,3.87273657378196,0.359818157729817,3.67060677557824,0.349999609938098,0.358865626372633,0.363233457833492,0.37023210959839,0.386628892968212
1653,1652,1652,0.826413206603302,1,3.65001125611495,3.85386191075356,0.357890760150006,3.65001125611495,0.348035786456219,0.356909789246858,0.361253815789378,0.36823376154566,0.384542042380805
1654,1653,1653,0.826913456728364,1,3.62467392739482,3.83062153596133,0.355517555284783,3.62467392739482,0.345619822090894,0.354596589919097,0.358912462010323,0.366188185801676,0.382405872489336
1655,1654,1654,0.827413706853427,1,3.61907966739017,3.82555830467628,0.355000520373477,3.61907966739017,0.345086398344023,0.353768110748808,0.35807389924016,0.364325174543746,0.380460352472117
1656,1655,1655,0.827913956978489,1,3.58320734907924,3.79261852497399,0.351636854935732,3.58320734907924,0.341665901901872,0.350684685295483,0.354952944746124,0.362279101156506,0.378323662897843
1657,1656,1656,0.828414207103552,1,3.55989669919535,3.77124408260494,0.349454190883403,3.55989669919535,0.339443185368723,0.348515321007886,0.352757176654737,0.360214534134213,0.37616766064522
1658,1657,1657,0.828914457228614,1,3.52578180288933,3.73992233465073,0.346255751731849,3.52578180288933,0.336190262587774,0.345524587011896,0.349730041785889,0.358011042065865,0.373866580655227
1659,1658,1658,0.829414707353677,1,3.49558468256966,3.71220762354367,0.343425647319785,3.49558468256966,0.333310907489468,0.34280256732839,0.346974891809769,0.355729770855244,0.371484276852136
1660,1659,1659,0.829914957478739,1,3.45071339461167,3.67098262916433,0.339215932196665,3.45071339461167,0.329032341507623,0.338954443187216,0.343079931314111,0.35321347170504,0.368856536227813
1661,1660,1660,0.830415207603802,1,3.41782841285159,3.64079324485254,0.336133125040267,3.41782841285159,0.325896693509198,0.335966443337347,0.34005556386927,0.350626417449886,0.366154906907213
1662,1661,1661,0.830915457728864,1,3.37014883362406,3.59698269935387,0.331659384807804,3.37014883362406,0.321350351405032,0.33184462964525,0.335883582687736,0.347809149279191,0.363212867992187
1663,1662,1662,0.831415707853927,1,3.34149432708184,3.57068824932239,0.328974311210628,3.34149432708184,0.318618087578933,0.329116600553247,0.333122350161304,0.345005266970299,0.360284807769977
1664,1663,1663,0.83191595797899,1,3.28621900593216,3.51988441960068,0.323786447548987,3.28621900593216,0.313347476471715,0.324376571556204,0.328324629242112,0.341910962658185,0.357053463379029
1665,1664,1664,0.832416208104052,1,3.27975942533602,3.5140245007896,0.323188058411265,3.27975942533602,0.312731542696391,0.323272858760443,0.327207482918259,0.339115247073524,0.354133931567691
1666,1665,1665,0.832916458229115,1,3.21654886047395,3.45591481270296,0.317254152623742,3.21654886047395,0.306704290419496,0.317933919742212,0.321803562513967,0.335938047973827,0.350816021157414
1667,1666,1666,0.833416708354177,1,3.18379863026618,3.42584949209875,0.314184014307544,3.18379863026618,0.30358149124788,0.314823937969918,0.318655728478237,0.332770931473241,0.347508639882863
1668,1667,1667,0.83391695847924,1,3.11781235749047,3.36518425189367,0.307989146776718,3.11781235749047,0.29728956973604,0.309200651751785,0.312964000022531,0.329235389515022,0.343816516380038
1669,1668,1668,0.834417208604302,1,3.06807931940629,3.31948311801378,0.30332234797336,3.06807931940629,0.292547426271828,0.304733733686156,0.308442714127201,0.325560141140692,0.33997849916459
1670,1669,1669,0.834917458729365,1,2.9869243981299,3.24485233351666,0.295701380478326,2.9869243981299,0.284809144149026,0.297860849895544,0.30148617897563,0.32140524745392,0.33563959417804
1671,1670,1670,0.835417708854427,1,2.94005972404046,3.20179205880181,0.291304254598699,2.94005972404046,0.2803405048602,0.293487140761269,0.297059236477796,0.317217531450022,0.331266413244575
1672,1671,1671,0.83591795897949,1,2.86450520712681,3.13231748154212,0.284209816310331,2.86450520712681,0.273136232360955,0.286935604955988,0.290427960507661,0.312675242475917,0.326522956067117
1673,1672,1672,0.836418209104552,1,2.8298988295719,3.1005432342667,0.280965169918138,2.8298988295719,0.269836445871655,0.283412131013424,0.286861601598673,0.308285775756543,0.321939089313168
1674,1673,1673,0.836918459229615,1,2.73538444949921,3.01361259896026,0.272088195751819,2.73538444949921,0.26082431295154,0.275385352772666,0.278737127697053,0.303350712308962,0.31678546252608
1675,1674,1674,0.837418709354677,1,2.68599789319086,2.96823046558899,0.267453971877473,2.68599789319086,0.256115207209375,0.270664752329936,0.273959071801327,0.298447818312108,0.311665429905462
1676,1675,1675,0.83791895947974,1,2.60435407199707,2.89314955836337,0.259787039828994,2.60435407199707,0.24833030751328,0.263509339215117,0.266716568599797,0.293207046447559,0.306192555533524
1677,1676,1676,0.838419209604802,1,2.5658680118863,2.85780334628367,0.256177640100087,2.5658680118863,0.244660585625213,0.259552552303376,0.262711622775396,0.288158872325932,0.300920808644058
1678,1677,1677,0.838919459729865,1,2.4643283412035,2.76440463261313,0.24664017421711,2.4643283412035,0.234978577361981,0.250862354939579,0.253915655132539,0.282564394717979,0.29507856366254
1679,1678,1678,0.839419709854927,1,2.36933533394845,2.67703333252933,0.237718201301721,2.36933533394845,0.225920806394162,0.242558351767327,0.245510582134588,0.276563488275381,0.288811889987952
1680,1679,1679,0.83991995997999,1,2.27304618637574,2.58846869574093,0.228674370090219,2.27304618637574,0.216739445885609,0.234074970255638,0.236923947544481,0.27019021057242,0.282156353531247
1681,1680,1680,0.840420210105053,1,2.2421420195282,2.56010301763434,0.225777791791043,2.2421420195282,0.213792672503599,0.230465483796713,0.233270529242119,0.264231501556064,0.275933746116097
1682,1681,1681,0.840920460230115,1,2.15795916649506,2.48268446235723,0.217872149404259,2.15795916649506,0.205765671103964,0.222906752429517,0.225619798914187,0.258032789187082,0.269460506116337
1683,1682,1682,0.841420710355178,1,2.12718673633121,2.45444007221449,0.214987956498539,2.12718673633121,0.202831459075083,0.219342148938038,0.222011809859614,0.252229193149725,0.263399881300213
1684,1683,1683,0.84192096048024,1,2.06805190954537,2.40008285427203,0.209437236459197,2.06805190954537,0.197192836478267,0.213710087803977,0.216311199686573,0.246451327347863,0.25736612625634
1685,1684,1684,0.842421210605303,1,2.03826419632783,2.3727450780658,0.206645622981488,2.03826419632783,0.194352519156223,0.21030417751592,0.212863835324858,0.241029254873071,0.251703921860304
1686,1685,1685,0.842921460730365,1,1.97443634593565,2.31406706456697,0.200653682302303,1.97443634593565,0.188266407484147,0.204393250630102,0.206880965264444,0.235533854236626,0.24596514175614
1687,1686,1686,0.843421710855428,1,1.94969786554424,2.29137804033563,0.198336778931581,1.94969786554424,0.185907544490414,0.201425961938182,0.203877561057552,0.230417670391859,0.240622373139259
1688,1687,1687,0.84392196098049,1,1.91250634069448,2.25722368720925,0.194849086597326,1.91250634069448,0.182361259097757,0.197592063731384,0.199996999643205,0.225493829392788,0.235480465818774
1689,1688,1688,0.844422211105553,1,1.88233297273176,2.22953084453649,0.192021215293596,1.88233297273176,0.179484168833626,0.194327771852445,0.196692977359016,0.220818920761737,0.23059851554517
1690,1689,1689,0.844922461230615,1,1.85457498123715,2.204061802293,0.18942042870968,1.85457498123715,0.176837389489018,0.19129606339286,0.193624369317479,0.216390492156405,0.225973961367183
1691,1690,1690,0.845422711355678,1,1.8174872304144,2.17000299233716,0.185942492823812,1.8174872304144,0.173300999154916,0.187607569906217,0.18989098237571,0.212073053818877,0.221465312977102
1692,1691,1691,0.84592296148074,1,1.81102317583012,2.16413895439315,0.18534368305835,1.81102317583012,0.172684638775982,0.186258891711626,0.188525889125968,0.208200929502789,0.217421700608126
1693,1692,1692,0.846423211605803,1,1.78922710872633,2.14415896538614,0.183303414450703,1.78922710872633,0.170606340704047,0.183838941649791,0.186076485326474,0.204546631324839,0.213605561428169
1694,1693,1693,0.846923461730865,1,1.8036984081739,2.15756978993157,0.184672868873981,1.8036984081739,0.171986207704687,0.1842072899549,0.186449316878786,0.201495730119349,0.210419542374031
1695,1694,1694,0.847423711855928,1,1.7835078533697,2.13906797171416,0.182783544566539,1.7835078533697,0.170060998403348,0.182073090519984,0.184289141639138,0.198582334179444,0.207377118397771
1696,1695,1695,0.847923961980991,1,1.80603650396044,2.15989707708147,0.184910521202582,1.80603650396044,0.172209149758501,0.183199403792526,0.185429163515082,0.196274894621406,0.204967487307472
1697,1696,1696,0.848424212106053,1,1.77858460874471,2.13470985303294,0.182338512653329,1.77858460874471,0.169591557298994,0.180664354672928,0.182863259762201,0.193933313629134,0.202522202732292
1698,1697,1697,0.848924462231116,1,1.82692104748889,2.17929979698255,0.186891841627896,1.82692104748889,0.174200532256164,0.183858177748038,0.186095955551449,0.19242204324697,0.200944001437256
1699,1698,1698,0.849424712356178,1,1.85067844637272,2.20126019224098,0.189134340612334,1.85067844637272,0.176465847189326,0.185357908441209,0.187613939792531,0.191362423026106,0.199837452917184
1700,1699,1699,0.849924962481241,1,1.89042690230339,2.23794331084911,0.192880259356359,1.89042690230339,0.180255941013579,0.188158180670335,0.190448294742995,0.19088178667274,0.199335530214089
1701,1700,1700,0.850425212606303,1,1.87843232455718,2.2269874042279,0.191761490355048,1.87843232455718,0.179112234321683,0.187158310006909,0.189436254436617,0.190323265172865,0.198752272998961
1702,1701,1701,0.850925462731366,1,1.94291366840229,2.28644171709394,0.197832703311535,1.94291366840229,0.185260657885937,0.191930599784842,0.194266628789668,0.190564365364662,0.199004050999388
1703,1702,1702,0.851425712856428,1,1.95435627837892,2.29706407324343,0.198917411605591,1.95435627837892,0.186351733360199,0.192848814971518,0.195196019772758,0.19090703280569,0.199361894443936
1704,1703,1703,0.851925962981491,1,2.00111169313045,2.34019839241571,0.203322098579571,2.00111169313045,0.190809954555235,0.196459835016277,0.198850990326561,0.191739953137278,0.20023170302451
1705,1704,1704,0.852426213106553,1,2.00105812134028,2.34023638861736,0.20332597858458,2.00105812134028,0.190804846379174,0.196626377223227,0.199019559554874,0.192472916750171,0.200997128018431
1706,1705,1705,0.852926463231616,1,2.0683302311208,2.40226011729378,0.20965956898362,2.0683302311208,0.197219374990506,0.20186817063934,0.204325151976831,0.193882204833546,0.202468830438136
1707,1706,1706,0.853426713356678,1,2.08686255867638,2.41940986873906,0.211410826178531,2.08686255867638,0.198986469046686,0.203556576913388,0.206034108210252,0.195333360645522,0.203984254818041
1708,1707,1707,0.853926963481741,1,2.13198265200676,2.46103857231628,0.215661766309471,2.13198265200676,0.203288759112479,0.207265532657734,0.209788206460307,0.197123186447354,0.205853348152811
1709,1708,1708,0.854427213606803,1,2.13659664211563,2.4653739218671,0.216104473139221,2.13659664211563,0.20372871218757,0.20797669946777,0.210508029036006,0.198751213400416,0.207553476916001
1710,1709,1709,0.854927463731866,1,2.1991615019194,2.52306375698397,0.221995505387937,2.1991615019194,0.209694395211107,0.213041258428543,0.215634229843584,0.200894720154635,0.209791914971394
1711,1710,1710,0.855427713856929,1,2.20904834550637,2.5322537426476,0.222933946307382,2.20904834550637,0.210637125285596,0.214222213719208,0.216829558797518,0.202893844189321,0.211879575907327
1712,1711,1711,0.855927963981991,1,2.24941119324046,2.56950252245771,0.226737627885638,2.24941119324046,0.214485802582471,0.217680732290266,0.22033017174907,0.205111877404463,0.214195841040212
1713,1712,1712,0.856428214107053,1,2.25947033237972,2.57885113801948,0.227692267392645,2.25947033237972,0.215444961378361,0.218889632290009,0.221553785533205,0.207178540637295,0.216354032340028
1714,1713,1713,0.856928464232116,1,2.31397849155479,2.62912329123328,0.232825838587552,2.31397849155479,0.220642422075228,0.223432183218187,0.226151624835076,0.209616587024429,0.218900054554809
1715,1714,1714,0.857428714357179,1,2.33961667126728,2.65281529283523,0.235245161596379,2.33961667126728,0.22308707317722,0.225864115735283,0.228613156930896,0.212053716331057,0.221445119073562
1716,1715,1715,0.857928964482241,1,2.37554868013482,2.6859846665968,0.238632272169729,2.37554868013482,0.226513261231904,0.229074907173756,0.231863027609141,0.214606894957462,0.224111372486719
1717,1716,1716,0.858429214607304,1,2.38519990794337,2.69495772439179,0.239548561369252,2.38519990794337,0.227433524876294,0.230319965314359,0.233123239622719,0.216963855510996,0.226572717750833
1718,1717,1717,0.858929464732366,1,2.43162624934744,2.73778907073106,0.243922310089966,2.43162624934744,0.231860368277333,0.234308939539751,0.237160764519554,0.219565618115309,0.229289706821724
1719,1718,1718,0.859429714857429,1,2.45806603777616,2.76221910130314,0.246416997371455,2.45806603777616,0.234381454354563,0.236834281464314,0.239716842929021,0.22215591761766,0.231994725114536
1720,1719,1719,0.859929964982491,1,2.48700691943458,2.78895185042503,0.249146828144153,2.48700691943458,0.237141024613929,0.239546614803276,0.242462188665994,0.224764522195502,0.234718859175239
1721,1720,1720,0.860430215107554,1,2.49705931699401,2.79829425911665,0.250100833832877,2.49705931699401,0.238099540586861,0.240833118869296,0.243764351052347,0.227174811696572,0.237235895211206
1722,1721,1721,0.860930465232616,1,2.53668626667086,2.83486550876233,0.253835329010442,2.53668626667086,0.241878048549689,0.244318177386405,0.247291826973395,0.229746316550046,0.239921286480591
1723,1722,1722,0.861430715357679,1,2.56071000318595,2.85707111703272,0.256102868069242,2.56071000318595,0.244168759302331,0.246654619696984,0.24965670663066,0.232282562022087,0.242569856806418
1724,1723,1723,0.861930965482741,1,2.58587232460054,2.88032500312716,0.258477452649226,2.58587232460054,0.246568036375222,0.249070178827897,0.252101666056257,0.234800704542959,0.245199522440328
1725,1724,1724,0.862431215607804,1,2.59699032285254,2.890648494192,0.259531642155213,2.59699032285254,0.24762815948004,0.250419235696452,0.253467142588887,0.237143484215983,0.247646058783251
1726,1725,1725,0.862931465732866,1,2.63209418593243,2.92305540670483,0.26284089353906,2.63209418593243,0.250975382197284,0.253548482704823,0.256634476342066,0.239604233989309,0.250215789868339
1727,1726,1726,0.863431715857929,1,2.65330486139561,2.9426710723897,0.264843959051303,2.65330486139561,0.252997862019428,0.255649880077748,0.258761450278703,0.242011080902575,0.252729230851698
1728,1727,1727,0.863931965982991,1,2.67558451848822,2.96327093322501,0.26694752624393,2.67558451848822,0.255122271352472,0.257821397963649,0.260959398180306,0.244382628461736,0.255205809148525
1729,1728,1728,0.864432216108054,1,2.68367143834317,2.97080375644593,0.267716745022739,2.68367143834317,0.255893375142085,0.25891174225231,0.262063013286056,0.246561995530322,0.257481695694435
1730,1729,1729,0.864932466233117,1,2.73329665374462,3.01658025748986,0.272391239989433,2.73329665374462,0.260625237500419,0.263107290226456,0.266309626185596,0.249043789734742,0.260073403223182
1731,1730,1730,0.865432716358179,1,2.74414797609319,3.02665822410072,0.273420357617968,2.74414797609319,0.261659932530838,0.264428895260827,0.267647316761807,0.251351555563655,0.262483375034191
1732,1731,1731,0.865932966483242,1,2.76146955423669,3.04269325695125,0.27505778465239,2.76146955423669,0.263311579237882,0.266205366939565,0.269445410263081,0.253579627270041,0.264810123241493
1733,1732,1732,0.866433216608304,1,2.77663932274927,3.05674715135643,0.276492906541597,2.77663932274927,0.264758046644192,0.267803049723194,0.271062538790783,0.255713140638014,0.26703812532507
1734,1733,1733,0.866933466733367,1,2.80306279670138,3.08116216143769,0.278986059996622,2.80306279670138,0.267277577103837,0.270233507112426,0.273522577804636,0.257891195609176,0.269312641663585
1735,1734,1734,0.867433716858429,1,2.81656066147621,3.09367675946452,0.280263995709324,2.81656066147621,0.26856462518472,0.271694656005683,0.275001510658339,0.259961714668652,0.271474859556309
1736,1735,1735,0.867933966983492,1,2.83442762936016,3.11021392436566,0.281952698260435,2.83442762936016,0.27026827588132,0.273464953709388,0.27679335503979,0.261987200524762,0.273590049822006
1737,1736,1736,0.868434217108554,1,2.83995051692808,3.11538608200263,0.282480856251753,2.83995051692808,0.270794894125303,0.274292038362097,0.277630506319396,0.263832926200363,0.275517518715653
1738,1737,1737,0.868934467233617,1,2.86692828371546,3.14031142107868,0.285026122259356,2.86692828371546,0.273367277502189,0.276706887382549,0.280074746991624,0.265764020377691,0.277534136898251
1739,1738,1738,0.869434717358679,1,2.88274031620179,3.15495663816975,0.286521627420675,2.88274031620179,0.274874986047644,0.278293781531517,0.281680955573849,0.267643484550765,0.279496838494817
1740,1739,1739,0.869934967483742,1,2.90120644647329,3.17204544278099,0.288266660992931,2.90120644647329,0.276635768061967,0.280071213178661,0.283480020727513,0.269507643844949,0.281443557392346
1741,1740,1740,0.870435217608804,1,2.90308033144896,3.17385801915258,0.288451753320491,2.90308033144896,0.276814446697586,0.280589874107366,0.284004994391,0.271169978384311,0.283179513151001
1742,1741,1741,0.870935467733867,1,2.9312718937387,3.19990088131245,0.291111135870672,2.9312718937387,0.279502567874336,0.283059905574682,0.286505089147636,0.272953467462867,0.285041989122658
1743,1742,1742,0.871435717858929,1,2.94168177200795,3.20957241706416,0.292098750567308,2.94168177200795,0.280495170339406,0.284208440866654,0.287667603512034,0.274641713473435,0.286805003915816
1744,1743,1743,0.871935967983992,1,2.96067718539915,3.22714852460491,0.293893545371622,2.96067718539915,0.282306420545167,0.285987685302725,0.289468503518473,0.276343609247829,0.288582272991464
1745,1744,1744,0.872436218109054,1,2.96186695881284,3.22833124985174,0.294014320072335,2.96186695881284,0.282419867791403,0.286422119609108,0.289908225419129,0.277855385802021,0.290161002875796
1746,1745,1745,0.872936468234117,1,2.99107914695413,3.25531378673178,0.296769658072357,2.99107914695413,0.285205307660069,0.288939280973989,0.292456023701546,0.279517970077816,0.291897219431174
1747,1746,1746,0.87343671835918,1,2.99308063456885,3.25724384491511,0.29696674712586,2.99308063456885,0.28539615345949,0.289427283933022,0.292949966250555,0.281004367156097,0.293449445837226
1748,1747,1747,0.873936968484242,1,3.01219257317458,3.27492723545109,0.298772497197828,3.01219257317458,0.287218514574735,0.291174977271399,0.294718931144039,0.282529958673392,0.295042602519647
1749,1748,1748,0.874437218609305,1,3.0093959366077,3.27243973357469,0.298518484445963,3.0093959366077,0.286951849751344,0.291272457148332,0.294817597469721,0.283841333444633,0.29641205525734
1750,1749,1749,0.874937468734367,1,3.03789194729895,3.29876289675384,0.301206490103501,3.03789194729895,0.289669000684832,0.293695337475193,0.297269967199132,0.285319434049217,0.297955617756729
1751,1750,1750,0.87543771885943,1,3.04096230768088,3.30167704985982,0.301504070602567,3.04096230768088,0.289961765614924,0.294227336546222,0.29780844134637,0.286655619423768,0.299350979905959
1752,1751,1751,0.875937968984492,1,3.06047755615404,3.31973176166524,0.30334773836954,3.06047755615404,0.291822583123052,0.295975510244115,0.29957789244593,0.28805360304682,0.300810877215121
1753,1752,1752,0.876438219109555,1,3.04773763464173,3.30808962835892,0.302158894917094,3.04773763464173,0.290607806430104,0.295294955572593,0.298889054595728,0.289139805925686,0.301945185681911
1754,1753,1753,0.876938469234617,1,3.07621054536989,3.3343915237529,0.304844728801943,3.07621054536989,0.293322754736461,0.297671053303773,0.301294072328328,0.290419493032399,0.303281547376608
1755,1754,1754,0.87743871935968,1,3.07117977747819,3.32984709109788,0.304380671325118,3.07117977747819,0.292843061076138,0.297550272079431,0.301171821049479,0.291489109889454,0.304398535262375
1756,1755,1755,0.877938969484742,1,3.09030775035626,3.34754524414487,0.306187928879786,3.09030775035626,0.294666951090937,0.299215822855622,0.302857643605817,0.292648116834379,0.30560887213063
1757,1756,1756,0.878439219609805,1,3.09119330934875,3.34844788379452,0.306280102471101,3.09119330934875,0.29475139089092,0.299518656290693,0.303164162892382,0.293678697752826,0.306685095260076
1758,1757,1757,0.878939469734867,1,3.11940470899073,3.3745090099033,0.308941350055423,3.11940470899073,0.297441403598409,0.301863838334949,0.305537888656519,0.294906468840145,0.307967241686606
1759,1758,1758,0.87943971985993,1,3.10843229815473,3.36449419683157,0.307918681388561,3.10843229815473,0.296395162541417,0.301283007282377,0.304949988183088,0.295862949606479,0.308966082927671
1760,1759,1759,0.879939969984992,1,3.1270816754929,3.38175171423392,0.309680943169065,3.1270816754929,0.298173417525683,0.302889710481364,0.306576246915581,0.296916963737712,0.310066777076467
1761,1760,1760,0.880440220110055,1,3.12001858360968,3.375336151747,0.309025814142824,3.12001858360968,0.297499937756471,0.302569987326578,0.306252632340855,0.297764917276042,0.310952284652157
1762,1761,1761,0.880940470235118,1,3.14751113523412,3.40073544540394,0.311619478307829,3.14751113523412,0.300121406884893,0.304824241103444,0.308534323129917,0.298823815850152,0.312058079565294
1763,1762,1762,0.88144072036018,1,3.13572320344891,3.38996979458047,0.310520137391859,3.13572320344891,0.298997404293754,0.304147916499181,0.307849766832042,0.299622430947507,0.312892063606637
1764,1763,1763,0.881940970485243,1,3.1536624756357,3.40657352895507,0.312215637724834,3.1536624756357,0.300707949348518,0.305669305437658,0.309389672925635,0.300529462121029,0.313839265238843
1765,1764,1764,0.882441220610305,1,3.14457477549803,3.39829394039817,0.311370162554104,3.14457477549803,0.299841419181196,0.305166962286971,0.308881215647386,0.301225087145921,0.314565697999055
1766,1765,1765,0.882941470735368,1,3.17133799979096,3.42302175345808,0.313895258073636,3.17133799979096,0.302393345507256,0.30733555448986,0.311076202256853,0.302141657247512,0.315522861017926
1767,1766,1766,0.88344172086043,1,3.15648896036063,3.40943778731807,0.312508123192176,3.15648896036063,0.300977460252766,0.30639909797445,0.310128347925856,0.302780273356552,0.316189760060091
1768,1767,1767,0.883941970985493,1,3.17532467862722,3.42686686598305,0.314287904054313,3.17532467862722,0.302773483212804,0.307956330620233,0.3117045339883,0.303556681946104,0.317000554115191
1769,1768,1768,0.884442221110555,1,3.16443025493765,3.41692385449256,0.313272567449153,3.16443025493765,0.301734678384344,0.30729112917586,0.31103123623271,0.304116849030568,0.317585529794308
1770,1769,1769,0.884942471235618,1,3.18944887831055,3.44004543998252,0.31563364207325,3.18944887831055,0.304120253564983,0.30930059748682,0.313065162218808,0.304894411299006,0.318397528622249
1771,1770,1770,0.88544272136068,1,3.16829126658372,3.42065326714418,0.313653398667598,3.16829126658372,0.302102833474964,0.307858903376458,0.311605920936386,0.305339085110623,0.318861896080016
1772,1771,1771,0.885942971485743,1,3.18407644797275,3.43527376283777,0.315146379388529,3.18407644797275,0.303607981715227,0.309146481347292,0.312909170298282,0.305910194546124,0.319458298723349
1773,1772,1772,0.886443221610805,1,3.17142768530887,3.42371555809867,0.313966106352259,3.17142768530887,0.302401897198626,0.30830745078726,0.312059927715121,0.306269782982294,0.319833812557499
1774,1773,1773,0.886943471735868,1,2.88150540086067,3.1568758331032,0.286717607166875,2.88150540086067,0.274757234429417,0.286441911871849,0.289928258577797,0.303295602315727,0.316727911829846
1775,1774,1774,0.88744372186093,1,2.85901833461426,3.13625965168053,0.284612373387644,2.85901833461426,0.272613048223676,0.284149255365872,0.28760769765167,0.300423650273249,0.313728767212039
1776,1775,1775,0.887943971985993,1,2.85372494747954,3.13147342947714,0.284123625425502,2.85372494747954,0.27210831329954,0.283178271150965,0.286624895377049,0.297836843404906,0.311027396234479
1777,1776,1776,0.888444222111056,1,2.83694797139866,3.11611444134462,0.282555233104514,2.83694797139866,0.270508595475415,0.281395231994408,0.284820154463757,0.295370601693332,0.308451929985016
1778,1777,1777,0.888944472236118,1,3.58278888524151,3.80288616176877,0.352685340849301,3.58278888524151,0.341626000547972,0.337351623912642,0.341457603778118,0.301667755026228,0.315027970687131
1779,1778,1778,0.889444722361181,1,3.56239263949475,3.7841949670246,0.350776678243802,3.56239263949475,0.339681178208771,0.337071468588027,0.341174038622215,0.306978312060498,0.320573720863774
1780,1779,1779,0.889944972486243,1,3.55949428965938,3.78161381928672,0.350513102788408,3.55949428965938,0.339404814824223,0.337918243855361,0.342031120175193,0.311619301829727,0.325420250082162
1781,1780,1780,0.890445222611306,1,3.54338703934093,3.76687143749182,0.349007675594853,3.54338703934093,0.337868956675063,0.337631449219901,0.341740834899952,0.315521123938253,0.329494875494892
1782,1781,1781,0.890945472736368,1,3.53983370314848,3.76368725376296,0.348682520756144,3.53983370314848,0.337530139046978,0.338146907794358,0.342262567232642,0.318914991516669,0.333039050164526
1783,1782,1782,0.891445722861431,1,3.51322661099171,3.73927782705988,0.346189937451144,3.51322661099171,0.334993100228651,0.336816055236376,0.340915516579202,0.321600151074625,0.33584312966066
1784,1783,1783,0.891945972986493,1,3.51054501822645,3.73689624426433,0.345946740689996,3.51054501822645,0.334737405059095,0.337154155296106,0.341257731728173,0.323933251707847,0.338279558299939
1785,1784,1784,0.892446223111556,1,3.47484508208369,3.70411517420612,0.342599281983118,3.47484508208369,0.331333345597342,0.334922998193042,0.338999418727545,0.325581713680627,0.340001027105892
1786,1785,1785,0.892946473236618,1,3.47209548944831,3.70167098496294,0.342349692126875,3.47209548944831,0.331071166505788,0.335048612470245,0.339126561883391,0.327001748499069,0.341483952210434
1787,1786,1786,0.893446723361681,1,3.43884753998363,3.6711474217983,0.339232760095705,3.43884753998363,0.327900908819429,0.332820409829682,0.336871239304668,0.327874547698661,0.342395405808253
1788,1787,1787,0.893946973486743,1,2.67613893480286,2.96902051201744,0.267534647944211,2.67613893480286,0.255175136043715,0.275276798729927,0.278627252419489,0.319984885353351,0.334156327296751
1789,1788,1788,0.894447223611806,1,2.65248700595861,2.94733185929296,0.265319898112247,2.65248700595861,0.252919877887258,0.271912888481721,0.27522239928923,0.312774085822607,0.326626176972913
1790,1789,1789,0.894947473736868,1,3.40693925884903,3.64203190878857,0.33625961195391,3.40693925884903,0.324858391155808,0.327572079448314,0.331559030354633,0.314993784866463,0.328944181710481
1791,1790,1790,0.895447723861931,1,3.38512029772467,3.62203084160454,0.334217190935524,3.38512029772467,0.322777910093769,0.326368761427098,0.330341066488498,0.316700031350558,0.3307259941794
1792,1791,1791,0.895947973986994,1,3.38355218116674,3.62067441944153,0.33407867906963,3.38355218116674,0.322628387081045,0.326595347329811,0.330570410217433,0.318184328747446,0.332276027913689
1793,1792,1792,0.896448224112056,1,3.35019564089984,3.59005087837455,0.330951537734766,3.35019564089984,0.319447775047095,0.324371778996617,0.328319778351242,0.319112446284822,0.333245249779424
1794,1793,1793,0.896948474237119,1,2.58242576476409,2.8832641332964,0.258777583696145,2.58242576476409,0.246239400083693,0.266456191949522,0.269699288118697,0.311214008134527,0.32499700680142
1795,1794,1794,0.897448724362181,1,2.54405310515759,2.84802232733866,0.255178845461246,2.54405310515759,0.242580491157813,0.2619764539897,0.265165026295459,0.303828375012803,0.317284279883112
1796,1795,1795,0.897948974487244,1,3.30691919412504,3.55046886792043,0.326909596904429,3.30691919412504,0.315321280323807,0.318237441722886,0.322110778726573,0.305989735019315,0.319541361872921
1797,1796,1796,0.898449224612306,1,3.26908513761757,3.51572294565561,0.323361496131412,3.26908513761757,0.311713728267812,0.315810425156732,0.319654222414802,0.307462838539928,0.321079705978245
1798,1797,1797,0.898949474737369,1,2.51208922930634,2.81885562911769,0.252200470510785,2.51208922930634,0.239532672428092,0.258819214787671,0.261969359649554,0.300166294977089,0.313460014203658
1799,1798,1798,0.899449724862431,1,2.46914077226815,2.77940095596212,0.248171532805362,2.46914077226815,0.235437452174366,0.254113557018859,0.257206428298275,0.293258384283355,0.306246167011585
1800,1799,1799,0.899949974987494,1,3.20888019453203,3.46055512575942,0.317728000985491,3.20888019453203,0.305973067967045,0.308719851088608,0.312477347430083,0.295577604304143,0.308668100295976
1801,1800,1800,0.900450225112556,1,3.1645278318229,3.41980789797524,0.313567073285905,3.1645278318229,0.301743982533185,0.3058310977261,0.309553434423151,0.297115628317436,0.310274240082888
1802,1801,1801,0.900950475237619,1,3.16387711620173,3.41929611292115,0.313514812046954,3.16387711620173,0.301681935512756,0.306093468514081,0.309818998582962,0.298462304346933,0.311680557495594
1803,1802,1802,0.901450725362681,1,3.12018380726036,3.37915566593119,0.309415846133519,3.12018380726036,0.29751569215808,0.303060083884798,0.306748693970702,0.299151971277613,0.312400768290425
1804,1803,1803,0.901950975487744,1,2.39293201855146,2.70967330855527,0.24105125210654,2.39293201855146,0.228170796903043,0.248163236619531,0.251183685257344,0.2915036610789,0.304413730892687
1805,1804,1804,0.902451225612806,1,2.35911146891552,2.67862256110964,0.237880486335093,2.35911146891552,0.224945940658776,0.244078030297144,0.247048757001766,0.284389816461637,0.296984829406795
1806,1805,1805,0.902951475737869,1,2.35874787088802,2.67837512086327,0.237855218825349,2.35874787088802,0.224911270868309,0.242631756567642,0.245584880360667,0.278126107477538,0.290443714231711
1807,1806,1806,0.903451725862931,1,2.31651586349523,2.63958007201474,0.233893639053206,2.31651586349523,0.220884365504126,0.238186886995894,0.241085911316224,0.272135224405291,0.284187507840976
1808,1807,1807,0.903951975987994,1,2.31618679407822,2.63936442173563,0.233871617795109,2.31618679407822,0.220852988084904,0.236967818718574,0.239852005494198,0.266860113552284,0.278678773680681
1809,1808,1808,0.904452226113057,1,2.28175983998402,2.60775536691539,0.230643840129941,2.28175983998402,0.217570309977161,0.233311359260937,0.236151042474557,0.261827800408582,0.273423590217719
1810,1809,1809,0.904952476238119,1,2.97910221878006,3.24987522272124,0.296214295833794,2.97910221878006,0.284063283889756,0.285084142568338,0.288553963569275,0.265316251732545,0.27706653754344
1811,1810,1810,0.905452726363182,1,2.92136027007264,3.19680040647044,0.290794529015346,2.92136027007264,0.278557474970336,0.281415904643033,0.284841078723677,0.267731199669118,0.279588438326994
1812,1811,1811,0.905952976488244,1,2.92175014306481,3.19724667554811,0.290840100050917,2.92175014306481,0.27859465013061,0.28193241250245,0.285363873112403,0.269861381594118,0.281812961425158
1813,1812,1812,0.906453226613307,1,2.84987484252646,3.13115949692496,0.284091568013913,2.84987484252646,0.271741198183652,0.276922901289363,0.280293390050601,0.270920609548405,0.282919100306011
1814,1813,1813,0.906953476738369,1,2.85083532490808,3.13213111740104,0.284190785623852,2.85083532490808,0.271832782076853,0.277211449167313,0.280585449907428,0.271864235491241,0.283904517411109
1815,1814,1814,0.907453726863432,1,2.78853908778456,3.0748632369764,0.278342841532598,2.78853908778456,0.265892712756731,0.272689575252773,0.276008539283618,0.271988036455471,0.284033801253616
1816,1815,1815,0.907953976988494,1,2.14723544976097,2.48451203654968,0.218058773243326,2.14723544976097,0.204743143521062,0.224184155482962,0.226912749517565,0.264817454309595,0.276545649456072
1817,1816,1816,0.908454227113557,1,2.11560582339781,2.45547843888539,0.215093989936352,2.11560582339781,0.201727196140577,0.220360304982479,0.223042358102349,0.258148881910527,0.269581740336665
1818,1817,1817,0.908954477238619,1,2.75316194621232,3.04255399684705,0.275043564022999,2.75316194621232,0.262519432395187,0.26728118153077,0.270534318827273,0.259518726853564,0.27101225276423
1819,1818,1818,0.909454727363682,1,2.71366006534937,3.00627253402918,0.271338660601839,2.71366006534937,0.258752849990926,0.264569640138364,0.267789774675809,0.260276363846284,0.271803443868872
1820,1819,1819,0.909954977488744,1,2.71473208663466,3.00734684667981,0.271448364685015,2.71473208663466,0.258855069339017,0.264806311146169,0.26802932625784,0.260955855941267,0.272513029206429
1821,1820,1820,0.910455227613807,1,2.70885317585478,3.0020215417493,0.270904567965605,2.70885317585478,0.258294503578198,0.264501303025145,0.267720605816746,0.261487673003848,0.273068399302207
1822,1821,1821,0.910955477738869,1,2.71063206077537,3.00374665301306,0.271080728741013,2.71063206077537,0.258464123770825,0.264746305854014,0.267968590628245,0.261976467931373,0.273578841905153
1823,1822,1822,0.911455727863932,1,2.68300686639658,2.97839987505717,0.268492427248442,2.68300686639658,0.255830006893645,0.262757388260849,0.26595546548719,0.262093605980795,0.273701167746694
1824,1823,1823,0.911955977988995,1,2.68424650595881,2.97962851130958,0.268617890179134,2.68424650595881,0.255948208975691,0.262878644918261,0.266078197985708,0.262211361821415,0.273824138740076
1825,1824,1824,0.912456228114057,1,2.64702836863963,2.9454496564868,0.265127695839398,2.64702836863963,0.252399386031484,0.260089520603031,0.263255126632821,0.261893085638657,0.273491766790136
1826,1825,1825,0.91295647823912,1,2.01854618303312,2.36690297256732,0.206049052860908,2.01854618303312,0.192472367621654,0.212466019582719,0.215051989640863,0.254479025730266,0.265749354123956
1827,1826,1826,0.913456728364182,1,2.01959106236629,2.36795229603487,0.206156205158607,2.01959106236629,0.192571998930972,0.211066297093267,0.213635230825063,0.247967116434716,0.258949046379771
1828,1827,1827,0.913956978489245,1,2.02124516347252,2.36956252073597,0.206320634223496,2.02124516347252,0.192729720740301,0.209893110946622,0.212447765575087,0.242256015611502,0.252985013191768
1829,1828,1828,0.914457228614307,1,1.99271355163386,2.34338121799151,0.203647114729662,1.99271355163386,0.190009175167052,0.206595616059117,0.209110136161305,0.236906955678644,0.247399054906019
1830,1829,1829,0.91495747873937,1,1.99591000727843,2.34641146509067,0.203956550236741,1.99591000727843,0.190313963529626,0.205771725977632,0.208276218334743,0.232236671223492,0.242521933603114
1831,1830,1830,0.915457728864432,1,2.002220032953,2.35230832882732,0.204558712027783,2.002220032953,0.190915636947627,0.205319227588871,0.207818212489839,0.228199054678299,0.238305499710355
1832,1831,1831,0.915957978989495,1,2.00405491425644,2.35408499511028,0.20474013737502,2.00405491425644,0.191090596506019,0.204654581531526,0.207145476881012,0.224667383706283,0.234617418631381
1833,1832,1832,0.916458229114557,1,1.99971701086418,2.35017847227662,0.204341220443696,1.99971701086418,0.190676968844963,0.203623965036657,0.206102316529002,0.221510870905839,0.231321110672032
1834,1833,1833,0.91695847923962,1,2.00319854864169,2.35347119016573,0.204677458313528,2.00319854864169,0.191008940352296,0.203260159545559,0.205734083082277,0.218773264201797,0.228462261258581
1835,1834,1834,0.917458729364682,1,2.02146683956013,2.3703778470894,0.206403891764994,2.02146683956013,0.192750857993332,0.204099204432273,0.206583340166493,0.216572155236369,0.226163669914007
1836,1835,1835,0.917958979489745,1,2.70996849269737,3.00435818105477,0.271143175295202,2.70996849269737,0.258400851243238,0.255769157865248,0.258882179822055,0.2224517056307,0.232303612942118
1837,1836,1836,0.918459229614807,1,2.72211442169756,3.0156280723472,0.272294007030267,2.72211442169756,0.259558989576303,0.257868290641466,0.261006861599087,0.227764193382315,0.237851379343423
1838,1837,1837,0.91895947973987,1,2.72513411291704,3.01849557512488,0.272586823802969,2.72513411291704,0.259846923101621,0.259163332473367,0.262317665666323,0.232474064245973,0.242769840251674
1839,1838,1838,0.919459729864933,1,2.7694161734388,3.0593527146233,0.276758975203435,2.7694161734388,0.264069305082984,0.263460608469785,0.266667244741982,0.237122045879545,0.247623670989029
1840,1839,1839,0.919959979989995,1,2.77098579001698,3.06088515570258,0.276915461346948,2.77098579001698,0.264218971125605,0.264513006675997,0.267732451915274,0.241230689999013,0.251914278114471
1841,1840,1840,0.920460230115058,1,2.77911320426731,3.0684552614983,0.277688487258331,2.77911320426731,0.264993936135844,0.265953834913597,0.269190816786208,0.2449391617362,0.255786990084019
1842,1841,1841,0.92096048024012,1,2.06808445256516,2.41390920789784,0.210849122884714,2.06808445256516,0.197195939519516,0.212888516477192,0.215479628836778,0.240131564947349,0.25076647517966
1843,1842,1842,0.921460730365183,1,2.10286224508879,2.4460159122019,0.214127718326564,2.10286224508879,0.200512070764836,0.214563011004116,0.21717450400018,0.236296281855864,0.246761335653839
1844,1843,1843,0.921960980490245,1,2.10466143705575,2.44775971985482,0.21430578829501,2.10466143705575,0.200683627274465,0.21393613064999,0.216539993749147,0.232942259174983,0.243258770526503
1845,1844,1844,0.922461230615308,1,2.11555914878419,2.45788039646315,0.215339267280653,2.11555914878419,0.20172274562393,0.214094083079666,0.216699868652141,0.230115032760685,0.240306332338697
1846,1845,1845,0.92296148074037,1,2.11922002286294,2.46133822656103,0.2156923656831,2.11922002286294,0.202071817201991,0.213809707130229,0.216412031501275,0.227669233916117,0.237752214326825
1847,1846,1846,0.923461730865433,1,2.15731981215887,2.49650344283862,0.219283282916694,2.15731981215887,0.20570470740451,0.216207971687314,0.218839485857032,0.225950044581797,0.235956885796698
1848,1847,1847,0.923961980990495,1,2.89591159668727,3.17660100000327,0.288731854461641,2.89591159668727,0.27613089367114,0.271765156208997,0.275072868934936,0.232822311325877,0.243133510445296
1849,1848,1848,0.924462231115558,1,2.91135158078608,3.19090367779464,0.290192381016124,2.91135158078608,0.277603126667599,0.274312128056091,0.277650840529417,0.239045783835409,0.249632607158945
1850,1849,1849,0.92496248124062,1,2.91412491858792,3.19354436672234,0.290462036555968,2.91412491858792,0.2778675699077,0.275770722684962,0.279127188030229,0.244554524662842,0.255385318262446
1851,1850,1850,0.925462731365683,1,2.95863047918276,3.23460727934351,0.294655200602761,2.95863047918276,0.282111263062714,0.280244687275761,0.283655606215516,0.24990804905478,0.26097593872856
1852,1851,1851,0.925962981490745,1,2.21832615958888,2.55310765502458,0.225063456126154,2.21832615958888,0.211521783193264,0.225292789185367,0.228034876641486,0.246215760074368,0.257120126215259
1853,1852,1852,0.926463231615808,1,2.23142561055483,2.56525543950872,0.226303934453081,2.23142561055483,0.212770841730122,0.225549717124303,0.228294931706154,0.243115853631858,0.253882931587617
1854,1853,1853,0.92696348174087,1,2.97500720963851,3.24994704314875,0.296221629819994,2.97500720963851,0.283672816675515,0.281208389981799,0.284631038356443,0.248829734084349,0.259849867508695
1855,1854,1854,0.927463731865933,1,3.01440180551225,3.28630436817691,0.299934279956435,3.01440180551225,0.287429169244037,0.285336582032678,0.288809475529149,0.254305761276599,0.265568416160512
1856,1855,1855,0.927963981990996,1,3.01554996503372,3.2874487801452,0.300051142273641,3.01554996503372,0.287538648523412,0.286522693261653,0.290010023175437,0.259138301074357,0.270614978745964
1857,1856,1856,0.928464232116058,1,3.02299775766272,3.2943931686363,0.300760272685712,3.02299775766272,0.288248810268983,0.288056866517586,0.291562869187191,0.263476085890841,0.275144874716767
1858,1857,1857,0.928964482241121,1,2.29300908717757,2.62239100577696,0.232138367204587,2.29300908717757,0.218642947927931,0.233682514195009,0.236526714815922,0.259007050136466,0.270477914986495
1859,1858,1858,0.929464732366183,1,2.33044925285389,2.65694891660638,0.235667269076676,2.33044925285389,0.222212941714766,0.235626210711966,0.238494068485231,0.255499924222791,0.266815466013673
1860,1859,1859,0.929964982491246,1,3.0542457908227,3.32342471497489,0.303724846520327,3.0542457908227,0.291228371983437,0.289706095972908,0.293232171772319,0.260630849985309,0.272173629436117
1861,1860,1860,0.930465232616308,1,3.07935664510917,3.34663121606616,0.306094592352181,3.07935664510917,0.293622741563951,0.292636696102926,0.296198440872855,0.265431726902951,0.277187126860633
1862,1861,1861,0.930965482741371,1,3.08196535761973,3.34912033698852,0.306348770433898,3.08196535761973,0.293871487457195,0.293798312685863,0.29737419574345,0.269686714770388,0.2816305589837
1863,1862,1862,0.931465732866433,1,3.11956311923105,3.38382334400171,0.309892488890156,3.11956311923105,0.297456508327875,0.297498740869404,0.301119662641906,0.27385851868524,0.28598712311594
1864,1863,1863,0.931965982991496,1,3.12052097799098,3.38479254894916,0.309991459836935,3.12052097799098,0.297547842053564,0.298409605382416,0.302041613484686,0.277541181689817,0.289832883339651
1865,1864,1864,0.932466233116558,1,3.11917554524846,3.38364114839286,0.309873883875856,3.11917554524846,0.297419552382709,0.299048327416046,0.302688109542877,0.280767253548751,0.293201830978495
1866,1865,1865,0.932966483241621,1,3.12148291033649,3.38585282332017,0.310099730392735,3.12148291033649,0.297639564203688,0.299872176857772,0.303521986235044,0.283632992045104,0.296194486865591
1867,1866,1866,0.933466733366683,1,3.14073690577007,3.40366700341999,0.311918836119764,3.14073690577007,0.299475470718202,0.301906489414285,0.305581058851403,0.286374016650482,0.299056905551871
1868,1867,1867,0.933966983491746,1,2.44613701490019,2.76424675246505,0.246624052190727,2.44613701490019,0.233243998449095,0.249891026273107,0.252932504213957,0.280901568093875,0.293342094025769
1869,1868,1868,0.934467233616808,1,2.43279720223632,2.75205230848668,0.245378809201451,2.43279720223632,0.231972020949336,0.247790985091695,0.250806902975335,0.275934980643548,0.288155547105696
1870,1869,1869,0.934967483741871,1,3.10724335484625,3.37309195659252,0.308796646803367,3.10724335484625,0.296281794447354,0.297844115246799,0.301469240645841,0.279221350834036,0.291587463559431
1871,1870,1870,0.935467733866933,1,3.11901028144127,3.38401290612682,0.309911846140699,3.11901028144127,0.297403794152097,0.299395928883356,0.303039941743121,0.282247537541434,0.294747673563543
1872,1871,1871,0.935967983991996,1,2.46212459661391,2.77931555186913,0.248162811714983,2.46212459661391,0.234768445960304,0.250291728866136,0.253338083845253,0.277454166240139,0.28974201416297
1873,1872,1872,0.936468234117058,1,2.46075314753079,2.77814019846316,0.248042789794238,2.46075314753079,0.234637675579958,0.24923327510842,0.252266747417025,0.273221032570381,0.285321404112966
1874,1873,1873,0.936968484242121,1,3.11136987577235,3.37724045747608,0.309220273468955,3.11136987577235,0.296675266372525,0.29762967280549,0.301252188179016,0.276882328605648,0.28914485107028
1875,1874,1874,0.937468734367184,1,3.06818558736506,3.33756865796081,0.305169163774576,3.06818558736506,0.292557559131704,0.295097735115785,0.298689433725917,0.279614639582168,0.291998170219835
1876,1875,1875,0.937968984492246,1,2.44722440976331,2.7659464518817,0.246797618020068,2.44722440976331,0.233347683698214,0.248653545319839,0.251679961611307,0.274970475442819,0.287148326045306
1877,1876,1876,0.938469234617309,1,2.43710071624215,2.75671303995137,0.245854742601252,2.43710071624215,0.232382369514436,0.246962558589179,0.249968393513976,0.270769287914773,0.282761076962879
1878,1877,1877,0.938969484742371,1,2.43975355560509,2.75924278779651,0.24611306932565,2.43975355560509,0.232635322990257,0.246327101826087,0.24932520246864,0.26710296000147,0.27893237527648
1879,1878,1878,0.939469734867434,1,2.46966031243427,2.78686480351834,0.248933708092639,2.46966031243427,0.235486991355926,0.247861207616556,0.250877980193793,0.264216697143733,0.275918286048204
1880,1879,1879,0.939969984992496,1,2.47037190042484,2.7876072707088,0.249009525576842,2.47037190042484,0.235554842677074,0.247341820875301,0.250352271883733,0.261685465703468,0.27327495181483
1881,1880,1880,0.940470235117559,1,2.45587938458216,2.77435155042103,0.247655909718225,2.45587938458216,0.234172952651231,0.245742785941826,0.248733774748876,0.259294063739222,0.270777639804044
1882,1881,1881,0.940970485242621,1,2.45848182900376,2.77683490040909,0.24790949849751,2.45848182900376,0.234421100869805,0.245465472376156,0.248453085939584,0.257219775034762,0.268611485316872
1883,1882,1882,0.941470735367684,1,2.4572538940615,2.77579167829291,0.24780296924298,2.4572538940615,0.234304014846405,0.244961696362535,0.247943178358714,0.255381063233928,0.26669134092741
1884,1883,1883,0.941970985492746,1,2.45788357464944,2.7764587345818,0.247871086097563,2.45788357464944,0.234364056134846,0.244645621037885,0.247623256012657,0.253770746904521,0.265009707153282
1885,1884,1884,0.942471235617809,1,2.43681156167112,2.75714537121113,0.245898890368154,2.43681156167112,0.232354798054658,0.242732829365704,0.2456871833377,0.252115059273699,0.263280692680441
1886,1885,1885,0.942971485742871,1,2.43940093659844,2.7596166883143,0.246151250402154,2.43940093659844,0.232601700071124,0.242601669560603,0.245554427158131,0.250688050816734,0.261790485089936
1887,1886,1886,0.943471735867934,1,2.46728000450421,2.78537184164103,0.248781253391607,2.46728000450421,0.235260024290809,0.244430182691353,0.24740519551923,0.249749370597927,0.26081023274434
1888,1887,1887,0.943971985992996,1,3.04824959293925,3.32034903683992,0.303410771795671,3.04824959293925,0.290656622665509,0.288214539360566,0.291722461100579,0.255519145912323,0.266835538990468
1889,1888,1888,0.944472236118059,1,3.02477019691702,3.29881923246423,0.301212242858489,3.02477019691702,0.288417815854592,0.287595574017892,0.29109596219632,0.260330610128158,0.271860092601829
1890,1889,1889,0.944972486243122,1,3.02693034803064,3.3008953697212,0.301424248864552,3.02693034803064,0.288623790532186,0.288725360700945,0.292239499758409,0.264589822714076,0.276307936547067
1891,1890,1890,0.945472736368184,1,3.02313008645207,3.29748384553967,0.301075879018634,3.02313008645207,0.288261428080558,0.289293609929396,0.292814665271606,0.268295390796374,0.280177616265099
1892,1891,1891,0.945972986493247,1,3.02373967794483,3.29813240610374,0.30114210717114,3.02373967794483,0.288319553834073,0.290084870228213,0.293615556171331,0.27156381271115,0.283590789552618
1893,1892,1892,0.946473236618309,1,3.00419449627248,3.28022477312684,0.299313458447299,3.00419449627248,0.286455882136247,0.289263377591201,0.292784064969058,0.274218747443158,0.286363305630309
1894,1893,1893,0.946973486743372,1,2.44027965680967,2.76112426414831,0.246305197416175,2.44027965680967,0.232685487779799,0.24712100904884,0.250128772508586,0.27015408668401,0.28211862979356
1895,1894,1894,0.947473736868434,1,2.49609417758946,2.81259916465046,0.25156158787462,2.49609417758946,0.238007512637319,0.250536161303443,0.253585491322829,0.267211397876925,0.279045615632073
1896,1895,1895,0.947973986993497,1,3.06850922248116,3.33970032153603,0.30538683988406,3.06850922248116,0.292588418379595,0.29327230395607,0.296841784847193,0.271120533788797,0.283127878760759
1897,1896,1896,0.948474237118559,1,2.99944077342536,3.27619736844219,0.298902197592976,2.99944077342536,0.286002605268423,0.288831007518547,0.292346432426367,0.273777104848259,0.285902103635327
1898,1897,1897,0.948974487243622,1,2.44028192763168,2.76147563060046,0.246341077412997,2.44028192763168,0.232685704307166,0.247048902313009,0.250055788146016,0.269767874467972,0.281715313069628
1899,1898,1898,0.949474737368684,1,2.46471996812411,2.7840626822503,0.248647567792162,2.46471996812411,0.235015919762798,0.248100552317047,0.251120238010603,0.266517776145333,0.278321274886709
1900,1899,1899,0.949974987493747,1,3.0278853020501,3.30264777073502,0.30160319634922,3.0278853020501,0.28871484728513,0.290075190136011,0.293605758260624,0.270051388243935,0.282011383060588
1901,1900,1900,0.950475237618809,1,3.0201909119793,3.29565098159499,0.300888715013334,3.0201909119793,0.287981171986155,0.290203609599942,0.293735740745735,0.273074221447336,0.285168091041228
1902,1901,1901,0.950975487743872,1,3.02247108970828,3.29783762553376,0.301112005475746,3.02247108970828,0.288198591438721,0.290984753757105,0.294526392378049,0.275760801293801,0.287973653727394
1903,1902,1902,0.951475737868934,1,3.59713566057571,3.82700988681922,0.355148749558019,3.59713566057571,0.342993993928317,0.33501699543478,0.339094560030122,0.284649230414948,0.297255732245822
1904,1903,1903,0.951975987993997,1,3.59776282798076,3.82767462925879,0.355216630132484,3.59776282798076,0.343053795579802,0.336846158095538,0.3409459858268,0.292478769567036,0.305432024837264
1905,1904,1904,0.95247623811906,1,2.60221583311348,2.91117695046,0.261627917827455,2.60221583311348,0.248126422210122,0.263072564709304,0.266274478016635,0.288067838838377,0.30082574347925
1906,1905,1905,0.952976488244122,1,2.60481628717277,2.9136584679517,0.261881319480272,2.60481628717277,0.248374380643716,0.262391194759098,0.265584814964816,0.284216342226485,0.296803672371096
1907,1906,1906,0.953476738369185,1,2.61923475393646,2.92702065024751,0.263245806770943,2.61923475393646,0.249749209943541,0.26271610497246,0.265913679730934,0.280991306638381,0.293435806897288
1908,1907,1907,0.953976988494247,1,2.62002107506451,2.92783192310261,0.263328650387018,2.62002107506451,0.249824187217035,0.262134619527797,0.265325116900662,0.278162803571794,0.290482035517009
1909,1908,1908,0.95447723861931,1,3.57153631311866,3.80396487003147,0.35279549379305,3.57153631311866,0.340553045558622,0.333584098866749,0.33764422336683,0.286475997866037,0.299163403295993
1910,1909,1909,0.954977488744372,1,3.57344049742785,3.80580534253925,0.352983434751353,3.57344049742785,0.34073461329557,0.335394859864766,0.339477023530133,0.293813827165846,0.306826209263991
1911,1910,1910,0.955477738869435,1,3.58212134999516,3.81388499058776,0.353808492876682,3.58212134999516,0.341562349743043,0.337523409637741,0.341631480344578,0.30037026453663,0.313673017136035
1912,1911,1911,0.955977988994497,1,3.58279705500247,3.81459442086053,0.353880936776143,3.58279705500247,0.341626779550825,0.338889847299379,0.343014549215697,0.306148201951043,0.319706846964024
1913,1912,1912,0.95647823911956,1,3.56106843400715,3.79467652846122,0.35184700920098,3.56106843400715,0.339554912598621,0.338405013940167,0.342523814844395,0.310986723749411,0.324759656480019
1914,1913,1913,0.956978489244622,1,2.59309837908707,2.90356851943125,0.260850978311825,2.59309837908707,0.247257054950708,0.266120254222951,0.269359261621112,0.304256753320442,0.317731630144098
1915,1914,1914,0.957478739369685,1,2.54318862093569,2.85770468206952,0.256167564944452,2.54318862093569,0.242498060878853,0.26100107619669,0.264177776967541,0.29776840175188,0.310955923447931
1916,1915,1915,0.957978989494747,1,2.5962347974312,2.90663081003494,0.261163685960663,2.5962347974312,0.247556118638039,0.263721980555988,0.2669317980446,0.292661438572496,0.305622783859859
1917,1916,1916,0.95847923961981,1,3.501734491706,3.7403979446936,0.346304318937748,3.501734491706,0.333897303943927,0.33123328761686,0.335264799882775,0.298447215929151,0.311664800844259
1918,1917,1917,0.958979489744872,1,2.52817849110786,2.84414704031758,0.254783118193731,2.52817849110786,0.241066815336613,0.258715231740824,0.261864111002465,0.292487418300901,0.305441056604939
1919,1918,1918,0.959479739869935,1,2.49405636149086,2.8128186327638,0.251583998993158,2.49405636149086,0.237813202845167,0.25494490420291,0.258047893989418,0.286856041186203,0.299560277916931
1920,1919,1919,0.959979989994997,1,2.5304167474466,2.84638240680427,0.25501138398846,2.5304167474466,0.241280237501775,0.256574414157669,0.25969723706366,0.282313797131923,0.2948168676487
1921,1920,1920,0.96048024012006,1,2.49712600950792,2.81581944894147,0.25189042914397,2.49712600950792,0.23810589984986,0.253150517488622,0.256231667404806,0.277939305185428,0.290248638868094
1922,1921,1921,0.960980490245123,1,2.49973803396221,2.81831161912012,0.252144918602328,2.49973803396221,0.238354961543483,0.252477310948352,0.255550267121558,0.274120006049866,0.286260191193206
1923,1922,1922,0.961480740370185,1,2.48536198614076,2.80516312917058,0.250802252634264,2.48536198614076,0.236984176973631,0.250629476836163,0.25367994261916,0.270596426667811,0.282580560063298
1924,1923,1923,0.961980990495248,1,2.48625226686891,2.80607011605054,0.250894870145619,2.48625226686891,0.237069067000441,0.249996150349245,0.253038907778052,0.267506385220026,0.279353667329767
1925,1924,1924,0.96248124062031,1,2.43994434542924,2.76352243504432,0.246550088081189,2.43994434542924,0.23265351517703,0.245877546992501,0.24887017600556,0.264262059485897,0.27596565739088
1926,1925,1925,0.962981490745373,1,2.44269385299344,2.76614118383416,0.246817503190644,2.44269385299344,0.232915686156879,0.245440778487876,0.248428091496629,0.261438867336194,0.273017432136565
1927,1926,1926,0.963481740870435,1,2.41109294075477,2.73713402282817,0.24385541947895,2.41109294075477,0.229902476724909,0.242488579086484,0.245439960235297,0.258596324098738,0.270048998776465
1928,1927,1927,0.963981990995498,1,2.41199235586937,2.73804941959901,0.243948895771375,2.41199235586937,0.229988237733519,0.241992151123598,0.244937490139882,0.256105698152467,0.267448068367028
1929,1928,1928,0.96448224112056,1,2.3476245376165,2.6788742658919,0.237906189320489,2.3476245376165,0.223850639058836,0.236626648495306,0.239506682814063,0.253183840703892,0.264396808140089
1930,1929,1929,0.964982491245623,1,2.36259255387868,2.69274241006437,0.23932234321284,2.36259255387868,0.225277868989366,0.237179076732834,0.240065834775622,0.250783126108234,0.261889771061487
1931,1930,1930,0.965482741370685,1,2.32409497019291,2.65738558840419,0.235711860080235,2.32409497019291,0.22160704830565,0.23378942916473,0.236634931070955,0.248234071566708,0.259227824380054
1932,1931,1931,0.965982991495748,1,2.32488674856667,2.65820188566252,0.235795216766272,2.32488674856667,0.221682545938308,0.233343552936572,0.236183627986408,0.246000493772188,0.256895326231823
1933,1932,1932,0.96648324162081,1,2.22045295740979,2.56213859922762,0.225985656431089,2.22045295740979,0.211724577568486,0.224997246297398,0.227735736636854,0.242850006650969,0.253605310816065
1934,1933,1933,0.966983491745873,1,2.22300804993651,2.56457835304524,0.226234793361181,2.22300804993651,0.211968210690306,0.224564532084332,0.227297755765144,0.240107185465974,0.250741015983521
1935,1934,1934,0.967483741870935,1,2.14628637610235,2.4940291921357,0.219030623316389,2.14628637610235,0.204652647472144,0.21821364420082,0.220869569846201,0.236823154276201,0.247311542119808
1936,1935,1935,0.967983991995998,1,3.15990341057374,3.42733831981932,0.314336046846672,3.15990341057374,0.301303034828254,0.294271914126131,0.297853561489684,0.24544046825369,0.256310498388323
1937,1936,1936,0.968484242121061,1,2.06371138035411,2.41817828557576,0.211285062322259,2.06371138035411,0.196778958442087,0.213039007150485,0.215631951164732,0.240580249088209,0.251235030575521
1938,1937,1937,0.968984492246123,1,2.1742159354039,2.52000546999406,0.22168320657053,2.1742159354039,0.207315786146198,0.22043401792555,0.223116968221656,0.237558314413811,0.248079260917798
1939,1938,1938,0.969484742371186,1,2.1210304850966,2.47112575261582,0.216691824799374,2.1210304850966,0.202244448353822,0.215808540966318,0.218435193578001,0.234295848396687,0.244672307301821
1940,1939,1939,0.969984992496248,1,1.98062364703871,2.34194262826042,0.203500212273079,1.98062364703871,0.188856378871724,0.204533997807326,0.207023425506123,0.229831570808283,0.240010316466451
1941,1940,1940,0.970485242621311,1,2.93268376961893,3.2185772420967,0.293018283697422,2.93268376961893,0.279637193029678,0.275697559385884,0.279053134244751,0.236711469094923,0.247194910642205
1942,1941,1941,0.970985492746373,1,1.8927677275739,2.26122965544168,0.195258158455422,1.8927677275739,0.180479143329082,0.198376165289103,0.20079064467124,0.23096117352405,0.241189946855519
1943,1942,1942,0.971485742871436,1,1.80045321263626,2.17632440255337,0.18658800743424,1.80045321263626,0.171676771896989,0.190243708214164,0.1925592056954,0.224853553727567,0.234811833722257
1944,1943,1943,0.971985992996498,1,1.80133383641887,2.17722249843024,0.186679717035461,1.80133383641887,0.171760741114957,0.189092842801706,0.191394332850114,0.219489447088688,0.229210162344258
1945,1944,1944,0.972486243121561,1,1.71015276820736,2.09336079272782,0.178116128463496,1.71015276820736,0.163066446068128,0.181123403350156,0.183327895620555,0.213734540527908,0.223200383356846
1946,1945,1945,0.972986493246623,1,2.77736313612192,3.07601248853311,0.278460198047289,2.77736313612192,0.264827063679681,0.26074346951475,0.26391703489874,0.220785879875934,0.230564011349642
1947,1946,1946,0.973486743371686,1,2.69713177553101,3.002232012332,0.270926060295884,2.69713177553101,0.257176844893387,0.25608579882102,0.259202674683653,0.226080867717697,0.236093502807748
1948,1947,1947,0.973986993496748,1,1.62106453403783,2.01160056541213,0.169767133622319,1.62106453403783,0.154571706883079,0.175711481082661,0.177850103672025,0.218525459722442,0.228203482052127
1949,1948,1948,0.974487243621811,1,1.53516536529231,1.93260182432616,0.161700129610215,1.53516536529231,0.14638105138847,0.16770351825505,0.16974467419003,0.210902168502333,0.220242571669712
1950,1949,1949,0.974987493746873,1,2.62675117511517,2.93769561928044,0.26433588766127,2.62675117511517,0.250465915556951,0.248794653592971,0.25182278734387,0.216586041265929,0.226178170925933
1951,1950,1950,0.975487743871936,1,2.5138706975251,2.83385559693538,0.253732201256154,2.5138706975251,0.239702538943305,0.241392587448612,0.244330629045221,0.220307023193331,0.230063947135098
1952,1951,1951,0.975987993996999,1,1.40859841630701,1.81633551350905,0.149827525275753,1.40859841630701,0.134312642679959,0.158493215950741,0.160422271296497,0.211034952106942,0.220381235974411
1953,1952,1952,0.976488244122061,1,1.33618661698287,1.7497543886022,0.143028553616579,1.33618661698287,0.127408034513542,0.151162651628589,0.153002485084258,0.202054107035189,0.21100264860181
1954,1953,1953,0.976988494247124,1,1.33847453449353,1.75194815844041,0.143252571744503,1.33847453449353,0.127626191969586,0.14954364588142,0.151363774066598,0.194177537862124,0.202777243130974
1955,1954,1954,0.977488744372186,1,1.79142701857843,2.16906194999724,0.185846397718658,1.79142701857843,0.170816106455928,0.182252023805396,0.184470252760419,0.192388710753615,0.200909192719504
1956,1955,1955,0.977988994497249,1,1.27173678875067,1.6906783674231,0.136995970143479,1.27173678875067,0.121262616025261,0.14256784432413,0.144303068513863,0.184915580789192,0.193105093911633
1957,1956,1956,0.978489244622311,1,1.15622668350824,1.5844172868375,0.12614505591838,1.15622668350824,0.110248499218268,0.132335366047503,0.133946048522303,0.177028548577939,0.184868762017165
1958,1957,1957,0.978989494747374,1,1.1583587563918,1.58646757289452,0.126354422113595,1.1583587563918,0.110451796581137,0.130923328470103,0.132516824728946,0.170112765561763,0.177646693854431
1959,1958,1958,0.979489744872436,1,2.25490566655243,2.59612897758021,0.229456604382588,2.25490566655243,0.215009711470995,0.212531424099365,0.215118190210083,0.176475564342404,0.184291287299897
1960,1959,1959,0.979989994997499,1,1.11100335620343,1.54304281304875,0.121920076615365,1.11100335620343,0.105936365589001,0.127236875301545,0.128785502938415,0.169089760986275,0.176578382607869
1961,1960,1960,0.980490245122561,1,1.07143641410705,1.50670144934141,0.118209056378809,1.07143641410705,0.102163579467557,0.122769280381364,0.124263531950389,0.162141688895538,0.16932259535695
1962,1961,1961,0.980990495247624,1,1.07346679480939,1.50865810895169,0.118408861853041,1.07346679480939,0.102357180279982,0.12153733871097,0.123016596050427,0.156051036367853,0.162962200936305
1963,1962,1962,0.981490745372686,1,1.03326016986163,1.47172779895864,0.114637701011908,1.03326016986163,0.0985233991345132,0.117280362426009,0.118707807182764,0.150235435276576,0.156889039388259
1964,1963,1963,0.981990995497749,1,1.03397374884331,1.47247209922438,0.114713705681697,1.03397374884331,0.0985914403005977,0.116175258717288,0.117589253016847,0.145126408792683,0.151553745116361
1965,1964,1964,0.982491245622811,1,1.74873172646773,2.13062623236213,0.181921511269732,1.74873172646773,0.166745025978345,0.169250720922337,0.171310708196933,0.148745055612131,0.155332654015873
1966,1965,1965,0.982991495747874,1,1.74991565388534,2.13180357528915,0.182041736351617,1.74991565388534,0.166857915797302,0.17006806300971,0.172137998332325,0.151943506721768,0.158672757641874
1967,1966,1966,0.983491745872936,1,1.75104877895881,2.13293414526951,0.182157185185892,1.75104877895881,0.16696596151235,0.170797521207327,0.172876334924056,0.154771608894602,0.161626110373678
1968,1967,1967,0.983991995997999,1,1.75132328943893,2.13327420183448,0.182191910266775,1.75132328943893,0.16699213662912,0.171387929219161,0.173473928920001,0.157264056943286,0.164228943582523
1969,1968,1968,0.984492246123062,1,1.74850087426995,2.13076296599064,0.181935473906537,1.74850087426995,0.166723013765075,0.171676829464375,0.173766345432829,0.159425972821449,0.166486606062342
1970,1969,1969,0.984992496248124,1,1.74958118868741,2.1318449140021,0.182045957679181,1.74958118868741,0.166826023879707,0.172194983877819,0.174290806416148,0.161341324479905,0.168486784523786
1971,1970,1970,0.985492746373187,1,0.918425224096982,1.36669955999626,0.103912679151474,0.918425224096982,0.087573660117983,0.109679751555438,0.111014687626929,0.153592088541235,0.160394351602267
1972,1971,1971,0.985992996498249,1,0.919075773503476,1.36738582988943,0.103982758014827,0.919075773503476,0.0876356912895138,0.108183150766249,0.10949987138457,0.146780747874987,0.153281351316372
1973,1972,1972,0.986493246623312,1,1.75042321169564,2.13288210860268,0.182151871430326,1.75042321169564,0.166906312437555,0.169741701071788,0.171807664172392,0.150224890854507,0.156878027976429
1974,1973,1973,0.986993496748374,1,0.897967198735255,1.3481261235693,0.102016041507442,0.897967198735255,0.0856229469704053,0.105920228288892,0.107209406386382,0.143579191469665,0.149938004867822
1975,1974,1974,0.987493746873437,1,2.0493848986267,2.40830623097861,0.210276971522986,2.0493848986267,0.195412900097253,0.191734990513315,0.194068638715225,0.150802561326212,0.15748128223014
1976,1975,1975,0.987993996998499,1,2.04972731514903,2.40870880760527,0.210318080877614,2.04972731514903,0.195445550189344,0.193209591226439,0.195561187113815,0.157163615811246,0.164124054128901
1977,1976,1976,0.988494247123562,1,0.83797332585368,1.29315263280415,0.0964023903977454,0.83797332585368,0.0799024126307063,0.102779643261982,0.104030596617178,0.149006019928857,0.155605175880573
1978,1977,1977,0.988994497248624,1,0.839707600866,1.2948366724029,0.0965743571153525,0.839707600866,0.0800677791804211,0.101283387400827,0.102516129501048,0.141847625049652,0.148129751097514
1979,1978,1978,0.989494747373687,1,2.00047068879562,2.36362093664052,0.205713905786089,2.00047068879562,0.190748833525151,0.187702874347473,0.189987446788014,0.148725912444325,0.155312663038362
1980,1979,1979,0.989994997498749,1,2.0007775589846,2.36399078629796,0.205751673206549,2.0007775589846,0.19077809420411,0.189105768403251,0.191407415771962,0.154782890838164,0.161637891970241
1981,1980,1980,0.990495247623812,1,0.823258601230456,1.27995428507267,0.0950546331722574,0.823258601230456,0.0784993345585083,0.101205930190627,0.102437729542323,0.146746346741034,0.153245426630229
1982,1981,1981,0.990995497748874,1,0.824892538999425,1.28154594569539,0.0952171665551053,0.824892538999425,0.0786551337537823,0.0997262911118279,0.100940081455015,0.139693338396653,0.145880055724822
1983,1982,1982,0.991495747873937,1,1.98837285496947,2.35283192052038,0.204612178908781,1.98837285496947,0.189595281161978,0.186372496594974,0.188640876719018,0.146695212126401,0.15319202737356
1984,1983,1983,0.991995997999,1,0.821816915833047,1.2788889040293,0.0949458411455348,0.821816915833047,0.0783618670067935,0.0994913243931486,0.100702254905383,0.139614628966413,0.145797860423305
1985,1984,1984,0.992496248124062,1,1.76554015836684,2.14784787902797,0.183680110088379,1.76554015836684,0.168347743176902,0.169500685444969,0.171563715092046,0.144097537438196,0.150479307263785
1986,1985,1985,0.992996498249125,1,1.76631997176699,2.14865316031683,0.18376234187206,1.76631997176699,0.16842209992568,0.170460296304055,0.172535005583263,0.148051951268075,0.154608853572025
1987,1986,1986,0.993496748374187,1,1.77034726516978,2.15244834712116,0.184149889657713,1.77034726516978,0.168806110310411,0.17155997920823,0.173648072966844,0.151578155459098,0.158291225758041
1988,1987,1987,0.99399699849925,1,0.807163305212655,1.26574682303201,0.093603829631489,0.807163305212655,0.0769646162755397,0.0993749701224286,0.10058448446157,0.143747677658598,0.150113952947469
1989,1988,1988,0.994497248624312,1,1.96638783241887,2.33311455777937,0.202598728540417,1.96638783241887,0.187498965814775,0.185543601410079,0.187801892870845,0.15001706622132,0.15666099923749
1990,1989,1989,0.994997498749375,1,0.799298786604156,1.25868071806645,0.0928822700683422,0.799298786604156,0.0762147188842856,0.0984755863845179,0.0996741541288975,0.1422858442458,0.148587378078782
1991,1990,1990,0.995497748874437,1,0.799637337086096,1.25907973528844,0.0929230159522193,0.799637337086096,0.0762470003417852,0.0969589761472834,0.0981390848991564,0.135486814031022,0.14148723344776
1992,1991,1991,0.9959979989995,1,0.799908215206022,1.25941644759455,0.0929573995320953,0.799908215206022,0.076272829105832,0.0956236827826885,0.0967875393890822,0.129507344343772,0.135242945916281
1993,1992,1992,0.996498249124562,1,1.77396788735384,2.15630571258695,0.18454378685482,1.77396788735384,0.169151343790768,0.168149143280192,0.170195723014115,0.135303614184235,0.141295920074017
1994,1993,1993,0.996998499249625,1,1.77460885675238,2.1569831623123,0.184612965041424,1.77460885675238,0.169212461489608,0.169360918626851,0.171422247141636,0.140412209850628,0.146630764448434
1995,1994,1994,0.997498749374687,1,1.78005854573111,2.16208792711994,0.185134241173398,1.78005854573111,0.169732100103455,0.170799085534364,0.172877918290857,0.144970241203188,0.151390661200411
1996,1995,1995,0.99799899949975,1,0.790157353564358,1.25078825311867,0.0920763262580493,0.790157353564358,0.0753430651785573,0.0967984678692548,0.097976623040024,0.137744475203098,0.143844881574509
1997,1996,1996,0.998499249624812,1,0.781515289291461,1.24291895473411,0.0912727481153095,0.781515289291461,0.07451902727161,0.0947032912375724,0.0958559455586212,0.131288297608269,0.137102773768132
1998,1997,1997,0.998999499749875,1,0.782610069208988,1.24401422091178,0.0913845918805156,0.782610069208988,0.0746234167002603,0.093498921712977,0.0946369173910312,0.125619891223975,0.131183325863868
1999,1998,1998,0.999499749874938,1,0.786764018142726,1.2479260175398,0.091784047348526,0.786764018142726,0.0750195039401641,0.0926836259306892,0.093811698466748,0.120679451429982,0.126024084623556
2000,1999,1999,1,1,1.78513659798422,2.16719980737956,0.185656243904035,1.78513659798422,0.170216302421083,0.167256905890191,0.169292626009104,0.127666069599014,0.133320125075624
